{"type":"FeatureCollection","name":"NEI 2020 NOx point sources","features":[{"type":"Feature","geometry":{"type":"Point","coordinates":[-81.5623,31.8892]},"properties":{"pollutant":"NOx","source_type":"airports","emissions_tpy":107.8583,"unit":"tons/year"}},{"type":"Feature","geometry":{"type":"Point","coordinates":[-85.07261,33.00885]},"properties":{"pollutant":"NOx","source_type":"airports","emissions_tpy":0.000121078,"unit":"tons/year"}},{"type":"Feature","geometry":{"type":"Point","coordinates":[-85.07261,33.00885]},"properties":{"pollutant":"NOx","source_type":"airports","emissions_tpy":0.00014405,"unit":"tons/year"}},{"type":"Feature","geometry":{"type":"Point","coordinates":[-85.07261,33.00885]},"properties":{"pollutant":"NOx","source_type":"airports","emissions_tpy":0.00012961,"unit":"tons/year"}},{"type":"Feature","geometry":{"type":"Point","coordinates":[-83.27592,32.39936]},"properties":{"pollutant":"NOx","source_type":"airports","emissions_tpy":2.233323,"unit":"tons/year"}},{"type":"Feature","geometry":{"type":"Point","coordinates":[-83.59185,32.64014]},"properties":{"pollutant":"NOx","source_type":"airports","emissions_tpy":264.3919,"unit":"tons/year"}},{"type":"Feature","geometry":{"type":"Point","coordinates":[-83.193,30.9678]},"properties":{"pollutant":"NOx","source_type":"airports","emissions_tpy":448.8532,"unit":"tons/year"}},{"type":"Feature","geometry":{"type":"Point","coordinates":[-84.9518,33.9192]},"properties":{"pollutant":"NOx","source_type":"airports","emissions_tpy":2.791654,"unit":"tons/year"}},{"type":"Feature","geometry":{"type":"Point","coordinates":[-83.63211,31.68546]},"properties":{"pollutant":"NOx","source_type":"airports","emissions_tpy":0.5583307,"unit":"tons/year"}},{"type":"Feature","geometry":{"type":"Point","coordinates":[-85.07261,33.00885]},"properties":{"pollutant":"NOx","source_type":"airports","emissions_tpy":0.004687981,"unit":"tons/year"}},{"type":"Feature","geometry":{"type":"Point","coordinates":[-84.6055,34.0134]},"properties":{"pollutant":"NOx","source_type":"airports","emissions_tpy":0.006963458,"unit":"tons/year"}},{"type":"Feature","geometry":{"type":"Point","coordinates":[-84.6055,34.0134]},"properties":{"pollutant":"NOx","source_type":"airports","emissions_tpy":0.001375099,"unit":"tons/year"}},{"type":"Feature","geometry":{"type":"Point","coordinates":[-84.6055,34.0134]},"properties":{"pollutant":"NOx","source_type":"airports","emissions_tpy":0.001659649,"unit":"tons/year"}},{"type":"Feature","geometry":{"type":"Point","coordinates":[-81.2024,32.1166]},"properties":{"pollutant":"NOx","source_type":"airports","emissions_tpy":36.64478,"unit":"tons/year"}},{"type":"Feature","geometry":{"type":"Point","coordinates":[-81.14567,32.00965]},"properties":{"pollutant":"NOx","source_type":"airports","emissions_tpy":0.1069494,"unit":"tons/year"}},{"type":"Feature","geometry":{"type":"Point","coordinates":[-83.3255,33.9429]},"properties":{"pollutant":"NOx","source_type":"airports","emissions_tpy":0.2338897,"unit":"tons/year"}},{"type":"Feature","geometry":{"type":"Point","coordinates":[-83.651,32.6982]},"properties":{"pollutant":"NOx","source_type":"airports","emissions_tpy":0.2411083,"unit":"tons/year"}},{"type":"Feature","geometry":{"type":"Point","coordinates":[-84.88244,32.84069]},"properties":{"pollutant":"NOx","source_type":"airports","emissions_tpy":0.5335321,"unit":"tons/year"}},{"type":"Feature","geometry":{"type":"Point","coordinates":[-84.88244,32.84069]},"properties":{"pollutant":"NOx","source_type":"airports","emissions_tpy":0.15288,"unit":"tons/year"}},{"type":"Feature","geometry":{"type":"Point","coordinates":[-81.46631,31.25903]},"properties":{"pollutant":"NOx","source_type":"airports","emissions_tpy":10.09364,"unit":"tons/year"}},{"type":"Feature","geometry":{"type":"Point","coordinates":[-83.2852,30.7779]},"properties":{"pollutant":"NOx","source_type":"airports","emissions_tpy":0.065016,"unit":"tons/year"}},{"type":"Feature","geometry":{"type":"Point","coordinates":[-84.3058,33.8691]},"properties":{"pollutant":"NOx","source_type":"airports","emissions_tpy":0.157896,"unit":"tons/year"}},{"type":"Feature","geometry":{"type":"Point","coordinates":[-84.93886,32.51633]},"properties":{"pollutant":"NOx","source_type":"airports","emissions_tpy":0.6942163,"unit":"tons/year"}},{"type":"Feature","geometry":{"type":"Point","coordinates":[-84.1999,31.5297]},"properties":{"pollutant":"NOx","source_type":"airports","emissions_tpy":8.23934,"unit":"tons/year"}},{"type":"Feature","geometry":{"type":"Point","coordinates":[-84.45737,34.45337]},"properties":{"pollutant":"NOx","source_type":"airports","emissions_tpy":2.791654,"unit":"tons/year"}},{"type":"Feature","geometry":{"type":"Point","coordinates":[-81.9722,33.3821]},"properties":{"pollutant":"NOx","source_type":"airports","emissions_tpy":7.503045,"unit":"tons/year"}},{"type":"Feature","geometry":{"type":"Point","coordinates":[-84.4387,33.6442]},"properties":{"pollutant":"NOx","source_type":"airports","emissions_tpy":0,"unit":"tons/year"}},{"type":"Feature","geometry":{"type":"Point","coordinates":[-84.4387,33.6442]},"properties":{"pollutant":"NOx","source_type":"airports","emissions_tpy":2911.698,"unit":"tons/year"}},{"type":"Feature","geometry":{"type":"Point","coordinates":[-83.45308,31.13781]},"properties":{"pollutant":"NOx","source_type":"airports","emissions_tpy":20.09991,"unit":"tons/year"}},{"type":"Feature","geometry":{"type":"Point","coordinates":[-84.7339,33.8842]},"properties":{"pollutant":"NOx","source_type":"airports","emissions_tpy":0.003835,"unit":"tons/year"}},{"type":"Feature","geometry":{"type":"Point","coordinates":[-84.7339,33.8842]},"properties":{"pollutant":"NOx","source_type":"airports","emissions_tpy":0.01343543,"unit":"tons/year"}},{"type":"Feature","geometry":{"type":"Point","coordinates":[-84.8008,33.7821]},"properties":{"pollutant":"NOx","source_type":"airports","emissions_tpy":0.0200722,"unit":"tons/year"}},{"type":"Feature","geometry":{"type":"Point","coordinates":[-84.8008,33.7821]},"properties":{"pollutant":"NOx","source_type":"airports","emissions_tpy":0.00572,"unit":"tons/year"}},{"type":"Feature","geometry":{"type":"Point","coordinates":[-83.4471,31.6655]},"properties":{"pollutant":"NOx","source_type":"airports","emissions_tpy":0.003399325,"unit":"tons/year"}},{"type":"Feature","geometry":{"type":"Point","coordinates":[-83.4471,31.6655]},"properties":{"pollutant":"NOx","source_type":"airports","emissions_tpy":0.0009425,"unit":"tons/year"}},{"type":"Feature","geometry":{"type":"Point","coordinates":[-81.329,31.6394]},"properties":{"pollutant":"NOx","source_type":"airports","emissions_tpy":0.00143,"unit":"tons/year"}},{"type":"Feature","geometry":{"type":"Point","coordinates":[-81.329,31.6394]},"properties":{"pollutant":"NOx","source_type":"airports","emissions_tpy":0.005018051,"unit":"tons/year"}},{"type":"Feature","geometry":{"type":"Point","coordinates":[-84.8851,33.7566]},"properties":{"pollutant":"NOx","source_type":"airports","emissions_tpy":0.0114725,"unit":"tons/year"}},{"type":"Feature","geometry":{"type":"Point","coordinates":[-84.8851,33.7566]},"properties":{"pollutant":"NOx","source_type":"airports","emissions_tpy":0.03998254,"unit":"tons/year"}},{"type":"Feature","geometry":{"type":"Point","coordinates":[-84.1813,34.459]},"properties":{"pollutant":"NOx","source_type":"airports","emissions_tpy":0.01667288,"unit":"tons/year"}},{"type":"Feature","geometry":{"type":"Point","coordinates":[-84.1813,34.459]},"properties":{"pollutant":"NOx","source_type":"airports","emissions_tpy":0.0047775,"unit":"tons/year"}},{"type":"Feature","geometry":{"type":"Point","coordinates":[-83.2867,34.26]},"properties":{"pollutant":"NOx","source_type":"airports","emissions_tpy":0.001618726,"unit":"tons/year"}},{"type":"Feature","geometry":{"type":"Point","coordinates":[-83.2867,34.26]},"properties":{"pollutant":"NOx","source_type":"airports","emissions_tpy":0.0004875,"unit":"tons/year"}},{"type":"Feature","geometry":{"type":"Point","coordinates":[-82.479,33.8435]},"properties":{"pollutant":"NOx","source_type":"airports","emissions_tpy":0.0100361,"unit":"tons/year"}},{"type":"Feature","geometry":{"type":"Point","coordinates":[-82.479,33.8435]},"properties":{"pollutant":"NOx","source_type":"airports","emissions_tpy":0.00286,"unit":"tons/year"}},{"type":"Feature","geometry":{"type":"Point","coordinates":[-82.0282,30.7964]},"properties":{"pollutant":"NOx","source_type":"airports","emissions_tpy":0.0305825,"unit":"tons/year"}},{"type":"Feature","geometry":{"type":"Point","coordinates":[-82.0282,30.7964]},"properties":{"pollutant":"NOx","source_type":"airports","emissions_tpy":0.1066741,"unit":"tons/year"}},{"type":"Feature","geometry":{"type":"Point","coordinates":[-84.4008,33.3329]},"properties":{"pollutant":"NOx","source_type":"airports","emissions_tpy":0.01667288,"unit":"tons/year"}},{"type":"Feature","geometry":{"type":"Point","coordinates":[-84.4008,33.3329]},"properties":{"pollutant":"NOx","source_type":"airports","emissions_tpy":0.0047775,"unit":"tons/year"}},{"type":"Feature","geometry":{"type":"Point","coordinates":[-84.1791,33.5356]},"properties":{"pollutant":"NOx","source_type":"airports","emissions_tpy":0.047775,"unit":"tons/year"}},{"type":"Feature","geometry":{"type":"Point","coordinates":[-84.1791,33.5356]},"properties":{"pollutant":"NOx","source_type":"airports","emissions_tpy":0.1667288,"unit":"tons/year"}},{"type":"Feature","geometry":{"type":"Point","coordinates":[-82.5634,32.3874]},"properties":{"pollutant":"NOx","source_type":"airports","emissions_tpy":0.0200722,"unit":"tons/year"}},{"type":"Feature","geometry":{"type":"Point","coordinates":[-82.5634,32.3874]},"properties":{"pollutant":"NOx","source_type":"airports","emissions_tpy":0.00572,"unit":"tons/year"}},{"type":"Feature","geometry":{"type":"Point","coordinates":[-83.4385,32.2835]},"properties":{"pollutant":"NOx","source_type":"airports","emissions_tpy":0.047775,"unit":"tons/year"}},{"type":"Feature","geometry":{"type":"Point","coordinates":[-83.4385,32.2835]},"properties":{"pollutant":"NOx","source_type":"airports","emissions_tpy":0.1667288,"unit":"tons/year"}},{"type":"Feature","geometry":{"type":"Point","coordinates":[-83.6768,32.5606]},"properties":{"pollutant":"NOx","source_type":"airports","emissions_tpy":0.01911,"unit":"tons/year"}},{"type":"Feature","geometry":{"type":"Point","coordinates":[-83.6768,32.5606]},"properties":{"pollutant":"NOx","source_type":"airports","emissions_tpy":0.06669152,"unit":"tons/year"}},{"type":"Feature","geometry":{"type":"Point","coordinates":[-81.3198,32.3485]},"properties":{"pollutant":"NOx","source_type":"airports","emissions_tpy":3.25E-5,"unit":"tons/year"}},{"type":"Feature","geometry":{"type":"Point","coordinates":[-84.3725,32.0887]},"properties":{"pollutant":"NOx","source_type":"airports","emissions_tpy":0.017485,"unit":"tons/year"}},{"type":"Feature","geometry":{"type":"Point","coordinates":[-84.3725,32.0887]},"properties":{"pollutant":"NOx","source_type":"airports","emissions_tpy":0.06102598,"unit":"tons/year"}},{"type":"Feature","geometry":{"type":"Point","coordinates":[-84.5037,32.2828]},"properties":{"pollutant":"NOx","source_type":"airports","emissions_tpy":0.0114725,"unit":"tons/year"}},{"type":"Feature","geometry":{"type":"Point","coordinates":[-84.5037,32.2828]},"properties":{"pollutant":"NOx","source_type":"airports","emissions_tpy":0.03998254,"unit":"tons/year"}},{"type":"Feature","geometry":{"type":"Point","coordinates":[-84.4108,33.2768]},"properties":{"pollutant":"NOx","source_type":"airports","emissions_tpy":0.00689,"unit":"tons/year"}},{"type":"Feature","geometry":{"type":"Point","coordinates":[-84.4108,33.2768]},"properties":{"pollutant":"NOx","source_type":"airports","emissions_tpy":0.02395715,"unit":"tons/year"}},{"type":"Feature","geometry":{"type":"Point","coordinates":[-84.02,34.5831]},"properties":{"pollutant":"NOx","source_type":"airports","emissions_tpy":0.186801,"unit":"tons/year"}},{"type":"Feature","geometry":{"type":"Point","coordinates":[-84.02,34.5831]},"properties":{"pollutant":"NOx","source_type":"airports","emissions_tpy":0.053495,"unit":"tons/year"}},{"type":"Feature","geometry":{"type":"Point","coordinates":[-84.1652,33.3657]},"properties":{"pollutant":"NOx","source_type":"airports","emissions_tpy":0.0325364,"unit":"tons/year"}},{"type":"Feature","geometry":{"type":"Point","coordinates":[-84.1652,33.3657]},"properties":{"pollutant":"NOx","source_type":"airports","emissions_tpy":0.0093275,"unit":"tons/year"}},{"type":"Feature","geometry":{"type":"Point","coordinates":[-83.7269,33.3325]},"properties":{"pollutant":"NOx","source_type":"airports","emissions_tpy":0.0011375,"unit":"tons/year"}},{"type":"Feature","geometry":{"type":"Point","coordinates":[-83.7269,33.3325]},"properties":{"pollutant":"NOx","source_type":"airports","emissions_tpy":0.004046815,"unit":"tons/year"}},{"type":"Feature","geometry":{"type":"Point","coordinates":[-84.3583,33.0835]},"properties":{"pollutant":"NOx","source_type":"airports","emissions_tpy":0.0833644,"unit":"tons/year"}},{"type":"Feature","geometry":{"type":"Point","coordinates":[-84.3583,33.0835]},"properties":{"pollutant":"NOx","source_type":"airports","emissions_tpy":0.0238875,"unit":"tons/year"}},{"type":"Feature","geometry":{"type":"Point","coordinates":[-84.3716,33.1835]},"properties":{"pollutant":"NOx","source_type":"airports","emissions_tpy":0.1167102,"unit":"tons/year"}},{"type":"Feature","geometry":{"type":"Point","coordinates":[-84.3716,33.1835]},"properties":{"pollutant":"NOx","source_type":"airports","emissions_tpy":0.0334425,"unit":"tons/year"}},{"type":"Feature","geometry":{"type":"Point","coordinates":[-83.5929,34.7681]},"properties":{"pollutant":"NOx","source_type":"airports","emissions_tpy":0.08676372,"unit":"tons/year"}},{"type":"Feature","geometry":{"type":"Point","coordinates":[-83.5929,34.7681]},"properties":{"pollutant":"NOx","source_type":"airports","emissions_tpy":0.02483,"unit":"tons/year"}},{"type":"Feature","geometry":{"type":"Point","coordinates":[-84.0956,32.9839]},"properties":{"pollutant":"NOx","source_type":"airports","emissions_tpy":0.0017225,"unit":"tons/year"}},{"type":"Feature","geometry":{"type":"Point","coordinates":[-84.0956,32.9839]},"properties":{"pollutant":"NOx","source_type":"airports","emissions_tpy":0.005989287,"unit":"tons/year"}},{"type":"Feature","geometry":{"type":"Point","coordinates":[-81.9953,33.2211]},"properties":{"pollutant":"NOx","source_type":"airports","emissions_tpy":0.000455,"unit":"tons/year"}},{"type":"Feature","geometry":{"type":"Point","coordinates":[-81.9953,33.2211]},"properties":{"pollutant":"NOx","source_type":"airports","emissions_tpy":0.001456854,"unit":"tons/year"}},{"type":"Feature","geometry":{"type":"Point","coordinates":[-81.5623,31.8892]},"properties":{"pollutant":"NOx","source_type":"airports","emissions_tpy":0.1050553,"unit":"tons/year"}},{"type":"Feature","geometry":{"type":"Point","coordinates":[-81.5623,31.8892]},"properties":{"pollutant":"NOx","source_type":"airports","emissions_tpy":0.0301275,"unit":"tons/year"}},{"type":"Feature","geometry":{"type":"Point","coordinates":[-84.9913,32.3373]},"properties":{"pollutant":"NOx","source_type":"airports","emissions_tpy":0.001726912,"unit":"tons/year"}},{"type":"Feature","geometry":{"type":"Point","coordinates":[-84.9913,32.3373]},"properties":{"pollutant":"NOx","source_type":"airports","emissions_tpy":0.04066951,"unit":"tons/year"}},{"type":"Feature","geometry":{"type":"Point","coordinates":[-84.9913,32.3373]},"properties":{"pollutant":"NOx","source_type":"airports","emissions_tpy":0.000921267,"unit":"tons/year"}},{"type":"Feature","geometry":{"type":"Point","coordinates":[-84.9913,32.3373]},"properties":{"pollutant":"NOx","source_type":"airports","emissions_tpy":0.001008349,"unit":"tons/year"}},{"type":"Feature","geometry":{"type":"Point","coordinates":[-84.5163,33.9153]},"properties":{"pollutant":"NOx","source_type":"airports","emissions_tpy":0.001757446,"unit":"tons/year"}},{"type":"Feature","geometry":{"type":"Point","coordinates":[-84.5163,33.9153]},"properties":{"pollutant":"NOx","source_type":"airports","emissions_tpy":0.08112,"unit":"tons/year"}},{"type":"Feature","geometry":{"type":"Point","coordinates":[-84.5163,33.9153]},"properties":{"pollutant":"NOx","source_type":"airports","emissions_tpy":0.001814535,"unit":"tons/year"}},{"type":"Feature","geometry":{"type":"Point","coordinates":[-84.5163,33.9153]},"properties":{"pollutant":"NOx","source_type":"airports","emissions_tpy":0.002016698,"unit":"tons/year"}},{"type":"Feature","geometry":{"type":"Point","coordinates":[-83.7041,31.1377]},"properties":{"pollutant":"NOx","source_type":"airports","emissions_tpy":0.0716625,"unit":"tons/year"}},{"type":"Feature","geometry":{"type":"Point","coordinates":[-83.7041,31.1377]},"properties":{"pollutant":"NOx","source_type":"airports","emissions_tpy":0.2500932,"unit":"tons/year"}},{"type":"Feature","geometry":{"type":"Point","coordinates":[-84.9518,33.9192]},"properties":{"pollutant":"NOx","source_type":"airports","emissions_tpy":0.0907725,"unit":"tons/year"}},{"type":"Feature","geometry":{"type":"Point","coordinates":[-84.9518,33.9192]},"properties":{"pollutant":"NOx","source_type":"airports","emissions_tpy":0.3167847,"unit":"tons/year"}},{"type":"Feature","geometry":{"type":"Point","coordinates":[-83.193,30.9678]},"properties":{"pollutant":"NOx","source_type":"airports","emissions_tpy":0.000241814,"unit":"tons/year"}},{"type":"Feature","geometry":{"type":"Point","coordinates":[-83.193,30.9678]},"properties":{"pollutant":"NOx","source_type":"airports","emissions_tpy":0.005356786,"unit":"tons/year"}},{"type":"Feature","geometry":{"type":"Point","coordinates":[-83.193,30.9678]},"properties":{"pollutant":"NOx","source_type":"airports","emissions_tpy":0.00014405,"unit":"tons/year"}},{"type":"Feature","geometry":{"type":"Point","coordinates":[-83.193,30.9678]},"properties":{"pollutant":"NOx","source_type":"airports","emissions_tpy":0.00012961,"unit":"tons/year"}},{"type":"Feature","geometry":{"type":"Point","coordinates":[-82.88003,32.09578]},"properties":{"pollutant":"NOx","source_type":"airports","emissions_tpy":0.0525525,"unit":"tons/year"}},{"type":"Feature","geometry":{"type":"Point","coordinates":[-82.88003,32.09578]},"properties":{"pollutant":"NOx","source_type":"airports","emissions_tpy":0.1834017,"unit":"tons/year"}},{"type":"Feature","geometry":{"type":"Point","coordinates":[-81.88278,31.55399]},"properties":{"pollutant":"NOx","source_type":"airports","emissions_tpy":0.05733,"unit":"tons/year"}},{"type":"Feature","geometry":{"type":"Point","coordinates":[-81.88278,31.55399]},"properties":{"pollutant":"NOx","source_type":"airports","emissions_tpy":0.2000746,"unit":"tons/year"}},{"type":"Feature","geometry":{"type":"Point","coordinates":[-82.83817,32.96672]},"properties":{"pollutant":"NOx","source_type":"airports","emissions_tpy":0.09555,"unit":"tons/year"}},{"type":"Feature","geometry":{"type":"Point","coordinates":[-82.83817,32.96672]},"properties":{"pollutant":"NOx","source_type":"airports","emissions_tpy":0.3334576,"unit":"tons/year"}},{"type":"Feature","geometry":{"type":"Point","coordinates":[-84.57183,33.35725]},"properties":{"pollutant":"NOx","source_type":"airports","emissions_tpy":2.517767,"unit":"tons/year"}},{"type":"Feature","geometry":{"type":"Point","coordinates":[-84.57183,33.35725]},"properties":{"pollutant":"NOx","source_type":"airports","emissions_tpy":0.72137,"unit":"tons/year"}},{"type":"Feature","geometry":{"type":"Point","coordinates":[-81.86956,32.19506]},"properties":{"pollutant":"NOx","source_type":"airports","emissions_tpy":0.133383,"unit":"tons/year"}},{"type":"Feature","geometry":{"type":"Point","coordinates":[-81.86956,32.19506]},"properties":{"pollutant":"NOx","source_type":"airports","emissions_tpy":0.03822,"unit":"tons/year"}},{"type":"Feature","geometry":{"type":"Point","coordinates":[-82.36866,32.60824]},"properties":{"pollutant":"NOx","source_type":"airports","emissions_tpy":0.1678655,"unit":"tons/year"}},{"type":"Feature","geometry":{"type":"Point","coordinates":[-82.36866,32.60824]},"properties":{"pollutant":"NOx","source_type":"airports","emissions_tpy":0.005293,"unit":"tons/year"}},{"type":"Feature","geometry":{"type":"Point","coordinates":[-82.36866,32.60824]},"properties":{"pollutant":"NOx","source_type":"airports","emissions_tpy":0.3167847,"unit":"tons/year"}},{"type":"Feature","geometry":{"type":"Point","coordinates":[-82.36866,32.60824]},"properties":{"pollutant":"NOx","source_type":"airports","emissions_tpy":0.0907725,"unit":"tons/year"}},{"type":"Feature","geometry":{"type":"Point","coordinates":[-82.81586,34.0952]},"properties":{"pollutant":"NOx","source_type":"airports","emissions_tpy":0.283439,"unit":"tons/year"}},{"type":"Feature","geometry":{"type":"Point","coordinates":[-82.81586,34.0952]},"properties":{"pollutant":"NOx","source_type":"airports","emissions_tpy":0.0812175,"unit":"tons/year"}},{"type":"Feature","geometry":{"type":"Point","coordinates":[-84.89526,31.39699]},"properties":{"pollutant":"NOx","source_type":"airports","emissions_tpy":0.0238875,"unit":"tons/year"}},{"type":"Feature","geometry":{"type":"Point","coordinates":[-84.89526,31.39699]},"properties":{"pollutant":"NOx","source_type":"airports","emissions_tpy":0.0833644,"unit":"tons/year"}},{"type":"Feature","geometry":{"type":"Point","coordinates":[-82.39531,31.24906]},"properties":{"pollutant":"NOx","source_type":"airports","emissions_tpy":0.5835508,"unit":"tons/year"}},{"type":"Feature","geometry":{"type":"Point","coordinates":[-82.39531,31.24906]},"properties":{"pollutant":"NOx","source_type":"airports","emissions_tpy":0.1672125,"unit":"tons/year"}},{"type":"Feature","geometry":{"type":"Point","coordinates":[-83.69355,33.7815]},"properties":{"pollutant":"NOx","source_type":"airports","emissions_tpy":0.124215,"unit":"tons/year"}},{"type":"Feature","geometry":{"type":"Point","coordinates":[-83.69355,33.7815]},"properties":{"pollutant":"NOx","source_type":"airports","emissions_tpy":0.4334949,"unit":"tons/year"}},{"type":"Feature","geometry":{"type":"Point","coordinates":[-85.29045,34.68856]},"properties":{"pollutant":"NOx","source_type":"airports","emissions_tpy":0.2217655,"unit":"tons/year"}},{"type":"Feature","geometry":{"type":"Point","coordinates":[-85.29045,34.68856]},"properties":{"pollutant":"NOx","source_type":"airports","emissions_tpy":0.0635375,"unit":"tons/year"}},{"type":"Feature","geometry":{"type":"Point","coordinates":[-84.26315,32.95459]},"properties":{"pollutant":"NOx","source_type":"airports","emissions_tpy":0.1552525,"unit":"tons/year"}},{"type":"Feature","geometry":{"type":"Point","coordinates":[-84.26315,32.95459]},"properties":{"pollutant":"NOx","source_type":"airports","emissions_tpy":0.5419495,"unit":"tons/year"}},{"type":"Feature","geometry":{"type":"Point","coordinates":[-83.99686,34.85509]},"properties":{"pollutant":"NOx","source_type":"airports","emissions_tpy":0.0348725,"unit":"tons/year"}},{"type":"Feature","geometry":{"type":"Point","coordinates":[-83.99686,34.85509]},"properties":{"pollutant":"NOx","source_type":"airports","emissions_tpy":0.1217282,"unit":"tons/year"}},{"type":"Feature","geometry":{"type":"Point","coordinates":[-83.63211,31.68546]},"properties":{"pollutant":"NOx","source_type":"airports","emissions_tpy":0.101656,"unit":"tons/year"}},{"type":"Feature","geometry":{"type":"Point","coordinates":[-83.63211,31.68546]},"properties":{"pollutant":"NOx","source_type":"airports","emissions_tpy":0.0291525,"unit":"tons/year"}},{"type":"Feature","geometry":{"type":"Point","coordinates":[-85.07261,33.00885]},"properties":{"pollutant":"NOx","source_type":"airports","emissions_tpy":0.5668779,"unit":"tons/year"}},{"type":"Feature","geometry":{"type":"Point","coordinates":[-85.07261,33.00885]},"properties":{"pollutant":"NOx","source_type":"airports","emissions_tpy":0.162435,"unit":"tons/year"}},{"type":"Feature","geometry":{"type":"Point","coordinates":[-84.1997,31.5412]},"properties":{"pollutant":"NOx","source_type":"airports","emissions_tpy":0.6328242,"unit":"tons/year"}},{"type":"Feature","geometry":{"type":"Point","coordinates":[-84.1997,31.5412]},"properties":{"pollutant":"NOx","source_type":"airports","emissions_tpy":0.7428591,"unit":"tons/year"}},{"type":"Feature","geometry":{"type":"Point","coordinates":[-84.1997,31.5412]},"properties":{"pollutant":"NOx","source_type":"airports","emissions_tpy":0.00948,"unit":"tons/year"}},{"type":"Feature","geometry":{"type":"Point","coordinates":[-84.1997,31.5412]},"properties":{"pollutant":"NOx","source_type":"airports","emissions_tpy":0.192315,"unit":"tons/year"}},{"type":"Feature","geometry":{"type":"Point","coordinates":[-84.1997,31.5412]},"properties":{"pollutant":"NOx","source_type":"airports","emissions_tpy":0.1519817,"unit":"tons/year"}},{"type":"Feature","geometry":{"type":"Point","coordinates":[-83.12803,32.21425]},"properties":{"pollutant":"NOx","source_type":"airports","emissions_tpy":0.6879275,"unit":"tons/year"}},{"type":"Feature","geometry":{"type":"Point","coordinates":[-83.12803,32.21425]},"properties":{"pollutant":"NOx","source_type":"airports","emissions_tpy":2.401057,"unit":"tons/year"}},{"type":"Feature","geometry":{"type":"Point","coordinates":[-84.3057,33.8826]},"properties":{"pollutant":"NOx","source_type":"airports","emissions_tpy":0.01519957,"unit":"tons/year"}},{"type":"Feature","geometry":{"type":"Point","coordinates":[-84.3057,33.8826]},"properties":{"pollutant":"NOx","source_type":"airports","emissions_tpy":3.338141,"unit":"tons/year"}},{"type":"Feature","geometry":{"type":"Point","coordinates":[-84.3057,33.8826]},"properties":{"pollutant":"NOx","source_type":"airports","emissions_tpy":0.095274,"unit":"tons/year"}},{"type":"Feature","geometry":{"type":"Point","coordinates":[-84.3057,33.8826]},"properties":{"pollutant":"NOx","source_type":"airports","emissions_tpy":0.01411274,"unit":"tons/year"}},{"type":"Feature","geometry":{"type":"Point","coordinates":[-84.3057,33.8826]},"properties":{"pollutant":"NOx","source_type":"airports","emissions_tpy":0.00408774,"unit":"tons/year"}},{"type":"Feature","geometry":{"type":"Point","coordinates":[-82.37194,32.19256]},"properties":{"pollutant":"NOx","source_type":"airports","emissions_tpy":0.168155,"unit":"tons/year"}},{"type":"Feature","geometry":{"type":"Point","coordinates":[-82.37194,32.19256]},"properties":{"pollutant":"NOx","source_type":"airports","emissions_tpy":0.5869501,"unit":"tons/year"}},{"type":"Feature","geometry":{"type":"Point","coordinates":[-83.48787,31.4288]},"properties":{"pollutant":"NOx","source_type":"airports","emissions_tpy":0.6168965,"unit":"tons/year"}},{"type":"Feature","geometry":{"type":"Point","coordinates":[-83.48787,31.4288]},"properties":{"pollutant":"NOx","source_type":"airports","emissions_tpy":0.1767675,"unit":"tons/year"}},{"type":"Feature","geometry":{"type":"Point","coordinates":[-83.88134,30.90155]},"properties":{"pollutant":"NOx","source_type":"airports","emissions_tpy":0.127075,"unit":"tons/year"}},{"type":"Feature","geometry":{"type":"Point","coordinates":[-83.88134,30.90155]},"properties":{"pollutant":"NOx","source_type":"airports","emissions_tpy":0.443531,"unit":"tons/year"}},{"type":"Feature","geometry":{"type":"Point","coordinates":[-84.41929,31.74329]},"properties":{"pollutant":"NOx","source_type":"airports","emissions_tpy":0.230021,"unit":"tons/year"}},{"type":"Feature","geometry":{"type":"Point","coordinates":[-84.41929,31.74329]},"properties":{"pollutant":"NOx","source_type":"airports","emissions_tpy":0.0659425,"unit":"tons/year"}},{"type":"Feature","geometry":{"type":"Point","coordinates":[-84.25075,32.56737]},"properties":{"pollutant":"NOx","source_type":"airports","emissions_tpy":0.0716625,"unit":"tons/year"}},{"type":"Feature","geometry":{"type":"Point","coordinates":[-84.25075,32.56737]},"properties":{"pollutant":"NOx","source_type":"airports","emissions_tpy":0.2500932,"unit":"tons/year"}},{"type":"Feature","geometry":{"type":"Point","coordinates":[-82.15172,32.05897]},"properties":{"pollutant":"NOx","source_type":"airports","emissions_tpy":0.1667288,"unit":"tons/year"}},{"type":"Feature","geometry":{"type":"Point","coordinates":[-82.15172,32.05897]},"properties":{"pollutant":"NOx","source_type":"airports","emissions_tpy":0.047775,"unit":"tons/year"}},{"type":"Feature","geometry":{"type":"Point","coordinates":[-84.63689,30.97153]},"properties":{"pollutant":"NOx","source_type":"airports","emissions_tpy":0.1633775,"unit":"tons/year"}},{"type":"Feature","geometry":{"type":"Point","coordinates":[-84.63689,30.97153]},"properties":{"pollutant":"NOx","source_type":"airports","emissions_tpy":0.5701855,"unit":"tons/year"}},{"type":"Feature","geometry":{"type":"Point","coordinates":[-84.18885,32.1108]},"properties":{"pollutant":"NOx","source_type":"airports","emissions_tpy":0.05733,"unit":"tons/year"}},{"type":"Feature","geometry":{"type":"Point","coordinates":[-84.18885,32.1108]},"properties":{"pollutant":"NOx","source_type":"airports","emissions_tpy":0.2000746,"unit":"tons/year"}},{"type":"Feature","geometry":{"type":"Point","coordinates":[-83.2958,34.59376]},"properties":{"pollutant":"NOx","source_type":"airports","emissions_tpy":0.1911,"unit":"tons/year"}},{"type":"Feature","geometry":{"type":"Point","coordinates":[-83.2958,34.59376]},"properties":{"pollutant":"NOx","source_type":"airports","emissions_tpy":0.6669152,"unit":"tons/year"}},{"type":"Feature","geometry":{"type":"Point","coordinates":[-84.27494,33.22697]},"properties":{"pollutant":"NOx","source_type":"airports","emissions_tpy":0.3334576,"unit":"tons/year"}},{"type":"Feature","geometry":{"type":"Point","coordinates":[-84.27494,33.22697]},"properties":{"pollutant":"NOx","source_type":"airports","emissions_tpy":0.09555,"unit":"tons/year"}},{"type":"Feature","geometry":{"type":"Point","coordinates":[-84.87761,31.00694]},"properties":{"pollutant":"NOx","source_type":"airports","emissions_tpy":0.4001491,"unit":"tons/year"}},{"type":"Feature","geometry":{"type":"Point","coordinates":[-84.87761,31.00694]},"properties":{"pollutant":"NOx","source_type":"airports","emissions_tpy":0.11466,"unit":"tons/year"}},{"type":"Feature","geometry":{"type":"Point","coordinates":[-81.5965,32.64545]},"properties":{"pollutant":"NOx","source_type":"airports","emissions_tpy":0.124215,"unit":"tons/year"}},{"type":"Feature","geometry":{"type":"Point","coordinates":[-81.5965,32.64545]},"properties":{"pollutant":"NOx","source_type":"airports","emissions_tpy":0.4334949,"unit":"tons/year"}},{"type":"Feature","geometry":{"type":"Point","coordinates":[-83.77392,31.98883]},"properties":{"pollutant":"NOx","source_type":"airports","emissions_tpy":0.21021,"unit":"tons/year"}},{"type":"Feature","geometry":{"type":"Point","coordinates":[-83.77392,31.98883]},"properties":{"pollutant":"NOx","source_type":"airports","emissions_tpy":0.7336067,"unit":"tons/year"}},{"type":"Feature","geometry":{"type":"Point","coordinates":[-84.77028,33.31208]},"properties":{"pollutant":"NOx","source_type":"airports","emissions_tpy":0.7643675,"unit":"tons/year"}},{"type":"Feature","geometry":{"type":"Point","coordinates":[-84.77028,33.31208]},"properties":{"pollutant":"NOx","source_type":"airports","emissions_tpy":2.667823,"unit":"tons/year"}},{"type":"Feature","geometry":{"type":"Point","coordinates":[-83.45308,31.13781]},"properties":{"pollutant":"NOx","source_type":"airports","emissions_tpy":0.3400944,"unit":"tons/year"}},{"type":"Feature","geometry":{"type":"Point","coordinates":[-83.45308,31.13781]},"properties":{"pollutant":"NOx","source_type":"airports","emissions_tpy":0.0974675,"unit":"tons/year"}},{"type":"Feature","geometry":{"type":"Point","coordinates":[-83.80326,31.08491]},"properties":{"pollutant":"NOx","source_type":"airports","emissions_tpy":0.1672125,"unit":"tons/year"}},{"type":"Feature","geometry":{"type":"Point","coordinates":[-83.80326,31.08491]},"properties":{"pollutant":"NOx","source_type":"airports","emissions_tpy":0.5835508,"unit":"tons/year"}},{"type":"Feature","geometry":{"type":"Point","coordinates":[-81.9695,33.3671]},"properties":{"pollutant":"NOx","source_type":"airports","emissions_tpy":0.5822936,"unit":"tons/year"}},{"type":"Feature","geometry":{"type":"Point","coordinates":[-81.9722,33.3821]},"properties":{"pollutant":"NOx","source_type":"airports","emissions_tpy":1.759267,"unit":"tons/year"}},{"type":"Feature","geometry":{"type":"Point","coordinates":[-81.9695,33.3671]},"properties":{"pollutant":"NOx","source_type":"airports","emissions_tpy":0.02133,"unit":"tons/year"}},{"type":"Feature","geometry":{"type":"Point","coordinates":[-81.9722,33.3821]},"properties":{"pollutant":"NOx","source_type":"airports","emissions_tpy":0.2797896,"unit":"tons/year"}},{"type":"Feature","geometry":{"type":"Point","coordinates":[-81.9722,33.3821]},"properties":{"pollutant":"NOx","source_type":"airports","emissions_tpy":0.09965328,"unit":"tons/year"}},{"type":"Feature","geometry":{"type":"Point","coordinates":[-84.82492,31.70017]},"properties":{"pollutant":"NOx","source_type":"airports","emissions_tpy":0.01911,"unit":"tons/year"}},{"type":"Feature","geometry":{"type":"Point","coordinates":[-84.82492,31.70017]},"properties":{"pollutant":"NOx","source_type":"airports","emissions_tpy":0.06669152,"unit":"tons/year"}},{"type":"Feature","geometry":{"type":"Point","coordinates":[-82.86053,31.4767]},"properties":{"pollutant":"NOx","source_type":"airports","emissions_tpy":0.17199,"unit":"tons/year"}},{"type":"Feature","geometry":{"type":"Point","coordinates":[-82.86053,31.4767]},"properties":{"pollutant":"NOx","source_type":"airports","emissions_tpy":0.6002237,"unit":"tons/year"}},{"type":"Feature","geometry":{"type":"Point","coordinates":[-84.6055,34.0134]},"properties":{"pollutant":"NOx","source_type":"airports","emissions_tpy":0.034602,"unit":"tons/year"}},{"type":"Feature","geometry":{"type":"Point","coordinates":[-84.6055,34.0134]},"properties":{"pollutant":"NOx","source_type":"airports","emissions_tpy":1.102954,"unit":"tons/year"}},{"type":"Feature","geometry":{"type":"Point","coordinates":[-84.6055,34.0134]},"properties":{"pollutant":"NOx","source_type":"airports","emissions_tpy":2.731698,"unit":"tons/year"}},{"type":"Feature","geometry":{"type":"Point","coordinates":[-84.6055,34.0134]},"properties":{"pollutant":"NOx","source_type":"airports","emissions_tpy":0.7825675,"unit":"tons/year"}},{"type":"Feature","geometry":{"type":"Point","coordinates":[-85.14647,34.01869]},"properties":{"pollutant":"NOx","source_type":"airports","emissions_tpy":0.5001864,"unit":"tons/year"}},{"type":"Feature","geometry":{"type":"Point","coordinates":[-85.14647,34.01869]},"properties":{"pollutant":"NOx","source_type":"airports","emissions_tpy":0.143325,"unit":"tons/year"}},{"type":"Feature","geometry":{"type":"Point","coordinates":[-84.45737,34.45337]},"properties":{"pollutant":"NOx","source_type":"airports","emissions_tpy":1.000373,"unit":"tons/year"}},{"type":"Feature","geometry":{"type":"Point","coordinates":[-84.45737,34.45337]},"properties":{"pollutant":"NOx","source_type":"airports","emissions_tpy":0.28665,"unit":"tons/year"}},{"type":"Feature","geometry":{"type":"Point","coordinates":[-83.76733,32.51058]},"properties":{"pollutant":"NOx","source_type":"airports","emissions_tpy":0.8002982,"unit":"tons/year"}},{"type":"Feature","geometry":{"type":"Point","coordinates":[-83.76733,32.51058]},"properties":{"pollutant":"NOx","source_type":"airports","emissions_tpy":0.22932,"unit":"tons/year"}},{"type":"Feature","geometry":{"type":"Point","coordinates":[-82.77414,31.05592]},"properties":{"pollutant":"NOx","source_type":"airports","emissions_tpy":0.06005474,"unit":"tons/year"}},{"type":"Feature","geometry":{"type":"Point","coordinates":[-82.77414,31.05592]},"properties":{"pollutant":"NOx","source_type":"airports","emissions_tpy":0.0171925,"unit":"tons/year"}},{"type":"Feature","geometry":{"type":"Point","coordinates":[-84.4479,33.6306]},"properties":{"pollutant":"NOx","source_type":"airports","emissions_tpy":93.43141,"unit":"tons/year"}},{"type":"Feature","geometry":{"type":"Point","coordinates":[-84.4479,33.6306]},"properties":{"pollutant":"NOx","source_type":"airports","emissions_tpy":98.37931,"unit":"tons/year"}},{"type":"Feature","geometry":{"type":"Point","coordinates":[-84.4387,33.6442]},"properties":{"pollutant":"NOx","source_type":"airports","emissions_tpy":0,"unit":"tons/year"}},{"type":"Feature","geometry":{"type":"Point","coordinates":[-84.4387,33.6442]},"properties":{"pollutant":"NOx","source_type":"airports","emissions_tpy":33.63892,"unit":"tons/year"}},{"type":"Feature","geometry":{"type":"Point","coordinates":[-84.4387,33.6442]},"properties":{"pollutant":"NOx","source_type":"airports","emissions_tpy":32.65447,"unit":"tons/year"}},{"type":"Feature","geometry":{"type":"Point","coordinates":[-84.4387,33.6442]},"properties":{"pollutant":"NOx","source_type":"airports","emissions_tpy":31.7929,"unit":"tons/year"}},{"type":"Feature","geometry":{"type":"Point","coordinates":[-83.3255,33.9429]},"properties":{"pollutant":"NOx","source_type":"airports","emissions_tpy":0.004468059,"unit":"tons/year"}},{"type":"Feature","geometry":{"type":"Point","coordinates":[-83.3255,33.9429]},"properties":{"pollutant":"NOx","source_type":"airports","emissions_tpy":0.2403617,"unit":"tons/year"}},{"type":"Feature","geometry":{"type":"Point","coordinates":[-83.3255,33.9429]},"properties":{"pollutant":"NOx","source_type":"airports","emissions_tpy":0.007505,"unit":"tons/year"}},{"type":"Feature","geometry":{"type":"Point","coordinates":[-83.3255,33.9429]},"properties":{"pollutant":"NOx","source_type":"airports","emissions_tpy":0.005063163,"unit":"tons/year"}},{"type":"Feature","geometry":{"type":"Point","coordinates":[-83.3255,33.9429]},"properties":{"pollutant":"NOx","source_type":"airports","emissions_tpy":0.004437812,"unit":"tons/year"}},{"type":"Feature","geometry":{"type":"Point","coordinates":[-84.42392,34.31058]},"properties":{"pollutant":"NOx","source_type":"airports","emissions_tpy":1.33383,"unit":"tons/year"}},{"type":"Feature","geometry":{"type":"Point","coordinates":[-84.42392,34.31058]},"properties":{"pollutant":"NOx","source_type":"airports","emissions_tpy":0.3822,"unit":"tons/year"}},{"type":"Feature","geometry":{"type":"Point","coordinates":[-83.84956,33.63248]},"properties":{"pollutant":"NOx","source_type":"airports","emissions_tpy":0.5001864,"unit":"tons/year"}},{"type":"Feature","geometry":{"type":"Point","coordinates":[-83.84956,33.63248]},"properties":{"pollutant":"NOx","source_type":"airports","emissions_tpy":0.143325,"unit":"tons/year"}},{"type":"Feature","geometry":{"type":"Point","coordinates":[-84.93886,32.51633]},"properties":{"pollutant":"NOx","source_type":"airports","emissions_tpy":0.62746,"unit":"tons/year"}},{"type":"Feature","geometry":{"type":"Point","coordinates":[-84.93886,32.51633]},"properties":{"pollutant":"NOx","source_type":"airports","emissions_tpy":0.9132776,"unit":"tons/year"}},{"type":"Feature","geometry":{"type":"Point","coordinates":[-84.93886,32.51633]},"properties":{"pollutant":"NOx","source_type":"airports","emissions_tpy":0.011376,"unit":"tons/year"}},{"type":"Feature","geometry":{"type":"Point","coordinates":[-84.93886,32.51633]},"properties":{"pollutant":"NOx","source_type":"airports","emissions_tpy":0.05852913,"unit":"tons/year"}},{"type":"Feature","geometry":{"type":"Point","coordinates":[-84.93886,32.51633]},"properties":{"pollutant":"NOx","source_type":"airports","emissions_tpy":0.08198474,"unit":"tons/year"}},{"type":"Feature","geometry":{"type":"Point","coordinates":[-83.46044,33.61213]},"properties":{"pollutant":"NOx","source_type":"airports","emissions_tpy":0.1566927,"unit":"tons/year"}},{"type":"Feature","geometry":{"type":"Point","coordinates":[-83.46044,33.61213]},"properties":{"pollutant":"NOx","source_type":"airports","emissions_tpy":0.044915,"unit":"tons/year"}},{"type":"Feature","geometry":{"type":"Point","coordinates":[-81.14567,32.00965]},"properties":{"pollutant":"NOx","source_type":"airports","emissions_tpy":0.00431604,"unit":"tons/year"}},{"type":"Feature","geometry":{"type":"Point","coordinates":[-81.14567,32.00965]},"properties":{"pollutant":"NOx","source_type":"airports","emissions_tpy":0.002546027,"unit":"tons/year"}},{"type":"Feature","geometry":{"type":"Point","coordinates":[-81.14567,32.00965]},"properties":{"pollutant":"NOx","source_type":"airports","emissions_tpy":0.002572262,"unit":"tons/year"}},{"type":"Feature","geometry":{"type":"Point","coordinates":[-81.2024,32.1166]},"properties":{"pollutant":"NOx","source_type":"airports","emissions_tpy":1.578852,"unit":"tons/year"}},{"type":"Feature","geometry":{"type":"Point","coordinates":[-81.2024,32.1166]},"properties":{"pollutant":"NOx","source_type":"airports","emissions_tpy":3.880042,"unit":"tons/year"}},{"type":"Feature","geometry":{"type":"Point","coordinates":[-81.2024,32.1166]},"properties":{"pollutant":"NOx","source_type":"airports","emissions_tpy":0.068177,"unit":"tons/year"}},{"type":"Feature","geometry":{"type":"Point","coordinates":[-81.2024,32.1166]},"properties":{"pollutant":"NOx","source_type":"airports","emissions_tpy":0.6680598,"unit":"tons/year"}},{"type":"Feature","geometry":{"type":"Point","coordinates":[-81.2024,32.1166]},"properties":{"pollutant":"NOx","source_type":"airports","emissions_tpy":1.035882,"unit":"tons/year"}},{"type":"Feature","geometry":{"type":"Point","coordinates":[-84.23681,31.21292]},"properties":{"pollutant":"NOx","source_type":"airports","emissions_tpy":0.11466,"unit":"tons/year"}},{"type":"Feature","geometry":{"type":"Point","coordinates":[-84.23681,31.21292]},"properties":{"pollutant":"NOx","source_type":"airports","emissions_tpy":0.4001491,"unit":"tons/year"}},{"type":"Feature","geometry":{"type":"Point","coordinates":[-84.68882,32.93346]},"properties":{"pollutant":"NOx","source_type":"airports","emissions_tpy":0.1000373,"unit":"tons/year"}},{"type":"Feature","geometry":{"type":"Point","coordinates":[-84.68882,32.93346]},"properties":{"pollutant":"NOx","source_type":"airports","emissions_tpy":0.028665,"unit":"tons/year"}},{"type":"Feature","geometry":{"type":"Point","coordinates":[-84.00747,32.302]},"properties":{"pollutant":"NOx","source_type":"airports","emissions_tpy":0.047775,"unit":"tons/year"}},{"type":"Feature","geometry":{"type":"Point","coordinates":[-84.00747,32.302]},"properties":{"pollutant":"NOx","source_type":"airports","emissions_tpy":0.1667288,"unit":"tons/year"}},{"type":"Feature","geometry":{"type":"Point","coordinates":[-82.51646,33.52971]},"properties":{"pollutant":"NOx","source_type":"airports","emissions_tpy":0.1906125,"unit":"tons/year"}},{"type":"Feature","geometry":{"type":"Point","coordinates":[-82.51646,33.52971]},"properties":{"pollutant":"NOx","source_type":"airports","emissions_tpy":0.6652965,"unit":"tons/year"}},{"type":"Feature","geometry":{"type":"Point","coordinates":[-83.2852,30.7779]},"properties":{"pollutant":"NOx","source_type":"airports","emissions_tpy":0.5439482,"unit":"tons/year"}},{"type":"Feature","geometry":{"type":"Point","coordinates":[-83.2841,30.7851]},"properties":{"pollutant":"NOx","source_type":"airports","emissions_tpy":1.012885,"unit":"tons/year"}},{"type":"Feature","geometry":{"type":"Point","coordinates":[-83.2841,30.7851]},"properties":{"pollutant":"NOx","source_type":"airports","emissions_tpy":0.016669,"unit":"tons/year"}},{"type":"Feature","geometry":{"type":"Point","coordinates":[-83.2841,30.7851]},"properties":{"pollutant":"NOx","source_type":"airports","emissions_tpy":0.4961396,"unit":"tons/year"}},{"type":"Feature","geometry":{"type":"Point","coordinates":[-83.2841,30.7851]},"properties":{"pollutant":"NOx","source_type":"airports","emissions_tpy":0.1421225,"unit":"tons/year"}},{"type":"Feature","geometry":{"type":"Point","coordinates":[-83.2852,30.7779]},"properties":{"pollutant":"NOx","source_type":"airports","emissions_tpy":0.06083387,"unit":"tons/year"}},{"type":"Feature","geometry":{"type":"Point","coordinates":[-83.2852,30.7779]},"properties":{"pollutant":"NOx","source_type":"airports","emissions_tpy":0.03467042,"unit":"tons/year"}},{"type":"Feature","geometry":{"type":"Point","coordinates":[-85.15203,33.63103]},"properties":{"pollutant":"NOx","source_type":"airports","emissions_tpy":0.2818725,"unit":"tons/year"}},{"type":"Feature","geometry":{"type":"Point","coordinates":[-85.15203,33.63103]},"properties":{"pollutant":"NOx","source_type":"airports","emissions_tpy":0.9836999,"unit":"tons/year"}},{"type":"Feature","geometry":{"type":"Point","coordinates":[-82.07919,32.37389]},"properties":{"pollutant":"NOx","source_type":"airports","emissions_tpy":0.07644,"unit":"tons/year"}},{"type":"Feature","geometry":{"type":"Point","coordinates":[-82.07919,32.37389]},"properties":{"pollutant":"NOx","source_type":"airports","emissions_tpy":0.2667661,"unit":"tons/year"}},{"type":"Feature","geometry":{"type":"Point","coordinates":[-82.00398,33.04093]},"properties":{"pollutant":"NOx","source_type":"airports","emissions_tpy":0.028665,"unit":"tons/year"}},{"type":"Feature","geometry":{"type":"Point","coordinates":[-82.00398,33.04093]},"properties":{"pollutant":"NOx","source_type":"airports","emissions_tpy":0.1000373,"unit":"tons/year"}},{"type":"Feature","geometry":{"type":"Point","coordinates":[-81.73728,32.48317]},"properties":{"pollutant":"NOx","source_type":"airports","emissions_tpy":0.17199,"unit":"tons/year"}},{"type":"Feature","geometry":{"type":"Point","coordinates":[-81.73728,32.48317]},"properties":{"pollutant":"NOx","source_type":"airports","emissions_tpy":0.6002237,"unit":"tons/year"}},{"type":"Feature","geometry":{"type":"Point","coordinates":[-82.98526,32.56446]},"properties":{"pollutant":"NOx","source_type":"airports","emissions_tpy":0.2369575,"unit":"tons/year"}},{"type":"Feature","geometry":{"type":"Point","coordinates":[-82.98526,32.56446]},"properties":{"pollutant":"NOx","source_type":"airports","emissions_tpy":0.8270072,"unit":"tons/year"}},{"type":"Feature","geometry":{"type":"Point","coordinates":[-83.58655,30.80575]},"properties":{"pollutant":"NOx","source_type":"airports","emissions_tpy":0.2500932,"unit":"tons/year"}},{"type":"Feature","geometry":{"type":"Point","coordinates":[-83.58655,30.80575]},"properties":{"pollutant":"NOx","source_type":"airports","emissions_tpy":0.0716625,"unit":"tons/year"}},{"type":"Feature","geometry":{"type":"Point","coordinates":[-81.90539,31.21272]},"properties":{"pollutant":"NOx","source_type":"airports","emissions_tpy":0.03334576,"unit":"tons/year"}},{"type":"Feature","geometry":{"type":"Point","coordinates":[-81.90539,31.21272]},"properties":{"pollutant":"NOx","source_type":"airports","emissions_tpy":0.009555,"unit":"tons/year"}},{"type":"Feature","geometry":{"type":"Point","coordinates":[-83.27592,32.39936]},"properties":{"pollutant":"NOx","source_type":"airports","emissions_tpy":0.4535671,"unit":"tons/year"}},{"type":"Feature","geometry":{"type":"Point","coordinates":[-83.27592,32.39936]},"properties":{"pollutant":"NOx","source_type":"airports","emissions_tpy":0.129935,"unit":"tons/year"}},{"type":"Feature","geometry":{"type":"Point","coordinates":[-83.6616,32.6869]},"properties":{"pollutant":"NOx","source_type":"airports","emissions_tpy":0.04948854,"unit":"tons/year"}},{"type":"Feature","geometry":{"type":"Point","coordinates":[-83.651,32.6982]},"properties":{"pollutant":"NOx","source_type":"airports","emissions_tpy":0.008058,"unit":"tons/year"}},{"type":"Feature","geometry":{"type":"Point","coordinates":[-83.651,32.6982]},"properties":{"pollutant":"NOx","source_type":"airports","emissions_tpy":1.382793,"unit":"tons/year"}},{"type":"Feature","geometry":{"type":"Point","coordinates":[-83.651,32.6982]},"properties":{"pollutant":"NOx","source_type":"airports","emissions_tpy":0.02483083,"unit":"tons/year"}},{"type":"Feature","geometry":{"type":"Point","coordinates":[-83.651,32.6982]},"properties":{"pollutant":"NOx","source_type":"airports","emissions_tpy":0.02584674,"unit":"tons/year"}},{"type":"Feature","geometry":{"type":"Point","coordinates":[-83.56203,32.82214]},"properties":{"pollutant":"NOx","source_type":"airports","emissions_tpy":0.219765,"unit":"tons/year"}},{"type":"Feature","geometry":{"type":"Point","coordinates":[-83.56203,32.82214]},"properties":{"pollutant":"NOx","source_type":"airports","emissions_tpy":0.7669525,"unit":"tons/year"}},{"type":"Feature","geometry":{"type":"Point","coordinates":[-83.22628,31.21256]},"properties":{"pollutant":"NOx","source_type":"airports","emissions_tpy":0.133383,"unit":"tons/year"}},{"type":"Feature","geometry":{"type":"Point","coordinates":[-83.22628,31.21256]},"properties":{"pollutant":"NOx","source_type":"airports","emissions_tpy":0.03822,"unit":"tons/year"}},{"type":"Feature","geometry":{"type":"Point","coordinates":[-83.27046,31.68369]},"properties":{"pollutant":"NOx","source_type":"airports","emissions_tpy":0.133383,"unit":"tons/year"}},{"type":"Feature","geometry":{"type":"Point","coordinates":[-83.27046,31.68369]},"properties":{"pollutant":"NOx","source_type":"airports","emissions_tpy":0.03822,"unit":"tons/year"}},{"type":"Feature","geometry":{"type":"Point","coordinates":[-84.84869,34.12314]},"properties":{"pollutant":"NOx","source_type":"airports","emissions_tpy":0.8397152,"unit":"tons/year"}},{"type":"Feature","geometry":{"type":"Point","coordinates":[-84.84869,34.12314]},"properties":{"pollutant":"NOx","source_type":"airports","emissions_tpy":0.026386,"unit":"tons/year"}},{"type":"Feature","geometry":{"type":"Point","coordinates":[-84.84869,34.12314]},"properties":{"pollutant":"NOx","source_type":"airports","emissions_tpy":0.429975,"unit":"tons/year"}},{"type":"Feature","geometry":{"type":"Point","coordinates":[-84.84869,34.12314]},"properties":{"pollutant":"NOx","source_type":"airports","emissions_tpy":1.500559,"unit":"tons/year"}},{"type":"Feature","geometry":{"type":"Point","coordinates":[-81.96512,32.89377]},"properties":{"pollutant":"NOx","source_type":"airports","emissions_tpy":0.06669152,"unit":"tons/year"}},{"type":"Feature","geometry":{"type":"Point","coordinates":[-81.96512,32.89377]},"properties":{"pollutant":"NOx","source_type":"airports","emissions_tpy":0.01911,"unit":"tons/year"}},{"type":"Feature","geometry":{"type":"Point","coordinates":[-82.38374,33.22265]},"properties":{"pollutant":"NOx","source_type":"airports","emissions_tpy":0.01911,"unit":"tons/year"}},{"type":"Feature","geometry":{"type":"Point","coordinates":[-82.38374,33.22265]},"properties":{"pollutant":"NOx","source_type":"airports","emissions_tpy":0.06669152,"unit":"tons/year"}},{"type":"Feature","geometry":{"type":"Point","coordinates":[-82.38568,32.98654]},"properties":{"pollutant":"NOx","source_type":"airports","emissions_tpy":0.2466939,"unit":"tons/year"}},{"type":"Feature","geometry":{"type":"Point","coordinates":[-82.38568,32.98654]},"properties":{"pollutant":"NOx","source_type":"airports","emissions_tpy":0.07072,"unit":"tons/year"}},{"type":"Feature","geometry":{"type":"Point","coordinates":[-82.64739,31.88466]},"properties":{"pollutant":"NOx","source_type":"airports","emissions_tpy":0.088855,"unit":"tons/year"}},{"type":"Feature","geometry":{"type":"Point","coordinates":[-82.64739,31.88466]},"properties":{"pollutant":"NOx","source_type":"airports","emissions_tpy":0.3101479,"unit":"tons/year"}},{"type":"Feature","geometry":{"type":"Point","coordinates":[-83.56067,34.17403]},"properties":{"pollutant":"NOx","source_type":"airports","emissions_tpy":0.9503541,"unit":"tons/year"}},{"type":"Feature","geometry":{"type":"Point","coordinates":[-83.56067,34.17403]},"properties":{"pollutant":"NOx","source_type":"airports","emissions_tpy":0.2723175,"unit":"tons/year"}},{"type":"Feature","geometry":{"type":"Point","coordinates":[-83.66808,33.98228]},"properties":{"pollutant":"NOx","source_type":"airports","emissions_tpy":0.7803879,"unit":"tons/year"}},{"type":"Feature","geometry":{"type":"Point","coordinates":[-83.66808,33.98228]},"properties":{"pollutant":"NOx","source_type":"airports","emissions_tpy":0.2235675,"unit":"tons/year"}},{"type":"Feature","geometry":{"type":"Point","coordinates":[-83.24069,33.15417]},"properties":{"pollutant":"NOx","source_type":"airports","emissions_tpy":0.09555,"unit":"tons/year"}},{"type":"Feature","geometry":{"type":"Point","coordinates":[-83.24069,33.15417]},"properties":{"pollutant":"NOx","source_type":"airports","emissions_tpy":0.3334576,"unit":"tons/year"}},{"type":"Feature","geometry":{"type":"Point","coordinates":[-84.33236,33.38911]},"properties":{"pollutant":"NOx","source_type":"airports","emissions_tpy":0.2519921,"unit":"tons/year"}},{"type":"Feature","geometry":{"type":"Point","coordinates":[-84.33236,33.38911]},"properties":{"pollutant":"NOx","source_type":"airports","emissions_tpy":0.0079,"unit":"tons/year"}},{"type":"Feature","geometry":{"type":"Point","coordinates":[-84.33236,33.38911]},"properties":{"pollutant":"NOx","source_type":"airports","emissions_tpy":0.09555,"unit":"tons/year"}},{"type":"Feature","geometry":{"type":"Point","coordinates":[-84.33236,33.38911]},"properties":{"pollutant":"NOx","source_type":"airports","emissions_tpy":0.3334576,"unit":"tons/year"}},{"type":"Feature","geometry":{"type":"Point","coordinates":[-82.50656,31.53606]},"properties":{"pollutant":"NOx","source_type":"airports","emissions_tpy":0.05733,"unit":"tons/year"}},{"type":"Feature","geometry":{"type":"Point","coordinates":[-82.50656,31.53606]},"properties":{"pollutant":"NOx","source_type":"airports","emissions_tpy":0.2000746,"unit":"tons/year"}},{"type":"Feature","geometry":{"type":"Point","coordinates":[-82.39378,31.71383]},"properties":{"pollutant":"NOx","source_type":"airports","emissions_tpy":0.1184625,"unit":"tons/year"}},{"type":"Feature","geometry":{"type":"Point","coordinates":[-82.39378,31.71383]},"properties":{"pollutant":"NOx","source_type":"airports","emissions_tpy":0.4135845,"unit":"tons/year"}},{"type":"Feature","geometry":{"type":"Point","coordinates":[-83.82681,34.2729]},"properties":{"pollutant":"NOx","source_type":"airports","emissions_tpy":1.267139,"unit":"tons/year"}},{"type":"Feature","geometry":{"type":"Point","coordinates":[-83.82681,34.2729]},"properties":{"pollutant":"NOx","source_type":"airports","emissions_tpy":0.36309,"unit":"tons/year"}},{"type":"Feature","geometry":{"type":"Point","coordinates":[-83.55487,34.50082]},"properties":{"pollutant":"NOx","source_type":"airports","emissions_tpy":0.6669152,"unit":"tons/year"}},{"type":"Feature","geometry":{"type":"Point","coordinates":[-83.55487,34.50082]},"properties":{"pollutant":"NOx","source_type":"airports","emissions_tpy":0.1911,"unit":"tons/year"}},{"type":"Feature","geometry":{"type":"Point","coordinates":[-83.9713,33.9745]},"properties":{"pollutant":"NOx","source_type":"airports","emissions_tpy":0.000736575,"unit":"tons/year"}},{"type":"Feature","geometry":{"type":"Point","coordinates":[-83.9713,33.9745]},"properties":{"pollutant":"NOx","source_type":"airports","emissions_tpy":0.002056844,"unit":"tons/year"}},{"type":"Feature","geometry":{"type":"Point","coordinates":[-83.9713,33.9745]},"properties":{"pollutant":"NOx","source_type":"airports","emissions_tpy":0.016748,"unit":"tons/year"}},{"type":"Feature","geometry":{"type":"Point","coordinates":[-83.9713,33.9745]},"properties":{"pollutant":"NOx","source_type":"airports","emissions_tpy":0.5344516,"unit":"tons/year"}},{"type":"Feature","geometry":{"type":"Point","coordinates":[-83.9713,33.9745]},"properties":{"pollutant":"NOx","source_type":"airports","emissions_tpy":7.41E-5,"unit":"tons/year"}},{"type":"Feature","geometry":{"type":"Point","coordinates":[-83.9713,33.9745]},"properties":{"pollutant":"NOx","source_type":"airports","emissions_tpy":4.22E-5,"unit":"tons/year"}},{"type":"Feature","geometry":{"type":"Point","coordinates":[-83.139,33.59767]},"properties":{"pollutant":"NOx","source_type":"airports","emissions_tpy":0.1367824,"unit":"tons/year"}},{"type":"Feature","geometry":{"type":"Point","coordinates":[-83.139,33.59767]},"properties":{"pollutant":"NOx","source_type":"airports","emissions_tpy":0.0391625,"unit":"tons/year"}},{"type":"Feature","geometry":{"type":"Point","coordinates":[-84.15474,30.88798]},"properties":{"pollutant":"NOx","source_type":"airports","emissions_tpy":0.3834762,"unit":"tons/year"}},{"type":"Feature","geometry":{"type":"Point","coordinates":[-84.15474,30.88798]},"properties":{"pollutant":"NOx","source_type":"airports","emissions_tpy":0.1098825,"unit":"tons/year"}},{"type":"Feature","geometry":{"type":"Point","coordinates":[-84.9395,34.45678]},"properties":{"pollutant":"NOx","source_type":"airports","emissions_tpy":0.15288,"unit":"tons/year"}},{"type":"Feature","geometry":{"type":"Point","coordinates":[-84.9395,34.45678]},"properties":{"pollutant":"NOx","source_type":"airports","emissions_tpy":0.5335321,"unit":"tons/year"}},{"type":"Feature","geometry":{"type":"Point","coordinates":[-81.3939,31.15167]},"properties":{"pollutant":"NOx","source_type":"airports","emissions_tpy":0.00038768,"unit":"tons/year"}},{"type":"Feature","geometry":{"type":"Point","coordinates":[-81.46631,31.25903]},"properties":{"pollutant":"NOx","source_type":"airports","emissions_tpy":0.51483,"unit":"tons/year"}},{"type":"Feature","geometry":{"type":"Point","coordinates":[-81.46631,31.25903]},"properties":{"pollutant":"NOx","source_type":"airports","emissions_tpy":0.005372,"unit":"tons/year"}},{"type":"Feature","geometry":{"type":"Point","coordinates":[-81.46631,31.25903]},"properties":{"pollutant":"NOx","source_type":"airports","emissions_tpy":0.7572087,"unit":"tons/year"}},{"type":"Feature","geometry":{"type":"Point","coordinates":[-81.46631,31.25903]},"properties":{"pollutant":"NOx","source_type":"airports","emissions_tpy":0.6908095,"unit":"tons/year"}},{"type":"Feature","geometry":{"type":"Point","coordinates":[-81.46631,31.25903]},"properties":{"pollutant":"NOx","source_type":"airports","emissions_tpy":0.1978925,"unit":"tons/year"}},{"type":"Feature","geometry":{"type":"Point","coordinates":[-81.46631,31.25903]},"properties":{"pollutant":"NOx","source_type":"airports","emissions_tpy":0.03290213,"unit":"tons/year"}},{"type":"Feature","geometry":{"type":"Point","coordinates":[-81.46631,31.25903]},"properties":{"pollutant":"NOx","source_type":"airports","emissions_tpy":0.05818257,"unit":"tons/year"}},{"type":"Feature","geometry":{"type":"Point","coordinates":[-81.42778,31.07447]},"properties":{"pollutant":"NOx","source_type":"airports","emissions_tpy":0.2583425,"unit":"tons/year"}},{"type":"Feature","geometry":{"type":"Point","coordinates":[-81.42778,31.07447]},"properties":{"pollutant":"NOx","source_type":"airports","emissions_tpy":0.9017923,"unit":"tons/year"}},{"type":"Feature","geometry":{"type":"Point","coordinates":[-84.52493,34.62786]},"properties":{"pollutant":"NOx","source_type":"airports","emissions_tpy":0.0291525,"unit":"tons/year"}},{"type":"Feature","geometry":{"type":"Point","coordinates":[-84.52493,34.62786]},"properties":{"pollutant":"NOx","source_type":"airports","emissions_tpy":0.101656,"unit":"tons/year"}},{"type":"Feature","geometry":{"type":"Point","coordinates":[-84.5293,33.7801]},"properties":{"pollutant":"NOx","source_type":"airports","emissions_tpy":0.000518218,"unit":"tons/year"}},{"type":"Feature","geometry":{"type":"Point","coordinates":[-84.5293,33.7801]},"properties":{"pollutant":"NOx","source_type":"airports","emissions_tpy":0.015563,"unit":"tons/year"}},{"type":"Feature","geometry":{"type":"Point","coordinates":[-84.5293,33.7801]},"properties":{"pollutant":"NOx","source_type":"airports","emissions_tpy":0.4954552,"unit":"tons/year"}},{"type":"Feature","geometry":{"type":"Point","coordinates":[-84.5293,33.7801]},"properties":{"pollutant":"NOx","source_type":"airports","emissions_tpy":1.656981,"unit":"tons/year"}},{"type":"Feature","geometry":{"type":"Point","coordinates":[-84.5293,33.7801]},"properties":{"pollutant":"NOx","source_type":"airports","emissions_tpy":0.4703725,"unit":"tons/year"}},{"type":"Feature","geometry":{"type":"Point","coordinates":[-84.5293,33.7801]},"properties":{"pollutant":"NOx","source_type":"airports","emissions_tpy":7.41E-5,"unit":"tons/year"}},{"type":"Feature","geometry":{"type":"Point","coordinates":[-84.5293,33.7801]},"properties":{"pollutant":"NOx","source_type":"airports","emissions_tpy":1.93E-5,"unit":"tons/year"}},{"type":"Feature","geometry":{"type":"Point","coordinates":[-83.13348,34.34011]},"properties":{"pollutant":"NOx","source_type":"airports","emissions_tpy":0.05733,"unit":"tons/year"}},{"type":"Feature","geometry":{"type":"Point","coordinates":[-83.13348,34.34011]},"properties":{"pollutant":"NOx","source_type":"airports","emissions_tpy":0.2000746,"unit":"tons/year"}},{"type":"Feature","geometry":{"type":"Point","coordinates":[-85.15801,34.3506]},"properties":{"pollutant":"NOx","source_type":"airports","emissions_tpy":1.218415,"unit":"tons/year"}},{"type":"Feature","geometry":{"type":"Point","coordinates":[-85.15801,34.3506]},"properties":{"pollutant":"NOx","source_type":"airports","emissions_tpy":0.349115,"unit":"tons/year"}},{"type":"Feature","geometry":{"type":"Point","coordinates":[-83.89573,31.55851]},"properties":{"pollutant":"NOx","source_type":"airports","emissions_tpy":0.0200525,"unit":"tons/year"}},{"type":"Feature","geometry":{"type":"Point","coordinates":[-83.89573,31.55851]},"properties":{"pollutant":"NOx","source_type":"airports","emissions_tpy":0.07009084,"unit":"tons/year"}},{"type":"Feature","geometry":{"type":"Point","coordinates":[-82.81581,33.77939]},"properties":{"pollutant":"NOx","source_type":"airports","emissions_tpy":0.0621075,"unit":"tons/year"}},{"type":"Feature","geometry":{"type":"Point","coordinates":[-82.81581,33.77939]},"properties":{"pollutant":"NOx","source_type":"airports","emissions_tpy":0.2167474,"unit":"tons/year"}},{"type":"Feature","geometry":{"type":"Point","coordinates":[-84.86911,34.72175]},"properties":{"pollutant":"NOx","source_type":"airports","emissions_tpy":0.219765,"unit":"tons/year"}},{"type":"Feature","geometry":{"type":"Point","coordinates":[-84.86911,34.72175]},"properties":{"pollutant":"NOx","source_type":"airports","emissions_tpy":0.7669525,"unit":"tons/year"}},{"type":"Feature","geometry":{"type":"Point","coordinates":[-82.83817,32.96672]},"properties":{"pollutant":"NOx","source_type":"airports","emissions_tpy":0.8374961,"unit":"tons/year"}},{"type":"Feature","geometry":{"type":"Point","coordinates":[-84.57183,33.35725]},"properties":{"pollutant":"NOx","source_type":"airports","emissions_tpy":2.791654,"unit":"tons/year"}},{"type":"Feature","geometry":{"type":"Point","coordinates":[-82.39531,31.24906]},"properties":{"pollutant":"NOx","source_type":"airports","emissions_tpy":2.791654,"unit":"tons/year"}},{"type":"Feature","geometry":{"type":"Point","coordinates":[-85.29045,34.68856]},"properties":{"pollutant":"NOx","source_type":"airports","emissions_tpy":0.5583307,"unit":"tons/year"}},{"type":"Feature","geometry":{"type":"Point","coordinates":[-85.07261,33.00885]},"properties":{"pollutant":"NOx","source_type":"airports","emissions_tpy":0.5583307,"unit":"tons/year"}},{"type":"Feature","geometry":{"type":"Point","coordinates":[-84.1997,31.5412]},"properties":{"pollutant":"NOx","source_type":"airports","emissions_tpy":15.27593,"unit":"tons/year"}},{"type":"Feature","geometry":{"type":"Point","coordinates":[-84.3057,33.8826]},"properties":{"pollutant":"NOx","source_type":"airports","emissions_tpy":1.674992,"unit":"tons/year"}},{"type":"Feature","geometry":{"type":"Point","coordinates":[-82.37194,32.19256]},"properties":{"pollutant":"NOx","source_type":"airports","emissions_tpy":8.374961,"unit":"tons/year"}},{"type":"Feature","geometry":{"type":"Point","coordinates":[-83.48787,31.4288]},"properties":{"pollutant":"NOx","source_type":"airports","emissions_tpy":1.116661,"unit":"tons/year"}},{"type":"Feature","geometry":{"type":"Point","coordinates":[-83.88134,30.90155]},"properties":{"pollutant":"NOx","source_type":"airports","emissions_tpy":1.116661,"unit":"tons/year"}},{"type":"Feature","geometry":{"type":"Point","coordinates":[-82.15172,32.05897]},"properties":{"pollutant":"NOx","source_type":"airports","emissions_tpy":2.791654,"unit":"tons/year"}},{"type":"Feature","geometry":{"type":"Point","coordinates":[-84.63689,30.97153]},"properties":{"pollutant":"NOx","source_type":"airports","emissions_tpy":1.395827,"unit":"tons/year"}},{"type":"Feature","geometry":{"type":"Point","coordinates":[-84.18885,32.1108]},"properties":{"pollutant":"NOx","source_type":"airports","emissions_tpy":0.5583307,"unit":"tons/year"}},{"type":"Feature","geometry":{"type":"Point","coordinates":[-81.9695,33.3671]},"properties":{"pollutant":"NOx","source_type":"airports","emissions_tpy":23.50572,"unit":"tons/year"}},{"type":"Feature","geometry":{"type":"Point","coordinates":[-84.6055,34.0134]},"properties":{"pollutant":"NOx","source_type":"airports","emissions_tpy":8.44196,"unit":"tons/year"}},{"type":"Feature","geometry":{"type":"Point","coordinates":[-85.14647,34.01869]},"properties":{"pollutant":"NOx","source_type":"airports","emissions_tpy":0.2791654,"unit":"tons/year"}},{"type":"Feature","geometry":{"type":"Point","coordinates":[-83.3255,33.9429]},"properties":{"pollutant":"NOx","source_type":"airports","emissions_tpy":3.818982,"unit":"tons/year"}},{"type":"Feature","geometry":{"type":"Point","coordinates":[-84.93886,32.51633]},"properties":{"pollutant":"NOx","source_type":"airports","emissions_tpy":3.774316,"unit":"tons/year"}},{"type":"Feature","geometry":{"type":"Point","coordinates":[-81.2024,32.1166]},"properties":{"pollutant":"NOx","source_type":"airports","emissions_tpy":43.5498,"unit":"tons/year"}},{"type":"Feature","geometry":{"type":"Point","coordinates":[-83.2841,30.7851]},"properties":{"pollutant":"NOx","source_type":"airports","emissions_tpy":33.58918,"unit":"tons/year"}},{"type":"Feature","geometry":{"type":"Point","coordinates":[-85.15203,33.63103]},"properties":{"pollutant":"NOx","source_type":"airports","emissions_tpy":2.791654,"unit":"tons/year"}},{"type":"Feature","geometry":{"type":"Point","coordinates":[-82.07919,32.37389]},"properties":{"pollutant":"NOx","source_type":"airports","emissions_tpy":0.5583307,"unit":"tons/year"}},{"type":"Feature","geometry":{"type":"Point","coordinates":[-81.73728,32.48317]},"properties":{"pollutant":"NOx","source_type":"airports","emissions_tpy":2.791654,"unit":"tons/year"}},{"type":"Feature","geometry":{"type":"Point","coordinates":[-82.98526,32.56446]},"properties":{"pollutant":"NOx","source_type":"airports","emissions_tpy":1.116661,"unit":"tons/year"}},{"type":"Feature","geometry":{"type":"Point","coordinates":[-83.651,32.6982]},"properties":{"pollutant":"NOx","source_type":"airports","emissions_tpy":2.300323,"unit":"tons/year"}},{"type":"Feature","geometry":{"type":"Point","coordinates":[-83.56203,32.82214]},"properties":{"pollutant":"NOx","source_type":"airports","emissions_tpy":0.5583307,"unit":"tons/year"}},{"type":"Feature","geometry":{"type":"Point","coordinates":[-84.84869,34.12314]},"properties":{"pollutant":"NOx","source_type":"airports","emissions_tpy":2.791654,"unit":"tons/year"}},{"type":"Feature","geometry":{"type":"Point","coordinates":[-82.64739,31.88466]},"properties":{"pollutant":"NOx","source_type":"airports","emissions_tpy":0.4466646,"unit":"tons/year"}},{"type":"Feature","geometry":{"type":"Point","coordinates":[-83.56067,34.17403]},"properties":{"pollutant":"NOx","source_type":"airports","emissions_tpy":8.374961,"unit":"tons/year"}},{"type":"Feature","geometry":{"type":"Point","coordinates":[-83.66808,33.98228]},"properties":{"pollutant":"NOx","source_type":"airports","emissions_tpy":27.91654,"unit":"tons/year"}},{"type":"Feature","geometry":{"type":"Point","coordinates":[-83.82681,34.2729]},"properties":{"pollutant":"NOx","source_type":"airports","emissions_tpy":2.791654,"unit":"tons/year"}},{"type":"Feature","geometry":{"type":"Point","coordinates":[-83.9713,33.9745]},"properties":{"pollutant":"NOx","source_type":"airports","emissions_tpy":0.2456655,"unit":"tons/year"}},{"type":"Feature","geometry":{"type":"Point","coordinates":[-83.139,33.59767]},"properties":{"pollutant":"NOx","source_type":"airports","emissions_tpy":0.5583307,"unit":"tons/year"}},{"type":"Feature","geometry":{"type":"Point","coordinates":[-84.15474,30.88798]},"properties":{"pollutant":"NOx","source_type":"airports","emissions_tpy":1.116661,"unit":"tons/year"}},{"type":"Feature","geometry":{"type":"Point","coordinates":[-81.3939,31.15167]},"properties":{"pollutant":"NOx","source_type":"airports","emissions_tpy":4.18748,"unit":"tons/year"}},{"type":"Feature","geometry":{"type":"Point","coordinates":[-81.46631,31.25903]},"properties":{"pollutant":"NOx","source_type":"airports","emissions_tpy":2.791654,"unit":"tons/year"}},{"type":"Feature","geometry":{"type":"Point","coordinates":[-84.5293,33.7801]},"properties":{"pollutant":"NOx","source_type":"airports","emissions_tpy":0.6253304,"unit":"tons/year"}},{"type":"Feature","geometry":{"type":"Point","coordinates":[-85.15801,34.3506]},"properties":{"pollutant":"NOx","source_type":"airports","emissions_tpy":7.704964,"unit":"tons/year"}},{"type":"Feature","geometry":{"type":"Point","coordinates":[-84.86911,34.72175]},"properties":{"pollutant":"NOx","source_type":"airports","emissions_tpy":0.5583307,"unit":"tons/year"}},{"type":"Feature","geometry":{"type":"Point","coordinates":[-84.5163,33.9153]},"properties":{"pollutant":"NOx","source_type":"airports","emissions_tpy":487.4004,"unit":"tons/year"}},{"type":"Feature","geometry":{"type":"Point","coordinates":[-84.6055,34.0134]},"properties":{"pollutant":"NOx","source_type":"airports","emissions_tpy":0.1477869,"unit":"tons/year"}},{"type":"Feature","geometry":{"type":"Point","coordinates":[-83.651,32.6982]},"properties":{"pollutant":"NOx","source_type":"airports","emissions_tpy":0.4001491,"unit":"tons/year"}},{"type":"Feature","geometry":{"type":"Point","coordinates":[-83.651,32.6982]},"properties":{"pollutant":"NOx","source_type":"airports","emissions_tpy":0.1146275,"unit":"tons/year"}},{"type":"Feature","geometry":{"type":"Point","coordinates":[-81.2024,32.1166]},"properties":{"pollutant":"NOx","source_type":"airports","emissions_tpy":1.734703,"unit":"tons/year"}},{"type":"Feature","geometry":{"type":"Point","coordinates":[-81.2024,32.1166]},"properties":{"pollutant":"NOx","source_type":"airports","emissions_tpy":0.492375,"unit":"tons/year"}},{"type":"Feature","geometry":{"type":"Point","coordinates":[-83.3255,33.9429]},"properties":{"pollutant":"NOx","source_type":"airports","emissions_tpy":1.097912,"unit":"tons/year"}},{"type":"Feature","geometry":{"type":"Point","coordinates":[-83.3255,33.9429]},"properties":{"pollutant":"NOx","source_type":"airports","emissions_tpy":0.3135925,"unit":"tons/year"}},{"type":"Feature","geometry":{"type":"Point","coordinates":[-84.4387,33.6442]},"properties":{"pollutant":"NOx","source_type":"airports","emissions_tpy":0.6372632,"unit":"tons/year"}},{"type":"Feature","geometry":{"type":"Point","coordinates":[-84.4479,33.6306]},"properties":{"pollutant":"NOx","source_type":"airports","emissions_tpy":0,"unit":"tons/year"}},{"type":"Feature","geometry":{"type":"Point","coordinates":[-84.3057,33.8826]},"properties":{"pollutant":"NOx","source_type":"airports","emissions_tpy":4.028454,"unit":"tons/year"}},{"type":"Feature","geometry":{"type":"Point","coordinates":[-84.3057,33.8826]},"properties":{"pollutant":"NOx","source_type":"airports","emissions_tpy":1.146892,"unit":"tons/year"}},{"type":"Feature","geometry":{"type":"Point","coordinates":[-84.1997,31.5412]},"properties":{"pollutant":"NOx","source_type":"airports","emissions_tpy":0.2678992,"unit":"tons/year"}},{"type":"Feature","geometry":{"type":"Point","coordinates":[-84.1997,31.5412]},"properties":{"pollutant":"NOx","source_type":"airports","emissions_tpy":0.0767975,"unit":"tons/year"}},{"type":"Feature","geometry":{"type":"Point","coordinates":[-81.3939,31.15167]},"properties":{"pollutant":"NOx","source_type":"airports","emissions_tpy":0.3965325,"unit":"tons/year"}},{"type":"Feature","geometry":{"type":"Point","coordinates":[-81.3939,31.15167]},"properties":{"pollutant":"NOx","source_type":"airports","emissions_tpy":1.383849,"unit":"tons/year"}},{"type":"Feature","geometry":{"type":"Point","coordinates":[-83.9713,33.9745]},"properties":{"pollutant":"NOx","source_type":"airports","emissions_tpy":3.274197,"unit":"tons/year"}},{"type":"Feature","geometry":{"type":"Point","coordinates":[-83.9713,33.9745]},"properties":{"pollutant":"NOx","source_type":"airports","emissions_tpy":0.938145,"unit":"tons/year"}},{"type":"Feature","geometry":{"type":"Point","coordinates":[-84.93886,32.51633]},"properties":{"pollutant":"NOx","source_type":"airports","emissions_tpy":0.2526225,"unit":"tons/year"}},{"type":"Feature","geometry":{"type":"Point","coordinates":[-84.93886,32.51633]},"properties":{"pollutant":"NOx","source_type":"airports","emissions_tpy":0.8679205,"unit":"tons/year"}},{"type":"Feature","geometry":{"type":"Point","coordinates":[-82.03937,33.46653]},"properties":{"pollutant":"NOx","source_type":"airports","emissions_tpy":0.28665,"unit":"tons/year"}},{"type":"Feature","geometry":{"type":"Point","coordinates":[-82.03937,33.46653]},"properties":{"pollutant":"NOx","source_type":"airports","emissions_tpy":1.000373,"unit":"tons/year"}},{"type":"Feature","geometry":{"type":"Point","coordinates":[-81.9722,33.3821]},"properties":{"pollutant":"NOx","source_type":"airports","emissions_tpy":0.3654565,"unit":"tons/year"}},{"type":"Feature","geometry":{"type":"Point","coordinates":[-81.9695,33.3671]},"properties":{"pollutant":"NOx","source_type":"airports","emissions_tpy":0.104325,"unit":"tons/year"}},{"type":"Feature","geometry":{"type":"Point","coordinates":[-84.46951,33.82948]},"properties":{"pollutant":"NOx","source_type":"egucems","emissions_tpy":81.69,"unit":"tons/year"}},{"type":"Feature","geometry":{"type":"Point","coordinates":[-84.46948,33.82934]},"properties":{"pollutant":"NOx","source_type":"egucems","emissions_tpy":80.69,"unit":"tons/year"}},{"type":"Feature","geometry":{"type":"Point","coordinates":[-84.46801,33.82952]},"properties":{"pollutant":"NOx","source_type":"egucems","emissions_tpy":82.91,"unit":"tons/year"}},{"type":"Feature","geometry":{"type":"Point","coordinates":[-84.46801,33.82934]},"properties":{"pollutant":"NOx","source_type":"egucems","emissions_tpy":85.53,"unit":"tons/year"}},{"type":"Feature","geometry":{"type":"Point","coordinates":[-84.47373,33.82724]},"properties":{"pollutant":"NOx","source_type":"egucems","emissions_tpy":79.09,"unit":"tons/year"}},{"type":"Feature","geometry":{"type":"Point","coordinates":[-84.47379,33.8273]},"properties":{"pollutant":"NOx","source_type":"egucems","emissions_tpy":78.8,"unit":"tons/year"}},{"type":"Feature","geometry":{"type":"Point","coordinates":[-85.037115,33.405934]},"properties":{"pollutant":"NOx","source_type":"egucems","emissions_tpy":64.4852,"unit":"tons/year"}},{"type":"Feature","geometry":{"type":"Point","coordinates":[-85.036853,33.405699]},"properties":{"pollutant":"NOx","source_type":"egucems","emissions_tpy":67.5744,"unit":"tons/year"}},{"type":"Feature","geometry":{"type":"Point","coordinates":[-85.03808,33.406747]},"properties":{"pollutant":"NOx","source_type":"egucems","emissions_tpy":56.3484,"unit":"tons/year"}},{"type":"Feature","geometry":{"type":"Point","coordinates":[-85.037794,33.406512]},"properties":{"pollutant":"NOx","source_type":"egucems","emissions_tpy":56.1906,"unit":"tons/year"}},{"type":"Feature","geometry":{"type":"Point","coordinates":[-84.10756,31.55399]},"properties":{"pollutant":"NOx","source_type":"egucems","emissions_tpy":161.47,"unit":"tons/year"}},{"type":"Feature","geometry":{"type":"Point","coordinates":[-84.10756,31.55399]},"properties":{"pollutant":"NOx","source_type":"egucems","emissions_tpy":5.12,"unit":"tons/year"}},{"type":"Feature","geometry":{"type":"Point","coordinates":[-84.10756,31.55399]},"properties":{"pollutant":"NOx","source_type":"egucems","emissions_tpy":1.01,"unit":"tons/year"}},{"type":"Feature","geometry":{"type":"Point","coordinates":[-81.544759,31.21431]},"properties":{"pollutant":"NOx","source_type":"egucems","emissions_tpy":5.76,"unit":"tons/year"}},{"type":"Feature","geometry":{"type":"Point","coordinates":[-81.544457,31.214463]},"properties":{"pollutant":"NOx","source_type":"egucems","emissions_tpy":4.67,"unit":"tons/year"}},{"type":"Feature","geometry":{"type":"Point","coordinates":[-81.544346,31.214517]},"properties":{"pollutant":"NOx","source_type":"egucems","emissions_tpy":4.2,"unit":"tons/year"}},{"type":"Feature","geometry":{"type":"Point","coordinates":[-81.544873,31.214255]},"properties":{"pollutant":"NOx","source_type":"egucems","emissions_tpy":4.86,"unit":"tons/year"}},{"type":"Feature","geometry":{"type":"Point","coordinates":[-81.545437,31.213972]},"properties":{"pollutant":"NOx","source_type":"egucems","emissions_tpy":5.04,"unit":"tons/year"}},{"type":"Feature","geometry":{"type":"Point","coordinates":[-81.543934,31.214723]},"properties":{"pollutant":"NOx","source_type":"egucems","emissions_tpy":2.49,"unit":"tons/year"}},{"type":"Feature","geometry":{"type":"Point","coordinates":[-81.545767,31.213809]},"properties":{"pollutant":"NOx","source_type":"egucems","emissions_tpy":4.98,"unit":"tons/year"}},{"type":"Feature","geometry":{"type":"Point","coordinates":[-81.544047,31.214668]},"properties":{"pollutant":"NOx","source_type":"egucems","emissions_tpy":2.8,"unit":"tons/year"}},{"type":"Feature","geometry":{"type":"Point","coordinates":[-81.545105,31.214142]},"properties":{"pollutant":"NOx","source_type":"egucems","emissions_tpy":7.63,"unit":"tons/year"}},{"type":"Feature","geometry":{"type":"Point","coordinates":[-81.171117,32.356843]},"properties":{"pollutant":"NOx","source_type":"egucems","emissions_tpy":63.34,"unit":"tons/year"}},{"type":"Feature","geometry":{"type":"Point","coordinates":[-81.171308,32.356626]},"properties":{"pollutant":"NOx","source_type":"egucems","emissions_tpy":25.96,"unit":"tons/year"}},{"type":"Feature","geometry":{"type":"Point","coordinates":[-81.170724,32.357294]},"properties":{"pollutant":"NOx","source_type":"egucems","emissions_tpy":57.44,"unit":"tons/year"}},{"type":"Feature","geometry":{"type":"Point","coordinates":[-81.170353,32.357746]},"properties":{"pollutant":"NOx","source_type":"egucems","emissions_tpy":35.37,"unit":"tons/year"}},{"type":"Feature","geometry":{"type":"Point","coordinates":[-81.170915,32.357078]},"properties":{"pollutant":"NOx","source_type":"egucems","emissions_tpy":12.94,"unit":"tons/year"}},{"type":"Feature","geometry":{"type":"Point","coordinates":[-81.170544,32.357511]},"properties":{"pollutant":"NOx","source_type":"egucems","emissions_tpy":25.74,"unit":"tons/year"}},{"type":"Feature","geometry":{"type":"Point","coordinates":[-81.171689,32.356174]},"properties":{"pollutant":"NOx","source_type":"egucems","emissions_tpy":23.63,"unit":"tons/year"}},{"type":"Feature","geometry":{"type":"Point","coordinates":[-81.171499,32.3564]},"properties":{"pollutant":"NOx","source_type":"egucems","emissions_tpy":36.61,"unit":"tons/year"}},{"type":"Feature","geometry":{"type":"Point","coordinates":[-84.898495,33.462279]},"properties":{"pollutant":"NOx","source_type":"egucems","emissions_tpy":443.67,"unit":"tons/year"}},{"type":"Feature","geometry":{"type":"Point","coordinates":[-84.898495,33.462279]},"properties":{"pollutant":"NOx","source_type":"egucems","emissions_tpy":481.8,"unit":"tons/year"}},{"type":"Feature","geometry":{"type":"Point","coordinates":[-84.476589,33.82331]},"properties":{"pollutant":"NOx","source_type":"egucems","emissions_tpy":0.045,"unit":"tons/year"}},{"type":"Feature","geometry":{"type":"Point","coordinates":[-84.476644,33.823353]},"properties":{"pollutant":"NOx","source_type":"egucems","emissions_tpy":0.19,"unit":"tons/year"}},{"type":"Feature","geometry":{"type":"Point","coordinates":[-84.476651,33.823282]},"properties":{"pollutant":"NOx","source_type":"egucems","emissions_tpy":0.053,"unit":"tons/year"}},{"type":"Feature","geometry":{"type":"Point","coordinates":[-84.476702,33.823346]},"properties":{"pollutant":"NOx","source_type":"egucems","emissions_tpy":0.102,"unit":"tons/year"}},{"type":"Feature","geometry":{"type":"Point","coordinates":[-84.925545,34.127198]},"properties":{"pollutant":"NOx","source_type":"egucems","emissions_tpy":1507,"unit":"tons/year"}},{"type":"Feature","geometry":{"type":"Point","coordinates":[-84.925545,34.127198]},"properties":{"pollutant":"NOx","source_type":"egucems","emissions_tpy":822.44,"unit":"tons/year"}},{"type":"Feature","geometry":{"type":"Point","coordinates":[-84.91871,34.126045]},"properties":{"pollutant":"NOx","source_type":"egucems","emissions_tpy":1246,"unit":"tons/year"}},{"type":"Feature","geometry":{"type":"Point","coordinates":[-84.91871,34.126045]},"properties":{"pollutant":"NOx","source_type":"egucems","emissions_tpy":1243,"unit":"tons/year"}},{"type":"Feature","geometry":{"type":"Point","coordinates":[-83.582356,32.579232]},"properties":{"pollutant":"NOx","source_type":"egucems","emissions_tpy":41.97,"unit":"tons/year"}},{"type":"Feature","geometry":{"type":"Point","coordinates":[-83.582363,32.578937]},"properties":{"pollutant":"NOx","source_type":"egucems","emissions_tpy":51.86,"unit":"tons/year"}},{"type":"Feature","geometry":{"type":"Point","coordinates":[-83.806415,33.063437]},"properties":{"pollutant":"NOx","source_type":"egucems","emissions_tpy":1701,"unit":"tons/year"}},{"type":"Feature","geometry":{"type":"Point","coordinates":[-83.806436,33.061348]},"properties":{"pollutant":"NOx","source_type":"egucems","emissions_tpy":13.99,"unit":"tons/year"}},{"type":"Feature","geometry":{"type":"Point","coordinates":[-83.807377,33.059492]},"properties":{"pollutant":"NOx","source_type":"egucems","emissions_tpy":17.41,"unit":"tons/year"}},{"type":"Feature","geometry":{"type":"Point","coordinates":[-83.80767,33.05727]},"properties":{"pollutant":"NOx","source_type":"egucems","emissions_tpy":1881,"unit":"tons/year"}},{"type":"Feature","geometry":{"type":"Point","coordinates":[-83.807377,33.059492]},"properties":{"pollutant":"NOx","source_type":"egucems","emissions_tpy":1.89,"unit":"tons/year"}},{"type":"Feature","geometry":{"type":"Point","coordinates":[-83.80689,33.05704]},"properties":{"pollutant":"NOx","source_type":"egucems","emissions_tpy":232.65,"unit":"tons/year"}},{"type":"Feature","geometry":{"type":"Point","coordinates":[-83.806415,33.063437]},"properties":{"pollutant":"NOx","source_type":"egucems","emissions_tpy":633.69,"unit":"tons/year"}},{"type":"Feature","geometry":{"type":"Point","coordinates":[-83.806436,33.061348]},"properties":{"pollutant":"NOx","source_type":"egucems","emissions_tpy":0.3,"unit":"tons/year"}},{"type":"Feature","geometry":{"type":"Point","coordinates":[-84.91775,34.70931]},"properties":{"pollutant":"NOx","source_type":"egucems","emissions_tpy":57.9,"unit":"tons/year"}},{"type":"Feature","geometry":{"type":"Point","coordinates":[-84.91826,34.70931]},"properties":{"pollutant":"NOx","source_type":"egucems","emissions_tpy":60.2,"unit":"tons/year"}},{"type":"Feature","geometry":{"type":"Point","coordinates":[-84.91897,34.7093]},"properties":{"pollutant":"NOx","source_type":"egucems","emissions_tpy":63.1,"unit":"tons/year"}},{"type":"Feature","geometry":{"type":"Point","coordinates":[-84.91945,34.70931]},"properties":{"pollutant":"NOx","source_type":"egucems","emissions_tpy":60.9,"unit":"tons/year"}},{"type":"Feature","geometry":{"type":"Point","coordinates":[-81.284749,32.27724]},"properties":{"pollutant":"NOx","source_type":"egucems","emissions_tpy":41.8,"unit":"tons/year"}},{"type":"Feature","geometry":{"type":"Point","coordinates":[-81.284417,32.277578]},"properties":{"pollutant":"NOx","source_type":"egucems","emissions_tpy":42.8,"unit":"tons/year"}},{"type":"Feature","geometry":{"type":"Point","coordinates":[-81.182853,32.347679]},"properties":{"pollutant":"NOx","source_type":"egucems","emissions_tpy":48.07,"unit":"tons/year"}},{"type":"Feature","geometry":{"type":"Point","coordinates":[-81.182471,32.347625]},"properties":{"pollutant":"NOx","source_type":"egucems","emissions_tpy":48.58,"unit":"tons/year"}},{"type":"Feature","geometry":{"type":"Point","coordinates":[-81.181301,32.347419]},"properties":{"pollutant":"NOx","source_type":"egucems","emissions_tpy":37.09,"unit":"tons/year"}},{"type":"Feature","geometry":{"type":"Point","coordinates":[-81.180929,32.347357]},"properties":{"pollutant":"NOx","source_type":"egucems","emissions_tpy":38.86,"unit":"tons/year"}},{"type":"Feature","geometry":{"type":"Point","coordinates":[-85.039658,33.408206]},"properties":{"pollutant":"NOx","source_type":"egucems","emissions_tpy":41.07,"unit":"tons/year"}},{"type":"Feature","geometry":{"type":"Point","coordinates":[-85.03992,33.40846]},"properties":{"pollutant":"NOx","source_type":"egucems","emissions_tpy":50.36,"unit":"tons/year"}},{"type":"Feature","geometry":{"type":"Point","coordinates":[-85.03845,33.40695]},"properties":{"pollutant":"NOx","source_type":"egucems","emissions_tpy":53.5,"unit":"tons/year"}},{"type":"Feature","geometry":{"type":"Point","coordinates":[-85.03869,33.40714]},"properties":{"pollutant":"NOx","source_type":"egucems","emissions_tpy":47.3,"unit":"tons/year"}},{"type":"Feature","geometry":{"type":"Point","coordinates":[-81.74814,33.13828]},"properties":{"pollutant":"NOx","source_type":"egucems","emissions_tpy":2.81556,"unit":"tons/year"}},{"type":"Feature","geometry":{"type":"Point","coordinates":[-81.74814,33.13805]},"properties":{"pollutant":"NOx","source_type":"egucems","emissions_tpy":3.30616,"unit":"tons/year"}},{"type":"Feature","geometry":{"type":"Point","coordinates":[-81.74814,33.13782]},"properties":{"pollutant":"NOx","source_type":"egucems","emissions_tpy":2.8908,"unit":"tons/year"}},{"type":"Feature","geometry":{"type":"Point","coordinates":[-81.74815,33.13758]},"properties":{"pollutant":"NOx","source_type":"egucems","emissions_tpy":2.37248,"unit":"tons/year"}},{"type":"Feature","geometry":{"type":"Point","coordinates":[-81.74815,33.13735]},"properties":{"pollutant":"NOx","source_type":"egucems","emissions_tpy":2.8864,"unit":"tons/year"}},{"type":"Feature","geometry":{"type":"Point","coordinates":[-81.74815,33.13712]},"properties":{"pollutant":"NOx","source_type":"egucems","emissions_tpy":2.70424,"unit":"tons/year"}},{"type":"Feature","geometry":{"type":"Point","coordinates":[-84.6918,32.58959]},"properties":{"pollutant":"NOx","source_type":"egucems","emissions_tpy":12.3,"unit":"tons/year"}},{"type":"Feature","geometry":{"type":"Point","coordinates":[-84.69181,32.58932]},"properties":{"pollutant":"NOx","source_type":"egucems","emissions_tpy":11.8,"unit":"tons/year"}},{"type":"Feature","geometry":{"type":"Point","coordinates":[-84.6918,32.58906]},"properties":{"pollutant":"NOx","source_type":"egucems","emissions_tpy":14.2,"unit":"tons/year"}},{"type":"Feature","geometry":{"type":"Point","coordinates":[-84.6918,32.58879]},"properties":{"pollutant":"NOx","source_type":"egucems","emissions_tpy":14.6,"unit":"tons/year"}},{"type":"Feature","geometry":{"type":"Point","coordinates":[-84.6918,32.58854]},"properties":{"pollutant":"NOx","source_type":"egucems","emissions_tpy":0.154,"unit":"tons/year"}},{"type":"Feature","geometry":{"type":"Point","coordinates":[-84.6918,32.58854]},"properties":{"pollutant":"NOx","source_type":"egucems","emissions_tpy":15.9,"unit":"tons/year"}},{"type":"Feature","geometry":{"type":"Point","coordinates":[-84.69179,32.58827]},"properties":{"pollutant":"NOx","source_type":"egucems","emissions_tpy":0.269,"unit":"tons/year"}},{"type":"Feature","geometry":{"type":"Point","coordinates":[-84.69179,32.58827]},"properties":{"pollutant":"NOx","source_type":"egucems","emissions_tpy":13.4,"unit":"tons/year"}},{"type":"Feature","geometry":{"type":"Point","coordinates":[-85.034899,33.41193]},"properties":{"pollutant":"NOx","source_type":"egucems","emissions_tpy":68.91,"unit":"tons/year"}},{"type":"Feature","geometry":{"type":"Point","coordinates":[-85.034899,33.41193]},"properties":{"pollutant":"NOx","source_type":"egucems","emissions_tpy":51.02,"unit":"tons/year"}},{"type":"Feature","geometry":{"type":"Point","coordinates":[-85.025888,33.414772]},"properties":{"pollutant":"NOx","source_type":"egucems","emissions_tpy":1.79,"unit":"tons/year"}},{"type":"Feature","geometry":{"type":"Point","coordinates":[-83.397575,34.041265]},"properties":{"pollutant":"NOx","source_type":"egucems","emissions_tpy":0.02,"unit":"tons/year"}},{"type":"Feature","geometry":{"type":"Point","coordinates":[-83.397575,34.041265]},"properties":{"pollutant":"NOx","source_type":"egucems","emissions_tpy":4.8366,"unit":"tons/year"}},{"type":"Feature","geometry":{"type":"Point","coordinates":[-83.397638,34.041553]},"properties":{"pollutant":"NOx","source_type":"egucems","emissions_tpy":13.5797,"unit":"tons/year"}},{"type":"Feature","geometry":{"type":"Point","coordinates":[-83.397638,34.041553]},"properties":{"pollutant":"NOx","source_type":"egucems","emissions_tpy":0.0241,"unit":"tons/year"}},{"type":"Feature","geometry":{"type":"Point","coordinates":[-83.397701,34.041846]},"properties":{"pollutant":"NOx","source_type":"egucems","emissions_tpy":4.0009,"unit":"tons/year"}},{"type":"Feature","geometry":{"type":"Point","coordinates":[-83.397701,34.041846]},"properties":{"pollutant":"NOx","source_type":"egucems","emissions_tpy":0.0202,"unit":"tons/year"}},{"type":"Feature","geometry":{"type":"Point","coordinates":[-83.39798,34.04334]},"properties":{"pollutant":"NOx","source_type":"egucems","emissions_tpy":13.5513,"unit":"tons/year"}},{"type":"Feature","geometry":{"type":"Point","coordinates":[-83.39798,34.04334]},"properties":{"pollutant":"NOx","source_type":"egucems","emissions_tpy":0.0162,"unit":"tons/year"}},{"type":"Feature","geometry":{"type":"Point","coordinates":[-83.397439,34.040945]},"properties":{"pollutant":"NOx","source_type":"egucems","emissions_tpy":12.7809,"unit":"tons/year"}},{"type":"Feature","geometry":{"type":"Point","coordinates":[-83.397439,34.040945]},"properties":{"pollutant":"NOx","source_type":"egucems","emissions_tpy":0.0128,"unit":"tons/year"}},{"type":"Feature","geometry":{"type":"Point","coordinates":[-83.39737,34.04063]},"properties":{"pollutant":"NOx","source_type":"egucems","emissions_tpy":0.0491,"unit":"tons/year"}},{"type":"Feature","geometry":{"type":"Point","coordinates":[-83.39737,34.04063]},"properties":{"pollutant":"NOx","source_type":"egucems","emissions_tpy":4.237,"unit":"tons/year"}},{"type":"Feature","geometry":{"type":"Point","coordinates":[-83.397768,34.042156]},"properties":{"pollutant":"NOx","source_type":"egucems","emissions_tpy":13.4005,"unit":"tons/year"}},{"type":"Feature","geometry":{"type":"Point","coordinates":[-83.397768,34.042156]},"properties":{"pollutant":"NOx","source_type":"egucems","emissions_tpy":0.0201,"unit":"tons/year"}},{"type":"Feature","geometry":{"type":"Point","coordinates":[-83.39785,34.04274]},"properties":{"pollutant":"NOx","source_type":"egucems","emissions_tpy":0.0206,"unit":"tons/year"}},{"type":"Feature","geometry":{"type":"Point","coordinates":[-83.39785,34.04274]},"properties":{"pollutant":"NOx","source_type":"egucems","emissions_tpy":14.2557,"unit":"tons/year"}},{"type":"Feature","geometry":{"type":"Point","coordinates":[-83.39792,34.04304]},"properties":{"pollutant":"NOx","source_type":"egucems","emissions_tpy":4.6122,"unit":"tons/year"}},{"type":"Feature","geometry":{"type":"Point","coordinates":[-83.39792,34.04304]},"properties":{"pollutant":"NOx","source_type":"egucems","emissions_tpy":0.0192,"unit":"tons/year"}},{"type":"Feature","geometry":{"type":"Point","coordinates":[-83.39778,34.04244]},"properties":{"pollutant":"NOx","source_type":"egucems","emissions_tpy":0.0235,"unit":"tons/year"}},{"type":"Feature","geometry":{"type":"Point","coordinates":[-83.39778,34.04244]},"properties":{"pollutant":"NOx","source_type":"egucems","emissions_tpy":3.0758,"unit":"tons/year"}},{"type":"Feature","geometry":{"type":"Point","coordinates":[-82.860378,33.118063]},"properties":{"pollutant":"NOx","source_type":"egucems","emissions_tpy":0.53869,"unit":"tons/year"}},{"type":"Feature","geometry":{"type":"Point","coordinates":[-82.860598,33.118247]},"properties":{"pollutant":"NOx","source_type":"egucems","emissions_tpy":0.747728,"unit":"tons/year"}},{"type":"Feature","geometry":{"type":"Point","coordinates":[-82.86085,33.118526]},"properties":{"pollutant":"NOx","source_type":"egucems","emissions_tpy":1.11145,"unit":"tons/year"}},{"type":"Feature","geometry":{"type":"Point","coordinates":[-82.861049,33.118723]},"properties":{"pollutant":"NOx","source_type":"egucems","emissions_tpy":1.14335,"unit":"tons/year"}},{"type":"Feature","geometry":{"type":"Point","coordinates":[-82.861301,33.118997]},"properties":{"pollutant":"NOx","source_type":"egucems","emissions_tpy":0.640263,"unit":"tons/year"}},{"type":"Feature","geometry":{"type":"Point","coordinates":[-82.861483,33.1192]},"properties":{"pollutant":"NOx","source_type":"egucems","emissions_tpy":1.1686,"unit":"tons/year"}},{"type":"Feature","geometry":{"type":"Point","coordinates":[-82.861784,33.119541]},"properties":{"pollutant":"NOx","source_type":"egucems","emissions_tpy":0.839434,"unit":"tons/year"}},{"type":"Feature","geometry":{"type":"Point","coordinates":[-82.861939,33.119671]},"properties":{"pollutant":"NOx","source_type":"egucems","emissions_tpy":0.63198,"unit":"tons/year"}},{"type":"Feature","geometry":{"type":"Point","coordinates":[-82.979629,33.091694]},"properties":{"pollutant":"NOx","source_type":"egucems","emissions_tpy":5.3,"unit":"tons/year"}},{"type":"Feature","geometry":{"type":"Point","coordinates":[-82.980015,33.091843]},"properties":{"pollutant":"NOx","source_type":"egucems","emissions_tpy":9.4,"unit":"tons/year"}},{"type":"Feature","geometry":{"type":"Point","coordinates":[-82.980595,33.092072]},"properties":{"pollutant":"NOx","source_type":"egucems","emissions_tpy":8.9,"unit":"tons/year"}},{"type":"Feature","geometry":{"type":"Point","coordinates":[-82.981008,33.092234]},"properties":{"pollutant":"NOx","source_type":"egucems","emissions_tpy":2.4,"unit":"tons/year"}},{"type":"Feature","geometry":{"type":"Point","coordinates":[-83.694958,33.815105]},"properties":{"pollutant":"NOx","source_type":"egucems","emissions_tpy":28.7,"unit":"tons/year"}},{"type":"Feature","geometry":{"type":"Point","coordinates":[-83.695411,33.81494]},"properties":{"pollutant":"NOx","source_type":"egucems","emissions_tpy":29.1,"unit":"tons/year"}},{"type":"Feature","geometry":{"type":"Point","coordinates":[-83.695843,33.814753]},"properties":{"pollutant":"NOx","source_type":"egucems","emissions_tpy":25.1,"unit":"tons/year"}},{"type":"Feature","geometry":{"type":"Point","coordinates":[-84.305955,32.91063]},"properties":{"pollutant":"NOx","source_type":"egucems","emissions_tpy":0.0158,"unit":"tons/year"}},{"type":"Feature","geometry":{"type":"Point","coordinates":[-84.305955,32.91063]},"properties":{"pollutant":"NOx","source_type":"egucems","emissions_tpy":0.4063,"unit":"tons/year"}},{"type":"Feature","geometry":{"type":"Point","coordinates":[-84.3059,32.91103]},"properties":{"pollutant":"NOx","source_type":"egucems","emissions_tpy":35.2829,"unit":"tons/year"}},{"type":"Feature","geometry":{"type":"Point","coordinates":[-84.3059,32.91103]},"properties":{"pollutant":"NOx","source_type":"egucems","emissions_tpy":0.294,"unit":"tons/year"}},{"type":"Feature","geometry":{"type":"Point","coordinates":[-84.305868,32.911427]},"properties":{"pollutant":"NOx","source_type":"egucems","emissions_tpy":0.5948,"unit":"tons/year"}},{"type":"Feature","geometry":{"type":"Point","coordinates":[-84.305868,32.911427]},"properties":{"pollutant":"NOx","source_type":"egucems","emissions_tpy":0.0322,"unit":"tons/year"}},{"type":"Feature","geometry":{"type":"Point","coordinates":[-84.305832,32.911819]},"properties":{"pollutant":"NOx","source_type":"egucems","emissions_tpy":0.0213,"unit":"tons/year"}},{"type":"Feature","geometry":{"type":"Point","coordinates":[-84.305868,32.911427]},"properties":{"pollutant":"NOx","source_type":"egucems","emissions_tpy":33.4813,"unit":"tons/year"}},{"type":"Feature","geometry":{"type":"Point","coordinates":[-84.999721,33.352591]},"properties":{"pollutant":"NOx","source_type":"egucems","emissions_tpy":1.67,"unit":"tons/year"}},{"type":"Feature","geometry":{"type":"Point","coordinates":[-84.999721,33.352591]},"properties":{"pollutant":"NOx","source_type":"egucems","emissions_tpy":0.03,"unit":"tons/year"}},{"type":"Feature","geometry":{"type":"Point","coordinates":[-84.999684,33.352252]},"properties":{"pollutant":"NOx","source_type":"egucems","emissions_tpy":1.06,"unit":"tons/year"}},{"type":"Feature","geometry":{"type":"Point","coordinates":[-84.999684,33.352252]},"properties":{"pollutant":"NOx","source_type":"egucems","emissions_tpy":0.04,"unit":"tons/year"}},{"type":"Feature","geometry":{"type":"Point","coordinates":[-84.999641,33.351905]},"properties":{"pollutant":"NOx","source_type":"egucems","emissions_tpy":0.0579,"unit":"tons/year"}},{"type":"Feature","geometry":{"type":"Point","coordinates":[-84.999641,33.351905]},"properties":{"pollutant":"NOx","source_type":"egucems","emissions_tpy":2.84,"unit":"tons/year"}},{"type":"Feature","geometry":{"type":"Point","coordinates":[-84.999601,33.351562]},"properties":{"pollutant":"NOx","source_type":"egucems","emissions_tpy":3.17,"unit":"tons/year"}},{"type":"Feature","geometry":{"type":"Point","coordinates":[-84.999601,33.351562]},"properties":{"pollutant":"NOx","source_type":"egucems","emissions_tpy":0.033,"unit":"tons/year"}},{"type":"Feature","geometry":{"type":"Point","coordinates":[-84.999563,33.351204]},"properties":{"pollutant":"NOx","source_type":"egucems","emissions_tpy":1.07,"unit":"tons/year"}},{"type":"Feature","geometry":{"type":"Point","coordinates":[-84.999563,33.351204]},"properties":{"pollutant":"NOx","source_type":"egucems","emissions_tpy":0.029,"unit":"tons/year"}},{"type":"Feature","geometry":{"type":"Point","coordinates":[-84.999512,33.350859]},"properties":{"pollutant":"NOx","source_type":"egucems","emissions_tpy":1.86,"unit":"tons/year"}},{"type":"Feature","geometry":{"type":"Point","coordinates":[-84.999512,33.350859]},"properties":{"pollutant":"NOx","source_type":"egucems","emissions_tpy":0.037,"unit":"tons/year"}},{"type":"Feature","geometry":{"type":"Point","coordinates":[-84.991087,33.358828]},"properties":{"pollutant":"NOx","source_type":"egucems","emissions_tpy":55.6,"unit":"tons/year"}},{"type":"Feature","geometry":{"type":"Point","coordinates":[-84.991136,33.35847]},"properties":{"pollutant":"NOx","source_type":"egucems","emissions_tpy":46.2,"unit":"tons/year"}},{"type":"Feature","geometry":{"type":"Point","coordinates":[-84.991128,33.358049]},"properties":{"pollutant":"NOx","source_type":"egucems","emissions_tpy":63.8,"unit":"tons/year"}},{"type":"Feature","geometry":{"type":"Point","coordinates":[-82.819635,34.339327]},"properties":{"pollutant":"NOx","source_type":"egucems","emissions_tpy":0.535,"unit":"tons/year"}},{"type":"Feature","geometry":{"type":"Point","coordinates":[-82.819635,34.339327]},"properties":{"pollutant":"NOx","source_type":"egucems","emissions_tpy":37.7,"unit":"tons/year"}},{"type":"Feature","geometry":{"type":"Point","coordinates":[-82.819987,34.339105]},"properties":{"pollutant":"NOx","source_type":"egucems","emissions_tpy":29.63,"unit":"tons/year"}},{"type":"Feature","geometry":{"type":"Point","coordinates":[-83.603931,32.485429]},"properties":{"pollutant":"NOx","source_type":"egucems","emissions_tpy":0.34,"unit":"tons/year"}},{"type":"Feature","geometry":{"type":"Point","coordinates":[-83.603931,32.485429]},"properties":{"pollutant":"NOx","source_type":"egucems","emissions_tpy":9.76,"unit":"tons/year"}},{"type":"Feature","geometry":{"type":"Point","coordinates":[-83.603896,32.485088]},"properties":{"pollutant":"NOx","source_type":"egucems","emissions_tpy":12.71,"unit":"tons/year"}},{"type":"Feature","geometry":{"type":"Point","coordinates":[-83.603896,32.485088]},"properties":{"pollutant":"NOx","source_type":"egucems","emissions_tpy":1.39,"unit":"tons/year"}},{"type":"Feature","geometry":{"type":"Point","coordinates":[-84.082278,31.386856]},"properties":{"pollutant":"NOx","source_type":"egucems","emissions_tpy":21.2,"unit":"tons/year"}},{"type":"Feature","geometry":{"type":"Point","coordinates":[-84.080649,31.386858]},"properties":{"pollutant":"NOx","source_type":"egucems","emissions_tpy":22.6,"unit":"tons/year"}},{"type":"Feature","geometry":{"type":"Point","coordinates":[-84.080252,31.38686]},"properties":{"pollutant":"NOx","source_type":"egucems","emissions_tpy":15.4,"unit":"tons/year"}},{"type":"Feature","geometry":{"type":"Point","coordinates":[-84.079426,31.386798]},"properties":{"pollutant":"NOx","source_type":"egucems","emissions_tpy":12.3,"unit":"tons/year"}},{"type":"Feature","geometry":{"type":"Point","coordinates":[-83.84668,32.98385]},"properties":{"pollutant":"NOx","source_type":"egucems","emissions_tpy":39,"unit":"tons/year"}},{"type":"Feature","geometry":{"type":"Point","coordinates":[-83.84666,32.98409]},"properties":{"pollutant":"NOx","source_type":"egucems","emissions_tpy":31.6,"unit":"tons/year"}},{"type":"Feature","geometry":{"type":"Point","coordinates":[-84.080858,31.387048]},"properties":{"pollutant":"NOx","source_type":"egucems","emissions_tpy":16.2,"unit":"tons/year"}},{"type":"Feature","geometry":{"type":"Point","coordinates":[-84.080198,31.387036]},"properties":{"pollutant":"NOx","source_type":"egucems","emissions_tpy":18.7,"unit":"tons/year"}},{"type":"Feature","geometry":{"type":"Point","coordinates":[-85.276276,33.947871]},"properties":{"pollutant":"NOx","source_type":"egucems","emissions_tpy":14.2,"unit":"tons/year"}},{"type":"Feature","geometry":{"type":"Point","coordinates":[-85.276553,33.947861]},"properties":{"pollutant":"NOx","source_type":"egucems","emissions_tpy":15.3,"unit":"tons/year"}},{"type":"Feature","geometry":{"type":"Point","coordinates":[-85.277129,33.947862]},"properties":{"pollutant":"NOx","source_type":"egucems","emissions_tpy":44.7,"unit":"tons/year"}},{"type":"Feature","geometry":{"type":"Point","coordinates":[-85.277574,33.94787]},"properties":{"pollutant":"NOx","source_type":"egucems","emissions_tpy":70.1,"unit":"tons/year"}},{"type":"Feature","geometry":{"type":"Point","coordinates":[-83.695685,33.811818]},"properties":{"pollutant":"NOx","source_type":"egucems","emissions_tpy":0.99,"unit":"tons/year"}},{"type":"Feature","geometry":{"type":"Point","coordinates":[-83.695685,33.811818]},"properties":{"pollutant":"NOx","source_type":"egucems","emissions_tpy":1.11,"unit":"tons/year"}},{"type":"Feature","geometry":{"type":"Point","coordinates":[-83.695161,33.812016]},"properties":{"pollutant":"NOx","source_type":"egucems","emissions_tpy":1.09,"unit":"tons/year"}},{"type":"Feature","geometry":{"type":"Point","coordinates":[-83.695161,33.812016]},"properties":{"pollutant":"NOx","source_type":"egucems","emissions_tpy":1.01,"unit":"tons/year"}},{"type":"Feature","geometry":{"type":"Point","coordinates":[-83.699681,33.838008]},"properties":{"pollutant":"NOx","source_type":"egucems","emissions_tpy":9.03,"unit":"tons/year"}},{"type":"Feature","geometry":{"type":"Point","coordinates":[-83.699639,33.837735]},"properties":{"pollutant":"NOx","source_type":"egucems","emissions_tpy":7.19,"unit":"tons/year"}},{"type":"Feature","geometry":{"type":"Point","coordinates":[-83.699578,33.837468]},"properties":{"pollutant":"NOx","source_type":"egucems","emissions_tpy":8.26,"unit":"tons/year"}},{"type":"Feature","geometry":{"type":"Point","coordinates":[-83.699532,33.837117]},"properties":{"pollutant":"NOx","source_type":"egucems","emissions_tpy":7.3,"unit":"tons/year"}},{"type":"Feature","geometry":{"type":"Point","coordinates":[-83.628588,32.772042]},"properties":{"pollutant":"NOx","source_type":"egunoncems","emissions_tpy":339.512,"unit":"tons/year"}},{"type":"Feature","geometry":{"type":"Point","coordinates":[-83.628588,32.772042]},"properties":{"pollutant":"NOx","source_type":"egunoncems","emissions_tpy":0.140623,"unit":"tons/year"}},{"type":"Feature","geometry":{"type":"Point","coordinates":[-83.628588,32.772042]},"properties":{"pollutant":"NOx","source_type":"egunoncems","emissions_tpy":1.64691,"unit":"tons/year"}},{"type":"Feature","geometry":{"type":"Point","coordinates":[-81.27544,32.02603]},"properties":{"pollutant":"NOx","source_type":"egunoncems","emissions_tpy":94.19,"unit":"tons/year"}},{"type":"Feature","geometry":{"type":"Point","coordinates":[-81.27592,32.02613]},"properties":{"pollutant":"NOx","source_type":"egunoncems","emissions_tpy":0.59,"unit":"tons/year"}},{"type":"Feature","geometry":{"type":"Point","coordinates":[-84.12562,33.04515]},"properties":{"pollutant":"NOx","source_type":"egunoncems","emissions_tpy":183.9,"unit":"tons/year"}},{"type":"Feature","geometry":{"type":"Point","coordinates":[-82.84435,32.50301]},"properties":{"pollutant":"NOx","source_type":"egunoncems","emissions_tpy":299.5,"unit":"tons/year"}},{"type":"Feature","geometry":{"type":"Point","coordinates":[-83.330663,34.377491]},"properties":{"pollutant":"NOx","source_type":"egunoncems","emissions_tpy":201.4,"unit":"tons/year"}},{"type":"Feature","geometry":{"type":"Point","coordinates":[-83.191938,34.041854]},"properties":{"pollutant":"NOx","source_type":"egunoncems","emissions_tpy":164.29,"unit":"tons/year"}},{"type":"Feature","geometry":{"type":"Point","coordinates":[-82.84318,32.50434]},"properties":{"pollutant":"NOx","source_type":"egunoncems","emissions_tpy":2.80641,"unit":"tons/year"}},{"type":"Feature","geometry":{"type":"Point","coordinates":[-82.84318,32.50434]},"properties":{"pollutant":"NOx","source_type":"egunoncems","emissions_tpy":52.3109,"unit":"tons/year"}},{"type":"Feature","geometry":{"type":"Point","coordinates":[-84.06971,32.25271]},"properties":{"pollutant":"NOx","source_type":"egunoncems","emissions_tpy":24.2,"unit":"tons/year"}},{"type":"Feature","geometry":{"type":"Point","coordinates":[-84.06971,32.25271]},"properties":{"pollutant":"NOx","source_type":"egunoncems","emissions_tpy":365.3,"unit":"tons/year"}},{"type":"Feature","geometry":{"type":"Point","coordinates":[-84.06971,32.25271]},"properties":{"pollutant":"NOx","source_type":"egunoncems","emissions_tpy":0.109,"unit":"tons/year"}},{"type":"Feature","geometry":{"type":"Point","coordinates":[-84.06971,32.25271]},"properties":{"pollutant":"NOx","source_type":"egunoncems","emissions_tpy":0.2,"unit":"tons/year"}},{"type":"Feature","geometry":{"type":"Point","coordinates":[-84.06971,32.25271]},"properties":{"pollutant":"NOx","source_type":"egunoncems","emissions_tpy":563.5,"unit":"tons/year"}},{"type":"Feature","geometry":{"type":"Point","coordinates":[-83.628909,32.771653]},"properties":{"pollutant":"NOx","source_type":"egunoncems","emissions_tpy":16.8216,"unit":"tons/year"}},{"type":"Feature","geometry":{"type":"Point","coordinates":[-83.628909,32.771653]},"properties":{"pollutant":"NOx","source_type":"egunoncems","emissions_tpy":0.430227,"unit":"tons/year"}},{"type":"Feature","geometry":{"type":"Point","coordinates":[-83.628909,32.771653]},"properties":{"pollutant":"NOx","source_type":"egunoncems","emissions_tpy":468.048,"unit":"tons/year"}},{"type":"Feature","geometry":{"type":"Point","coordinates":[-83.628461,32.77208]},"properties":{"pollutant":"NOx","source_type":"egunoncems","emissions_tpy":12.8909,"unit":"tons/year"}},{"type":"Feature","geometry":{"type":"Point","coordinates":[-83.628941,32.772062]},"properties":{"pollutant":"NOx","source_type":"egunoncems","emissions_tpy":264.742,"unit":"tons/year"}},{"type":"Feature","geometry":{"type":"Point","coordinates":[-83.628941,32.772062]},"properties":{"pollutant":"NOx","source_type":"egunoncems","emissions_tpy":12.7949,"unit":"tons/year"}},{"type":"Feature","geometry":{"type":"Point","coordinates":[-83.628941,32.772062]},"properties":{"pollutant":"NOx","source_type":"egunoncems","emissions_tpy":52.5509,"unit":"tons/year"}},{"type":"Feature","geometry":{"type":"Point","coordinates":[-83.628941,32.772062]},"properties":{"pollutant":"NOx","source_type":"egunoncems","emissions_tpy":0.006459,"unit":"tons/year"}},{"type":"Feature","geometry":{"type":"Point","coordinates":[-81.144309,32.04112]},"properties":{"pollutant":"NOx","source_type":"egunoncems","emissions_tpy":0.11792,"unit":"tons/year"}},{"type":"Feature","geometry":{"type":"Point","coordinates":[-83.604108,32.485026]},"properties":{"pollutant":"NOx","source_type":"egunoncems","emissions_tpy":9.6,"unit":"tons/year"}},{"type":"Feature","geometry":{"type":"Point","coordinates":[-83.303066,30.692288]},"properties":{"pollutant":"NOx","source_type":"egunoncems","emissions_tpy":13.54,"unit":"tons/year"}},{"type":"Feature","geometry":{"type":"Point","coordinates":[-83.303066,30.692288]},"properties":{"pollutant":"NOx","source_type":"egunoncems","emissions_tpy":402.054,"unit":"tons/year"}},{"type":"Feature","geometry":{"type":"Point","coordinates":[-83.3777,34.95478]},"properties":{"pollutant":"NOx","source_type":"egunoncems","emissions_tpy":202.6,"unit":"tons/year"}},{"type":"Feature","geometry":{"type":"Point","coordinates":[-84.547225,30.911096]},"properties":{"pollutant":"NOx","source_type":"egunoncems","emissions_tpy":0.1,"unit":"tons/year"}},{"type":"Feature","geometry":{"type":"Point","coordinates":[-84.661261,33.828443]},"properties":{"pollutant":"NOx","source_type":"railyard","emissions_tpy":0.1982528,"unit":"tons/year"}},{"type":"Feature","geometry":{"type":"Point","coordinates":[-84.262686,33.916243]},"properties":{"pollutant":"NOx","source_type":"railyard","emissions_tpy":48.99002,"unit":"tons/year"}},{"type":"Feature","geometry":{"type":"Point","coordinates":[-85.339061,34.264872]},"properties":{"pollutant":"NOx","source_type":"railyard","emissions_tpy":5.222418,"unit":"tons/year"}},{"type":"Feature","geometry":{"type":"Point","coordinates":[-81.505015,31.197423]},"properties":{"pollutant":"NOx","source_type":"railyard","emissions_tpy":3.296283,"unit":"tons/year"}},{"type":"Feature","geometry":{"type":"Point","coordinates":[-83.257151,30.830268]},"properties":{"pollutant":"NOx","source_type":"railyard","emissions_tpy":18.04475,"unit":"tons/year"}},{"type":"Feature","geometry":{"type":"Point","coordinates":[-81.974775,33.457501]},"properties":{"pollutant":"NOx","source_type":"railyard","emissions_tpy":35.24317,"unit":"tons/year"}},{"type":"Feature","geometry":{"type":"Point","coordinates":[-83.346201,34.577586]},"properties":{"pollutant":"NOx","source_type":"railyard","emissions_tpy":47.98135,"unit":"tons/year"}},{"type":"Feature","geometry":{"type":"Point","coordinates":[-84.801864,34.183639]},"properties":{"pollutant":"NOx","source_type":"railyard","emissions_tpy":9.364017,"unit":"tons/year"}},{"type":"Feature","geometry":{"type":"Point","coordinates":[-83.625269,32.804422]},"properties":{"pollutant":"NOx","source_type":"railyard","emissions_tpy":348.3378,"unit":"tons/year"}},{"type":"Feature","geometry":{"type":"Point","coordinates":[-81.164809,32.097486]},"properties":{"pollutant":"NOx","source_type":"railyard","emissions_tpy":38.98773,"unit":"tons/year"}},{"type":"Feature","geometry":{"type":"Point","coordinates":[-81.144954,32.029653]},"properties":{"pollutant":"NOx","source_type":"railyard","emissions_tpy":9.364017,"unit":"tons/year"}},{"type":"Feature","geometry":{"type":"Point","coordinates":[-84.332784,33.761726]},"properties":{"pollutant":"NOx","source_type":"railyard","emissions_tpy":9.364017,"unit":"tons/year"}},{"type":"Feature","geometry":{"type":"Point","coordinates":[-84.449313,33.798476]},"properties":{"pollutant":"NOx","source_type":"railyard","emissions_tpy":273.0364,"unit":"tons/year"}},{"type":"Feature","geometry":{"type":"Point","coordinates":[-84.420236,33.798181]},"properties":{"pollutant":"NOx","source_type":"railyard","emissions_tpy":74.91214,"unit":"tons/year"}},{"type":"Feature","geometry":{"type":"Point","coordinates":[-84.357233,33.754225]},"properties":{"pollutant":"NOx","source_type":"railyard","emissions_tpy":9.364017,"unit":"tons/year"}},{"type":"Feature","geometry":{"type":"Point","coordinates":[-84.431191,33.692857]},"properties":{"pollutant":"NOx","source_type":"railyard","emissions_tpy":18.05554,"unit":"tons/year"}},{"type":"Feature","geometry":{"type":"Point","coordinates":[-83.256974,30.838852]},"properties":{"pollutant":"NOx","source_type":"railyard","emissions_tpy":9.364017,"unit":"tons/year"}},{"type":"Feature","geometry":{"type":"Point","coordinates":[-84.983033,32.469204]},"properties":{"pollutant":"NOx","source_type":"railyard","emissions_tpy":26.24514,"unit":"tons/year"}},{"type":"Feature","geometry":{"type":"Point","coordinates":[-83.995942,30.83257]},"properties":{"pollutant":"NOx","source_type":"railyard","emissions_tpy":9.364017,"unit":"tons/year"}},{"type":"Feature","geometry":{"type":"Point","coordinates":[-82.388076,31.184658]},"properties":{"pollutant":"NOx","source_type":"railyard","emissions_tpy":112.3682,"unit":"tons/year"}}]}