{"type":"FeatureCollection","features":[{"type":"Feature","properties":{"layer":"TEMPO NO2","transport":"Westward","timePeriod":"08:00-10:00 EDT Westward","NO2":2.0193646,"unit":"10^15 molecules cm^-2"},"geometry":{"type":"Polygon","coordinates":[[[-84.975,33.125],[-84.925,33.125],[-84.925,33.175],[-84.975,33.175],[-84.975,33.125]]]}},{"type":"Feature","properties":{"layer":"TEMPO NO2","transport":"Westward","timePeriod":"08:00-10:00 EDT Westward","NO2":2.15894699,"unit":"10^15 molecules cm^-2"},"geometry":{"type":"Polygon","coordinates":[[[-84.925,33.125],[-84.875,33.125],[-84.875,33.175],[-84.925,33.175],[-84.925,33.125]]]}},{"type":"Feature","properties":{"layer":"TEMPO NO2","transport":"Westward","timePeriod":"08:00-10:00 EDT Westward","NO2":2.03126836,"unit":"10^15 molecules cm^-2"},"geometry":{"type":"Polygon","coordinates":[[[-84.875,33.125],[-84.825,33.125],[-84.825,33.175],[-84.875,33.175],[-84.875,33.125]]]}},{"type":"Feature","properties":{"layer":"TEMPO NO2","transport":"Westward","timePeriod":"08:00-10:00 EDT Westward","NO2":2.00705743,"unit":"10^15 molecules cm^-2"},"geometry":{"type":"Polygon","coordinates":[[[-84.825,33.125],[-84.775,33.125],[-84.775,33.175],[-84.825,33.175],[-84.825,33.125]]]}},{"type":"Feature","properties":{"layer":"TEMPO NO2","transport":"Westward","timePeriod":"08:00-10:00 EDT Westward","NO2":2.04248142,"unit":"10^15 molecules cm^-2"},"geometry":{"type":"Polygon","coordinates":[[[-84.775,33.125],[-84.725,33.125],[-84.725,33.175],[-84.775,33.175],[-84.775,33.125]]]}},{"type":"Feature","properties":{"layer":"TEMPO NO2","transport":"Westward","timePeriod":"08:00-10:00 EDT Westward","NO2":2.14662194,"unit":"10^15 molecules cm^-2"},"geometry":{"type":"Polygon","coordinates":[[[-84.725,33.125],[-84.675,33.125],[-84.675,33.175],[-84.725,33.175],[-84.725,33.125]]]}},{"type":"Feature","properties":{"layer":"TEMPO NO2","transport":"Westward","timePeriod":"08:00-10:00 EDT Westward","NO2":2.01955199,"unit":"10^15 molecules cm^-2"},"geometry":{"type":"Polygon","coordinates":[[[-84.675,33.125],[-84.625,33.125],[-84.625,33.175],[-84.675,33.175],[-84.675,33.125]]]}},{"type":"Feature","properties":{"layer":"TEMPO NO2","transport":"Westward","timePeriod":"08:00-10:00 EDT Westward","NO2":2.1419704,"unit":"10^15 molecules cm^-2"},"geometry":{"type":"Polygon","coordinates":[[[-84.625,33.125],[-84.575,33.125],[-84.575,33.175],[-84.625,33.175],[-84.625,33.125]]]}},{"type":"Feature","properties":{"layer":"TEMPO NO2","transport":"Westward","timePeriod":"08:00-10:00 EDT Westward","NO2":2.19722223,"unit":"10^15 molecules cm^-2"},"geometry":{"type":"Polygon","coordinates":[[[-84.575,33.125],[-84.525,33.125],[-84.525,33.175],[-84.575,33.175],[-84.575,33.125]]]}},{"type":"Feature","properties":{"layer":"TEMPO NO2","transport":"Westward","timePeriod":"08:00-10:00 EDT Westward","NO2":2.09056,"unit":"10^15 molecules cm^-2"},"geometry":{"type":"Polygon","coordinates":[[[-84.525,33.125],[-84.475,33.125],[-84.475,33.175],[-84.525,33.175],[-84.525,33.125]]]}},{"type":"Feature","properties":{"layer":"TEMPO NO2","transport":"Westward","timePeriod":"08:00-10:00 EDT Westward","NO2":2.14045,"unit":"10^15 molecules cm^-2"},"geometry":{"type":"Polygon","coordinates":[[[-84.475,33.125],[-84.425,33.125],[-84.425,33.175],[-84.475,33.175],[-84.475,33.125]]]}},{"type":"Feature","properties":{"layer":"TEMPO NO2","transport":"Westward","timePeriod":"08:00-10:00 EDT Westward","NO2":2.08935237,"unit":"10^15 molecules cm^-2"},"geometry":{"type":"Polygon","coordinates":[[[-84.425,33.125],[-84.375,33.125],[-84.375,33.175],[-84.425,33.175],[-84.425,33.125]]]}},{"type":"Feature","properties":{"layer":"TEMPO NO2","transport":"Westward","timePeriod":"08:00-10:00 EDT Westward","NO2":2.08281565,"unit":"10^15 molecules cm^-2"},"geometry":{"type":"Polygon","coordinates":[[[-84.375,33.125],[-84.325,33.125],[-84.325,33.175],[-84.375,33.175],[-84.375,33.125]]]}},{"type":"Feature","properties":{"layer":"TEMPO NO2","transport":"Westward","timePeriod":"08:00-10:00 EDT Westward","NO2":2.25776362,"unit":"10^15 molecules cm^-2"},"geometry":{"type":"Polygon","coordinates":[[[-84.325,33.125],[-84.275,33.125],[-84.275,33.175],[-84.325,33.175],[-84.325,33.125]]]}},{"type":"Feature","properties":{"layer":"TEMPO NO2","transport":"Westward","timePeriod":"08:00-10:00 EDT Westward","NO2":2.32557082,"unit":"10^15 molecules cm^-2"},"geometry":{"type":"Polygon","coordinates":[[[-84.275,33.125],[-84.225,33.125],[-84.225,33.175],[-84.275,33.175],[-84.275,33.125]]]}},{"type":"Feature","properties":{"layer":"TEMPO NO2","transport":"Westward","timePeriod":"08:00-10:00 EDT Westward","NO2":2.20577884,"unit":"10^15 molecules cm^-2"},"geometry":{"type":"Polygon","coordinates":[[[-84.225,33.125],[-84.175,33.125],[-84.175,33.175],[-84.225,33.175],[-84.225,33.125]]]}},{"type":"Feature","properties":{"layer":"TEMPO NO2","transport":"Westward","timePeriod":"08:00-10:00 EDT Westward","NO2":2.29338884,"unit":"10^15 molecules cm^-2"},"geometry":{"type":"Polygon","coordinates":[[[-84.175,33.125],[-84.125,33.125],[-84.125,33.175],[-84.175,33.175],[-84.175,33.125]]]}},{"type":"Feature","properties":{"layer":"TEMPO NO2","transport":"Westward","timePeriod":"08:00-10:00 EDT Westward","NO2":2.34160733,"unit":"10^15 molecules cm^-2"},"geometry":{"type":"Polygon","coordinates":[[[-84.125,33.125],[-84.075,33.125],[-84.075,33.175],[-84.125,33.175],[-84.125,33.125]]]}},{"type":"Feature","properties":{"layer":"TEMPO NO2","transport":"Westward","timePeriod":"08:00-10:00 EDT Westward","NO2":2.30493903,"unit":"10^15 molecules cm^-2"},"geometry":{"type":"Polygon","coordinates":[[[-84.075,33.125],[-84.025,33.125],[-84.025,33.175],[-84.075,33.175],[-84.075,33.125]]]}},{"type":"Feature","properties":{"layer":"TEMPO NO2","transport":"Westward","timePeriod":"08:00-10:00 EDT Westward","NO2":2.45749974,"unit":"10^15 molecules cm^-2"},"geometry":{"type":"Polygon","coordinates":[[[-84.025,33.125],[-83.975,33.125],[-83.975,33.175],[-84.025,33.175],[-84.025,33.125]]]}},{"type":"Feature","properties":{"layer":"TEMPO NO2","transport":"Westward","timePeriod":"08:00-10:00 EDT Westward","NO2":2.36369419,"unit":"10^15 molecules cm^-2"},"geometry":{"type":"Polygon","coordinates":[[[-83.975,33.125],[-83.925,33.125],[-83.925,33.175],[-83.975,33.175],[-83.975,33.125]]]}},{"type":"Feature","properties":{"layer":"TEMPO NO2","transport":"Westward","timePeriod":"08:00-10:00 EDT Westward","NO2":2.19369483,"unit":"10^15 molecules cm^-2"},"geometry":{"type":"Polygon","coordinates":[[[-83.925,33.125],[-83.875,33.125],[-83.875,33.175],[-83.925,33.175],[-83.925,33.125]]]}},{"type":"Feature","properties":{"layer":"TEMPO NO2","transport":"Westward","timePeriod":"08:00-10:00 EDT Westward","NO2":2.36062407,"unit":"10^15 molecules cm^-2"},"geometry":{"type":"Polygon","coordinates":[[[-83.875,33.125],[-83.825,33.125],[-83.825,33.175],[-83.875,33.175],[-83.875,33.125]]]}},{"type":"Feature","properties":{"layer":"TEMPO NO2","transport":"Westward","timePeriod":"08:00-10:00 EDT Westward","NO2":2.45566106,"unit":"10^15 molecules cm^-2"},"geometry":{"type":"Polygon","coordinates":[[[-83.825,33.125],[-83.775,33.125],[-83.775,33.175],[-83.825,33.175],[-83.825,33.125]]]}},{"type":"Feature","properties":{"layer":"TEMPO NO2","transport":"Westward","timePeriod":"08:00-10:00 EDT Westward","NO2":2.13661957,"unit":"10^15 molecules cm^-2"},"geometry":{"type":"Polygon","coordinates":[[[-84.975,33.175],[-84.925,33.175],[-84.925,33.225],[-84.975,33.225],[-84.975,33.175]]]}},{"type":"Feature","properties":{"layer":"TEMPO NO2","transport":"Westward","timePeriod":"08:00-10:00 EDT Westward","NO2":2.27199626,"unit":"10^15 molecules cm^-2"},"geometry":{"type":"Polygon","coordinates":[[[-84.925,33.175],[-84.875,33.175],[-84.875,33.225],[-84.925,33.225],[-84.925,33.175]]]}},{"type":"Feature","properties":{"layer":"TEMPO NO2","transport":"Westward","timePeriod":"08:00-10:00 EDT Westward","NO2":2.30246711,"unit":"10^15 molecules cm^-2"},"geometry":{"type":"Polygon","coordinates":[[[-84.875,33.175],[-84.825,33.175],[-84.825,33.225],[-84.875,33.225],[-84.875,33.175]]]}},{"type":"Feature","properties":{"layer":"TEMPO NO2","transport":"Westward","timePeriod":"08:00-10:00 EDT Westward","NO2":2.07921982,"unit":"10^15 molecules cm^-2"},"geometry":{"type":"Polygon","coordinates":[[[-84.825,33.175],[-84.775,33.175],[-84.775,33.225],[-84.825,33.225],[-84.825,33.175]]]}},{"type":"Feature","properties":{"layer":"TEMPO NO2","transport":"Westward","timePeriod":"08:00-10:00 EDT Westward","NO2":2.22809911,"unit":"10^15 molecules cm^-2"},"geometry":{"type":"Polygon","coordinates":[[[-84.775,33.175],[-84.725,33.175],[-84.725,33.225],[-84.775,33.225],[-84.775,33.175]]]}},{"type":"Feature","properties":{"layer":"TEMPO NO2","transport":"Westward","timePeriod":"08:00-10:00 EDT Westward","NO2":2.25602412,"unit":"10^15 molecules cm^-2"},"geometry":{"type":"Polygon","coordinates":[[[-84.725,33.175],[-84.675,33.175],[-84.675,33.225],[-84.725,33.225],[-84.725,33.175]]]}},{"type":"Feature","properties":{"layer":"TEMPO NO2","transport":"Westward","timePeriod":"08:00-10:00 EDT Westward","NO2":2.27126718,"unit":"10^15 molecules cm^-2"},"geometry":{"type":"Polygon","coordinates":[[[-84.675,33.175],[-84.625,33.175],[-84.625,33.225],[-84.675,33.225],[-84.675,33.175]]]}},{"type":"Feature","properties":{"layer":"TEMPO NO2","transport":"Westward","timePeriod":"08:00-10:00 EDT Westward","NO2":2.19586301,"unit":"10^15 molecules cm^-2"},"geometry":{"type":"Polygon","coordinates":[[[-84.625,33.175],[-84.575,33.175],[-84.575,33.225],[-84.625,33.225],[-84.625,33.175]]]}},{"type":"Feature","properties":{"layer":"TEMPO NO2","transport":"Westward","timePeriod":"08:00-10:00 EDT Westward","NO2":2.22463155,"unit":"10^15 molecules cm^-2"},"geometry":{"type":"Polygon","coordinates":[[[-84.575,33.175],[-84.525,33.175],[-84.525,33.225],[-84.575,33.225],[-84.575,33.175]]]}},{"type":"Feature","properties":{"layer":"TEMPO NO2","transport":"Westward","timePeriod":"08:00-10:00 EDT Westward","NO2":2.30852151,"unit":"10^15 molecules cm^-2"},"geometry":{"type":"Polygon","coordinates":[[[-84.525,33.175],[-84.475,33.175],[-84.475,33.225],[-84.525,33.225],[-84.525,33.175]]]}},{"type":"Feature","properties":{"layer":"TEMPO NO2","transport":"Westward","timePeriod":"08:00-10:00 EDT Westward","NO2":2.31425595,"unit":"10^15 molecules cm^-2"},"geometry":{"type":"Polygon","coordinates":[[[-84.475,33.175],[-84.425,33.175],[-84.425,33.225],[-84.475,33.225],[-84.475,33.175]]]}},{"type":"Feature","properties":{"layer":"TEMPO NO2","transport":"Westward","timePeriod":"08:00-10:00 EDT Westward","NO2":2.23606658,"unit":"10^15 molecules cm^-2"},"geometry":{"type":"Polygon","coordinates":[[[-84.425,33.175],[-84.375,33.175],[-84.375,33.225],[-84.425,33.225],[-84.425,33.175]]]}},{"type":"Feature","properties":{"layer":"TEMPO NO2","transport":"Westward","timePeriod":"08:00-10:00 EDT Westward","NO2":2.26699829,"unit":"10^15 molecules cm^-2"},"geometry":{"type":"Polygon","coordinates":[[[-84.375,33.175],[-84.325,33.175],[-84.325,33.225],[-84.375,33.225],[-84.375,33.175]]]}},{"type":"Feature","properties":{"layer":"TEMPO NO2","transport":"Westward","timePeriod":"08:00-10:00 EDT Westward","NO2":2.42986321,"unit":"10^15 molecules cm^-2"},"geometry":{"type":"Polygon","coordinates":[[[-84.325,33.175],[-84.275,33.175],[-84.275,33.225],[-84.325,33.225],[-84.325,33.175]]]}},{"type":"Feature","properties":{"layer":"TEMPO NO2","transport":"Westward","timePeriod":"08:00-10:00 EDT Westward","NO2":2.330158,"unit":"10^15 molecules cm^-2"},"geometry":{"type":"Polygon","coordinates":[[[-84.275,33.175],[-84.225,33.175],[-84.225,33.225],[-84.275,33.225],[-84.275,33.175]]]}},{"type":"Feature","properties":{"layer":"TEMPO NO2","transport":"Westward","timePeriod":"08:00-10:00 EDT Westward","NO2":2.4155817,"unit":"10^15 molecules cm^-2"},"geometry":{"type":"Polygon","coordinates":[[[-84.225,33.175],[-84.175,33.175],[-84.175,33.225],[-84.225,33.225],[-84.225,33.175]]]}},{"type":"Feature","properties":{"layer":"TEMPO NO2","transport":"Westward","timePeriod":"08:00-10:00 EDT Westward","NO2":2.61735797,"unit":"10^15 molecules cm^-2"},"geometry":{"type":"Polygon","coordinates":[[[-84.175,33.175],[-84.125,33.175],[-84.125,33.225],[-84.175,33.225],[-84.175,33.175]]]}},{"type":"Feature","properties":{"layer":"TEMPO NO2","transport":"Westward","timePeriod":"08:00-10:00 EDT Westward","NO2":2.39337325,"unit":"10^15 molecules cm^-2"},"geometry":{"type":"Polygon","coordinates":[[[-84.125,33.175],[-84.075,33.175],[-84.075,33.225],[-84.125,33.225],[-84.125,33.175]]]}},{"type":"Feature","properties":{"layer":"TEMPO NO2","transport":"Westward","timePeriod":"08:00-10:00 EDT Westward","NO2":2.4241209,"unit":"10^15 molecules cm^-2"},"geometry":{"type":"Polygon","coordinates":[[[-84.075,33.175],[-84.025,33.175],[-84.025,33.225],[-84.075,33.225],[-84.075,33.175]]]}},{"type":"Feature","properties":{"layer":"TEMPO NO2","transport":"Westward","timePeriod":"08:00-10:00 EDT Westward","NO2":2.40024424,"unit":"10^15 molecules cm^-2"},"geometry":{"type":"Polygon","coordinates":[[[-84.025,33.175],[-83.975,33.175],[-83.975,33.225],[-84.025,33.225],[-84.025,33.175]]]}},{"type":"Feature","properties":{"layer":"TEMPO NO2","transport":"Westward","timePeriod":"08:00-10:00 EDT Westward","NO2":2.2395246,"unit":"10^15 molecules cm^-2"},"geometry":{"type":"Polygon","coordinates":[[[-83.975,33.175],[-83.925,33.175],[-83.925,33.225],[-83.975,33.225],[-83.975,33.175]]]}},{"type":"Feature","properties":{"layer":"TEMPO NO2","transport":"Westward","timePeriod":"08:00-10:00 EDT Westward","NO2":2.16246963,"unit":"10^15 molecules cm^-2"},"geometry":{"type":"Polygon","coordinates":[[[-83.925,33.175],[-83.875,33.175],[-83.875,33.225],[-83.925,33.225],[-83.925,33.175]]]}},{"type":"Feature","properties":{"layer":"TEMPO NO2","transport":"Westward","timePeriod":"08:00-10:00 EDT Westward","NO2":2.02586985,"unit":"10^15 molecules cm^-2"},"geometry":{"type":"Polygon","coordinates":[[[-83.875,33.175],[-83.825,33.175],[-83.825,33.225],[-83.875,33.225],[-83.875,33.175]]]}},{"type":"Feature","properties":{"layer":"TEMPO NO2","transport":"Westward","timePeriod":"08:00-10:00 EDT Westward","NO2":2.16099048,"unit":"10^15 molecules cm^-2"},"geometry":{"type":"Polygon","coordinates":[[[-83.825,33.175],[-83.775,33.175],[-83.775,33.225],[-83.825,33.225],[-83.825,33.175]]]}},{"type":"Feature","properties":{"layer":"TEMPO NO2","transport":"Westward","timePeriod":"08:00-10:00 EDT Westward","NO2":2.11352301,"unit":"10^15 molecules cm^-2"},"geometry":{"type":"Polygon","coordinates":[[[-84.975,33.225],[-84.925,33.225],[-84.925,33.275],[-84.975,33.275],[-84.975,33.225]]]}},{"type":"Feature","properties":{"layer":"TEMPO NO2","transport":"Westward","timePeriod":"08:00-10:00 EDT Westward","NO2":2.07882357,"unit":"10^15 molecules cm^-2"},"geometry":{"type":"Polygon","coordinates":[[[-84.925,33.225],[-84.875,33.225],[-84.875,33.275],[-84.925,33.275],[-84.925,33.225]]]}},{"type":"Feature","properties":{"layer":"TEMPO NO2","transport":"Westward","timePeriod":"08:00-10:00 EDT Westward","NO2":2.03893661,"unit":"10^15 molecules cm^-2"},"geometry":{"type":"Polygon","coordinates":[[[-84.875,33.225],[-84.825,33.225],[-84.825,33.275],[-84.875,33.275],[-84.875,33.225]]]}},{"type":"Feature","properties":{"layer":"TEMPO NO2","transport":"Westward","timePeriod":"08:00-10:00 EDT Westward","NO2":2.13320279,"unit":"10^15 molecules cm^-2"},"geometry":{"type":"Polygon","coordinates":[[[-84.825,33.225],[-84.775,33.225],[-84.775,33.275],[-84.825,33.275],[-84.825,33.225]]]}},{"type":"Feature","properties":{"layer":"TEMPO NO2","transport":"Westward","timePeriod":"08:00-10:00 EDT Westward","NO2":2.27184987,"unit":"10^15 molecules cm^-2"},"geometry":{"type":"Polygon","coordinates":[[[-84.775,33.225],[-84.725,33.225],[-84.725,33.275],[-84.775,33.275],[-84.775,33.225]]]}},{"type":"Feature","properties":{"layer":"TEMPO NO2","transport":"Westward","timePeriod":"08:00-10:00 EDT Westward","NO2":2.2307415,"unit":"10^15 molecules cm^-2"},"geometry":{"type":"Polygon","coordinates":[[[-84.725,33.225],[-84.675,33.225],[-84.675,33.275],[-84.725,33.275],[-84.725,33.225]]]}},{"type":"Feature","properties":{"layer":"TEMPO NO2","transport":"Westward","timePeriod":"08:00-10:00 EDT Westward","NO2":2.404423,"unit":"10^15 molecules cm^-2"},"geometry":{"type":"Polygon","coordinates":[[[-84.675,33.225],[-84.625,33.225],[-84.625,33.275],[-84.675,33.275],[-84.675,33.225]]]}},{"type":"Feature","properties":{"layer":"TEMPO NO2","transport":"Westward","timePeriod":"08:00-10:00 EDT Westward","NO2":2.28819346,"unit":"10^15 molecules cm^-2"},"geometry":{"type":"Polygon","coordinates":[[[-84.625,33.225],[-84.575,33.225],[-84.575,33.275],[-84.625,33.275],[-84.625,33.225]]]}},{"type":"Feature","properties":{"layer":"TEMPO NO2","transport":"Westward","timePeriod":"08:00-10:00 EDT Westward","NO2":2.23397017,"unit":"10^15 molecules cm^-2"},"geometry":{"type":"Polygon","coordinates":[[[-84.575,33.225],[-84.525,33.225],[-84.525,33.275],[-84.575,33.275],[-84.575,33.225]]]}},{"type":"Feature","properties":{"layer":"TEMPO NO2","transport":"Westward","timePeriod":"08:00-10:00 EDT Westward","NO2":2.31313419,"unit":"10^15 molecules cm^-2"},"geometry":{"type":"Polygon","coordinates":[[[-84.525,33.225],[-84.475,33.225],[-84.475,33.275],[-84.525,33.275],[-84.525,33.225]]]}},{"type":"Feature","properties":{"layer":"TEMPO NO2","transport":"Westward","timePeriod":"08:00-10:00 EDT Westward","NO2":2.23973823,"unit":"10^15 molecules cm^-2"},"geometry":{"type":"Polygon","coordinates":[[[-84.475,33.225],[-84.425,33.225],[-84.425,33.275],[-84.475,33.275],[-84.475,33.225]]]}},{"type":"Feature","properties":{"layer":"TEMPO NO2","transport":"Westward","timePeriod":"08:00-10:00 EDT Westward","NO2":2.29404306,"unit":"10^15 molecules cm^-2"},"geometry":{"type":"Polygon","coordinates":[[[-84.425,33.225],[-84.375,33.225],[-84.375,33.275],[-84.425,33.275],[-84.425,33.225]]]}},{"type":"Feature","properties":{"layer":"TEMPO NO2","transport":"Westward","timePeriod":"08:00-10:00 EDT Westward","NO2":2.45161748,"unit":"10^15 molecules cm^-2"},"geometry":{"type":"Polygon","coordinates":[[[-84.375,33.225],[-84.325,33.225],[-84.325,33.275],[-84.375,33.275],[-84.375,33.225]]]}},{"type":"Feature","properties":{"layer":"TEMPO NO2","transport":"Westward","timePeriod":"08:00-10:00 EDT Westward","NO2":2.5043509,"unit":"10^15 molecules cm^-2"},"geometry":{"type":"Polygon","coordinates":[[[-84.325,33.225],[-84.275,33.225],[-84.275,33.275],[-84.325,33.275],[-84.325,33.225]]]}},{"type":"Feature","properties":{"layer":"TEMPO NO2","transport":"Westward","timePeriod":"08:00-10:00 EDT Westward","NO2":2.34511876,"unit":"10^15 molecules cm^-2"},"geometry":{"type":"Polygon","coordinates":[[[-84.275,33.225],[-84.225,33.225],[-84.225,33.275],[-84.275,33.275],[-84.275,33.225]]]}},{"type":"Feature","properties":{"layer":"TEMPO NO2","transport":"Westward","timePeriod":"08:00-10:00 EDT Westward","NO2":2.261832,"unit":"10^15 molecules cm^-2"},"geometry":{"type":"Polygon","coordinates":[[[-84.225,33.225],[-84.175,33.225],[-84.175,33.275],[-84.225,33.275],[-84.225,33.225]]]}},{"type":"Feature","properties":{"layer":"TEMPO NO2","transport":"Westward","timePeriod":"08:00-10:00 EDT Westward","NO2":2.37282801,"unit":"10^15 molecules cm^-2"},"geometry":{"type":"Polygon","coordinates":[[[-84.175,33.225],[-84.125,33.225],[-84.125,33.275],[-84.175,33.275],[-84.175,33.225]]]}},{"type":"Feature","properties":{"layer":"TEMPO NO2","transport":"Westward","timePeriod":"08:00-10:00 EDT Westward","NO2":2.47190094,"unit":"10^15 molecules cm^-2"},"geometry":{"type":"Polygon","coordinates":[[[-84.125,33.225],[-84.075,33.225],[-84.075,33.275],[-84.125,33.275],[-84.125,33.225]]]}},{"type":"Feature","properties":{"layer":"TEMPO NO2","transport":"Westward","timePeriod":"08:00-10:00 EDT Westward","NO2":2.26652575,"unit":"10^15 molecules cm^-2"},"geometry":{"type":"Polygon","coordinates":[[[-84.075,33.225],[-84.025,33.225],[-84.025,33.275],[-84.075,33.275],[-84.075,33.225]]]}},{"type":"Feature","properties":{"layer":"TEMPO NO2","transport":"Westward","timePeriod":"08:00-10:00 EDT Westward","NO2":2.16797948,"unit":"10^15 molecules cm^-2"},"geometry":{"type":"Polygon","coordinates":[[[-84.025,33.225],[-83.975,33.225],[-83.975,33.275],[-84.025,33.275],[-84.025,33.225]]]}},{"type":"Feature","properties":{"layer":"TEMPO NO2","transport":"Westward","timePeriod":"08:00-10:00 EDT Westward","NO2":2.17529631,"unit":"10^15 molecules cm^-2"},"geometry":{"type":"Polygon","coordinates":[[[-83.975,33.225],[-83.925,33.225],[-83.925,33.275],[-83.975,33.275],[-83.975,33.225]]]}},{"type":"Feature","properties":{"layer":"TEMPO NO2","transport":"Westward","timePeriod":"08:00-10:00 EDT Westward","NO2":2.18727827,"unit":"10^15 molecules cm^-2"},"geometry":{"type":"Polygon","coordinates":[[[-83.925,33.225],[-83.875,33.225],[-83.875,33.275],[-83.925,33.275],[-83.925,33.225]]]}},{"type":"Feature","properties":{"layer":"TEMPO NO2","transport":"Westward","timePeriod":"08:00-10:00 EDT Westward","NO2":2.13907766,"unit":"10^15 molecules cm^-2"},"geometry":{"type":"Polygon","coordinates":[[[-83.875,33.225],[-83.825,33.225],[-83.825,33.275],[-83.875,33.275],[-83.875,33.225]]]}},{"type":"Feature","properties":{"layer":"TEMPO NO2","transport":"Westward","timePeriod":"08:00-10:00 EDT Westward","NO2":2.21390653,"unit":"10^15 molecules cm^-2"},"geometry":{"type":"Polygon","coordinates":[[[-83.825,33.225],[-83.775,33.225],[-83.775,33.275],[-83.825,33.275],[-83.825,33.225]]]}},{"type":"Feature","properties":{"layer":"TEMPO NO2","transport":"Westward","timePeriod":"08:00-10:00 EDT Westward","NO2":2.33912277,"unit":"10^15 molecules cm^-2"},"geometry":{"type":"Polygon","coordinates":[[[-84.975,33.275],[-84.925,33.275],[-84.925,33.325],[-84.975,33.325],[-84.975,33.275]]]}},{"type":"Feature","properties":{"layer":"TEMPO NO2","transport":"Westward","timePeriod":"08:00-10:00 EDT Westward","NO2":2.14002728,"unit":"10^15 molecules cm^-2"},"geometry":{"type":"Polygon","coordinates":[[[-84.925,33.275],[-84.875,33.275],[-84.875,33.325],[-84.925,33.325],[-84.925,33.275]]]}},{"type":"Feature","properties":{"layer":"TEMPO NO2","transport":"Westward","timePeriod":"08:00-10:00 EDT Westward","NO2":2.07381797,"unit":"10^15 molecules cm^-2"},"geometry":{"type":"Polygon","coordinates":[[[-84.875,33.275],[-84.825,33.275],[-84.825,33.325],[-84.875,33.325],[-84.875,33.275]]]}},{"type":"Feature","properties":{"layer":"TEMPO NO2","transport":"Westward","timePeriod":"08:00-10:00 EDT Westward","NO2":2.10573769,"unit":"10^15 molecules cm^-2"},"geometry":{"type":"Polygon","coordinates":[[[-84.825,33.275],[-84.775,33.275],[-84.775,33.325],[-84.825,33.325],[-84.825,33.275]]]}},{"type":"Feature","properties":{"layer":"TEMPO NO2","transport":"Westward","timePeriod":"08:00-10:00 EDT Westward","NO2":2.18267965,"unit":"10^15 molecules cm^-2"},"geometry":{"type":"Polygon","coordinates":[[[-84.775,33.275],[-84.725,33.275],[-84.725,33.325],[-84.775,33.325],[-84.775,33.275]]]}},{"type":"Feature","properties":{"layer":"TEMPO NO2","transport":"Westward","timePeriod":"08:00-10:00 EDT Westward","NO2":2.20279408,"unit":"10^15 molecules cm^-2"},"geometry":{"type":"Polygon","coordinates":[[[-84.725,33.275],[-84.675,33.275],[-84.675,33.325],[-84.725,33.325],[-84.725,33.275]]]}},{"type":"Feature","properties":{"layer":"TEMPO NO2","transport":"Westward","timePeriod":"08:00-10:00 EDT Westward","NO2":2.13853645,"unit":"10^15 molecules cm^-2"},"geometry":{"type":"Polygon","coordinates":[[[-84.675,33.275],[-84.625,33.275],[-84.625,33.325],[-84.675,33.325],[-84.675,33.275]]]}},{"type":"Feature","properties":{"layer":"TEMPO NO2","transport":"Westward","timePeriod":"08:00-10:00 EDT Westward","NO2":2.37924,"unit":"10^15 molecules cm^-2"},"geometry":{"type":"Polygon","coordinates":[[[-84.625,33.275],[-84.575,33.275],[-84.575,33.325],[-84.625,33.325],[-84.625,33.275]]]}},{"type":"Feature","properties":{"layer":"TEMPO NO2","transport":"Westward","timePeriod":"08:00-10:00 EDT Westward","NO2":2.34137487,"unit":"10^15 molecules cm^-2"},"geometry":{"type":"Polygon","coordinates":[[[-84.575,33.275],[-84.525,33.275],[-84.525,33.325],[-84.575,33.325],[-84.575,33.275]]]}},{"type":"Feature","properties":{"layer":"TEMPO NO2","transport":"Westward","timePeriod":"08:00-10:00 EDT Westward","NO2":2.53618455,"unit":"10^15 molecules cm^-2"},"geometry":{"type":"Polygon","coordinates":[[[-84.525,33.275],[-84.475,33.275],[-84.475,33.325],[-84.525,33.325],[-84.525,33.275]]]}},{"type":"Feature","properties":{"layer":"TEMPO NO2","transport":"Westward","timePeriod":"08:00-10:00 EDT Westward","NO2":2.63073277,"unit":"10^15 molecules cm^-2"},"geometry":{"type":"Polygon","coordinates":[[[-84.475,33.275],[-84.425,33.275],[-84.425,33.325],[-84.475,33.325],[-84.475,33.275]]]}},{"type":"Feature","properties":{"layer":"TEMPO NO2","transport":"Westward","timePeriod":"08:00-10:00 EDT Westward","NO2":2.40520191,"unit":"10^15 molecules cm^-2"},"geometry":{"type":"Polygon","coordinates":[[[-84.425,33.275],[-84.375,33.275],[-84.375,33.325],[-84.425,33.325],[-84.425,33.275]]]}},{"type":"Feature","properties":{"layer":"TEMPO NO2","transport":"Westward","timePeriod":"08:00-10:00 EDT Westward","NO2":2.49653268,"unit":"10^15 molecules cm^-2"},"geometry":{"type":"Polygon","coordinates":[[[-84.375,33.275],[-84.325,33.275],[-84.325,33.325],[-84.375,33.325],[-84.375,33.275]]]}},{"type":"Feature","properties":{"layer":"TEMPO NO2","transport":"Westward","timePeriod":"08:00-10:00 EDT Westward","NO2":2.60474443,"unit":"10^15 molecules cm^-2"},"geometry":{"type":"Polygon","coordinates":[[[-84.325,33.275],[-84.275,33.275],[-84.275,33.325],[-84.325,33.325],[-84.325,33.275]]]}},{"type":"Feature","properties":{"layer":"TEMPO NO2","transport":"Westward","timePeriod":"08:00-10:00 EDT Westward","NO2":2.38048124,"unit":"10^15 molecules cm^-2"},"geometry":{"type":"Polygon","coordinates":[[[-84.275,33.275],[-84.225,33.275],[-84.225,33.325],[-84.275,33.325],[-84.275,33.275]]]}},{"type":"Feature","properties":{"layer":"TEMPO NO2","transport":"Westward","timePeriod":"08:00-10:00 EDT Westward","NO2":2.47480583,"unit":"10^15 molecules cm^-2"},"geometry":{"type":"Polygon","coordinates":[[[-84.225,33.275],[-84.175,33.275],[-84.175,33.325],[-84.225,33.325],[-84.225,33.275]]]}},{"type":"Feature","properties":{"layer":"TEMPO NO2","transport":"Westward","timePeriod":"08:00-10:00 EDT Westward","NO2":2.47745419,"unit":"10^15 molecules cm^-2"},"geometry":{"type":"Polygon","coordinates":[[[-84.175,33.275],[-84.125,33.275],[-84.125,33.325],[-84.175,33.325],[-84.175,33.275]]]}},{"type":"Feature","properties":{"layer":"TEMPO NO2","transport":"Westward","timePeriod":"08:00-10:00 EDT Westward","NO2":2.67288828,"unit":"10^15 molecules cm^-2"},"geometry":{"type":"Polygon","coordinates":[[[-84.125,33.275],[-84.075,33.275],[-84.075,33.325],[-84.125,33.325],[-84.125,33.275]]]}},{"type":"Feature","properties":{"layer":"TEMPO NO2","transport":"Westward","timePeriod":"08:00-10:00 EDT Westward","NO2":2.36896729,"unit":"10^15 molecules cm^-2"},"geometry":{"type":"Polygon","coordinates":[[[-84.075,33.275],[-84.025,33.275],[-84.025,33.325],[-84.075,33.325],[-84.075,33.275]]]}},{"type":"Feature","properties":{"layer":"TEMPO NO2","transport":"Westward","timePeriod":"08:00-10:00 EDT Westward","NO2":2.16597605,"unit":"10^15 molecules cm^-2"},"geometry":{"type":"Polygon","coordinates":[[[-84.025,33.275],[-83.975,33.275],[-83.975,33.325],[-84.025,33.325],[-84.025,33.275]]]}},{"type":"Feature","properties":{"layer":"TEMPO NO2","transport":"Westward","timePeriod":"08:00-10:00 EDT Westward","NO2":2.28879428,"unit":"10^15 molecules cm^-2"},"geometry":{"type":"Polygon","coordinates":[[[-83.975,33.275],[-83.925,33.275],[-83.925,33.325],[-83.975,33.325],[-83.975,33.275]]]}},{"type":"Feature","properties":{"layer":"TEMPO NO2","transport":"Westward","timePeriod":"08:00-10:00 EDT Westward","NO2":1.99647892,"unit":"10^15 molecules cm^-2"},"geometry":{"type":"Polygon","coordinates":[[[-83.925,33.275],[-83.875,33.275],[-83.875,33.325],[-83.925,33.325],[-83.925,33.275]]]}},{"type":"Feature","properties":{"layer":"TEMPO NO2","transport":"Westward","timePeriod":"08:00-10:00 EDT Westward","NO2":2.04034662,"unit":"10^15 molecules cm^-2"},"geometry":{"type":"Polygon","coordinates":[[[-83.875,33.275],[-83.825,33.275],[-83.825,33.325],[-83.875,33.325],[-83.875,33.275]]]}},{"type":"Feature","properties":{"layer":"TEMPO NO2","transport":"Westward","timePeriod":"08:00-10:00 EDT Westward","NO2":2.05413675,"unit":"10^15 molecules cm^-2"},"geometry":{"type":"Polygon","coordinates":[[[-83.825,33.275],[-83.775,33.275],[-83.775,33.325],[-83.825,33.325],[-83.825,33.275]]]}},{"type":"Feature","properties":{"layer":"TEMPO NO2","transport":"Westward","timePeriod":"08:00-10:00 EDT Westward","NO2":2.17140627,"unit":"10^15 molecules cm^-2"},"geometry":{"type":"Polygon","coordinates":[[[-84.975,33.325],[-84.925,33.325],[-84.925,33.375],[-84.975,33.375],[-84.975,33.325]]]}},{"type":"Feature","properties":{"layer":"TEMPO NO2","transport":"Westward","timePeriod":"08:00-10:00 EDT Westward","NO2":2.20413709,"unit":"10^15 molecules cm^-2"},"geometry":{"type":"Polygon","coordinates":[[[-84.925,33.325],[-84.875,33.325],[-84.875,33.375],[-84.925,33.375],[-84.925,33.325]]]}},{"type":"Feature","properties":{"layer":"TEMPO NO2","transport":"Westward","timePeriod":"08:00-10:00 EDT Westward","NO2":2.05971,"unit":"10^15 molecules cm^-2"},"geometry":{"type":"Polygon","coordinates":[[[-84.875,33.325],[-84.825,33.325],[-84.825,33.375],[-84.875,33.375],[-84.875,33.325]]]}},{"type":"Feature","properties":{"layer":"TEMPO NO2","transport":"Westward","timePeriod":"08:00-10:00 EDT Westward","NO2":2.28234863,"unit":"10^15 molecules cm^-2"},"geometry":{"type":"Polygon","coordinates":[[[-84.825,33.325],[-84.775,33.325],[-84.775,33.375],[-84.825,33.375],[-84.825,33.325]]]}},{"type":"Feature","properties":{"layer":"TEMPO NO2","transport":"Westward","timePeriod":"08:00-10:00 EDT Westward","NO2":2.2371614,"unit":"10^15 molecules cm^-2"},"geometry":{"type":"Polygon","coordinates":[[[-84.775,33.325],[-84.725,33.325],[-84.725,33.375],[-84.775,33.375],[-84.775,33.325]]]}},{"type":"Feature","properties":{"layer":"TEMPO NO2","transport":"Westward","timePeriod":"08:00-10:00 EDT Westward","NO2":2.16077113,"unit":"10^15 molecules cm^-2"},"geometry":{"type":"Polygon","coordinates":[[[-84.725,33.325],[-84.675,33.325],[-84.675,33.375],[-84.725,33.375],[-84.725,33.325]]]}},{"type":"Feature","properties":{"layer":"TEMPO NO2","transport":"Westward","timePeriod":"08:00-10:00 EDT Westward","NO2":2.41972899,"unit":"10^15 molecules cm^-2"},"geometry":{"type":"Polygon","coordinates":[[[-84.675,33.325],[-84.625,33.325],[-84.625,33.375],[-84.675,33.375],[-84.675,33.325]]]}},{"type":"Feature","properties":{"layer":"TEMPO NO2","transport":"Westward","timePeriod":"08:00-10:00 EDT Westward","NO2":2.42201233,"unit":"10^15 molecules cm^-2"},"geometry":{"type":"Polygon","coordinates":[[[-84.625,33.325],[-84.575,33.325],[-84.575,33.375],[-84.625,33.375],[-84.625,33.325]]]}},{"type":"Feature","properties":{"layer":"TEMPO NO2","transport":"Westward","timePeriod":"08:00-10:00 EDT Westward","NO2":2.58284044,"unit":"10^15 molecules cm^-2"},"geometry":{"type":"Polygon","coordinates":[[[-84.575,33.325],[-84.525,33.325],[-84.525,33.375],[-84.575,33.375],[-84.575,33.325]]]}},{"type":"Feature","properties":{"layer":"TEMPO NO2","transport":"Westward","timePeriod":"08:00-10:00 EDT Westward","NO2":2.36539173,"unit":"10^15 molecules cm^-2"},"geometry":{"type":"Polygon","coordinates":[[[-84.525,33.325],[-84.475,33.325],[-84.475,33.375],[-84.525,33.375],[-84.525,33.325]]]}},{"type":"Feature","properties":{"layer":"TEMPO NO2","transport":"Westward","timePeriod":"08:00-10:00 EDT Westward","NO2":2.46202803,"unit":"10^15 molecules cm^-2"},"geometry":{"type":"Polygon","coordinates":[[[-84.475,33.325],[-84.425,33.325],[-84.425,33.375],[-84.475,33.375],[-84.475,33.325]]]}},{"type":"Feature","properties":{"layer":"TEMPO NO2","transport":"Westward","timePeriod":"08:00-10:00 EDT Westward","NO2":2.50068402,"unit":"10^15 molecules cm^-2"},"geometry":{"type":"Polygon","coordinates":[[[-84.425,33.325],[-84.375,33.325],[-84.375,33.375],[-84.425,33.375],[-84.425,33.325]]]}},{"type":"Feature","properties":{"layer":"TEMPO NO2","transport":"Westward","timePeriod":"08:00-10:00 EDT Westward","NO2":2.51197767,"unit":"10^15 molecules cm^-2"},"geometry":{"type":"Polygon","coordinates":[[[-84.375,33.325],[-84.325,33.325],[-84.325,33.375],[-84.375,33.375],[-84.375,33.325]]]}},{"type":"Feature","properties":{"layer":"TEMPO NO2","transport":"Westward","timePeriod":"08:00-10:00 EDT Westward","NO2":2.48471427,"unit":"10^15 molecules cm^-2"},"geometry":{"type":"Polygon","coordinates":[[[-84.325,33.325],[-84.275,33.325],[-84.275,33.375],[-84.325,33.375],[-84.325,33.325]]]}},{"type":"Feature","properties":{"layer":"TEMPO NO2","transport":"Westward","timePeriod":"08:00-10:00 EDT Westward","NO2":2.45613241,"unit":"10^15 molecules cm^-2"},"geometry":{"type":"Polygon","coordinates":[[[-84.275,33.325],[-84.225,33.325],[-84.225,33.375],[-84.275,33.375],[-84.275,33.325]]]}},{"type":"Feature","properties":{"layer":"TEMPO NO2","transport":"Westward","timePeriod":"08:00-10:00 EDT Westward","NO2":2.51260448,"unit":"10^15 molecules cm^-2"},"geometry":{"type":"Polygon","coordinates":[[[-84.225,33.325],[-84.175,33.325],[-84.175,33.375],[-84.225,33.375],[-84.225,33.325]]]}},{"type":"Feature","properties":{"layer":"TEMPO NO2","transport":"Westward","timePeriod":"08:00-10:00 EDT Westward","NO2":2.57099438,"unit":"10^15 molecules cm^-2"},"geometry":{"type":"Polygon","coordinates":[[[-84.175,33.325],[-84.125,33.325],[-84.125,33.375],[-84.175,33.375],[-84.175,33.325]]]}},{"type":"Feature","properties":{"layer":"TEMPO NO2","transport":"Westward","timePeriod":"08:00-10:00 EDT Westward","NO2":2.47373343,"unit":"10^15 molecules cm^-2"},"geometry":{"type":"Polygon","coordinates":[[[-84.125,33.325],[-84.075,33.325],[-84.075,33.375],[-84.125,33.375],[-84.125,33.325]]]}},{"type":"Feature","properties":{"layer":"TEMPO NO2","transport":"Westward","timePeriod":"08:00-10:00 EDT Westward","NO2":2.21713901,"unit":"10^15 molecules cm^-2"},"geometry":{"type":"Polygon","coordinates":[[[-84.075,33.325],[-84.025,33.325],[-84.025,33.375],[-84.075,33.375],[-84.075,33.325]]]}},{"type":"Feature","properties":{"layer":"TEMPO NO2","transport":"Westward","timePeriod":"08:00-10:00 EDT Westward","NO2":2.14793444,"unit":"10^15 molecules cm^-2"},"geometry":{"type":"Polygon","coordinates":[[[-84.025,33.325],[-83.975,33.325],[-83.975,33.375],[-84.025,33.375],[-84.025,33.325]]]}},{"type":"Feature","properties":{"layer":"TEMPO NO2","transport":"Westward","timePeriod":"08:00-10:00 EDT Westward","NO2":2.26387668,"unit":"10^15 molecules cm^-2"},"geometry":{"type":"Polygon","coordinates":[[[-83.975,33.325],[-83.925,33.325],[-83.925,33.375],[-83.975,33.375],[-83.975,33.325]]]}},{"type":"Feature","properties":{"layer":"TEMPO NO2","transport":"Westward","timePeriod":"08:00-10:00 EDT Westward","NO2":2.15415168,"unit":"10^15 molecules cm^-2"},"geometry":{"type":"Polygon","coordinates":[[[-83.925,33.325],[-83.875,33.325],[-83.875,33.375],[-83.925,33.375],[-83.925,33.325]]]}},{"type":"Feature","properties":{"layer":"TEMPO NO2","transport":"Westward","timePeriod":"08:00-10:00 EDT Westward","NO2":2.07055545,"unit":"10^15 molecules cm^-2"},"geometry":{"type":"Polygon","coordinates":[[[-83.875,33.325],[-83.825,33.325],[-83.825,33.375],[-83.875,33.375],[-83.875,33.325]]]}},{"type":"Feature","properties":{"layer":"TEMPO NO2","transport":"Westward","timePeriod":"08:00-10:00 EDT Westward","NO2":1.97872579,"unit":"10^15 molecules cm^-2"},"geometry":{"type":"Polygon","coordinates":[[[-83.825,33.325],[-83.775,33.325],[-83.775,33.375],[-83.825,33.375],[-83.825,33.325]]]}},{"type":"Feature","properties":{"layer":"TEMPO NO2","transport":"Westward","timePeriod":"08:00-10:00 EDT Westward","NO2":2.42878604,"unit":"10^15 molecules cm^-2"},"geometry":{"type":"Polygon","coordinates":[[[-84.975,33.375],[-84.925,33.375],[-84.925,33.425],[-84.975,33.425],[-84.975,33.375]]]}},{"type":"Feature","properties":{"layer":"TEMPO NO2","transport":"Westward","timePeriod":"08:00-10:00 EDT Westward","NO2":2.1835196,"unit":"10^15 molecules cm^-2"},"geometry":{"type":"Polygon","coordinates":[[[-84.925,33.375],[-84.875,33.375],[-84.875,33.425],[-84.925,33.425],[-84.925,33.375]]]}},{"type":"Feature","properties":{"layer":"TEMPO NO2","transport":"Westward","timePeriod":"08:00-10:00 EDT Westward","NO2":2.26161218,"unit":"10^15 molecules cm^-2"},"geometry":{"type":"Polygon","coordinates":[[[-84.875,33.375],[-84.825,33.375],[-84.825,33.425],[-84.875,33.425],[-84.875,33.375]]]}},{"type":"Feature","properties":{"layer":"TEMPO NO2","transport":"Westward","timePeriod":"08:00-10:00 EDT Westward","NO2":2.33228564,"unit":"10^15 molecules cm^-2"},"geometry":{"type":"Polygon","coordinates":[[[-84.825,33.375],[-84.775,33.375],[-84.775,33.425],[-84.825,33.425],[-84.825,33.375]]]}},{"type":"Feature","properties":{"layer":"TEMPO NO2","transport":"Westward","timePeriod":"08:00-10:00 EDT Westward","NO2":2.25149751,"unit":"10^15 molecules cm^-2"},"geometry":{"type":"Polygon","coordinates":[[[-84.775,33.375],[-84.725,33.375],[-84.725,33.425],[-84.775,33.425],[-84.775,33.375]]]}},{"type":"Feature","properties":{"layer":"TEMPO NO2","transport":"Westward","timePeriod":"08:00-10:00 EDT Westward","NO2":2.33615828,"unit":"10^15 molecules cm^-2"},"geometry":{"type":"Polygon","coordinates":[[[-84.725,33.375],[-84.675,33.375],[-84.675,33.425],[-84.725,33.425],[-84.725,33.375]]]}},{"type":"Feature","properties":{"layer":"TEMPO NO2","transport":"Westward","timePeriod":"08:00-10:00 EDT Westward","NO2":2.41981912,"unit":"10^15 molecules cm^-2"},"geometry":{"type":"Polygon","coordinates":[[[-84.675,33.375],[-84.625,33.375],[-84.625,33.425],[-84.675,33.425],[-84.675,33.375]]]}},{"type":"Feature","properties":{"layer":"TEMPO NO2","transport":"Westward","timePeriod":"08:00-10:00 EDT Westward","NO2":2.51496458,"unit":"10^15 molecules cm^-2"},"geometry":{"type":"Polygon","coordinates":[[[-84.625,33.375],[-84.575,33.375],[-84.575,33.425],[-84.625,33.425],[-84.625,33.375]]]}},{"type":"Feature","properties":{"layer":"TEMPO NO2","transport":"Westward","timePeriod":"08:00-10:00 EDT Westward","NO2":2.48952913,"unit":"10^15 molecules cm^-2"},"geometry":{"type":"Polygon","coordinates":[[[-84.575,33.375],[-84.525,33.375],[-84.525,33.425],[-84.575,33.425],[-84.575,33.375]]]}},{"type":"Feature","properties":{"layer":"TEMPO NO2","transport":"Westward","timePeriod":"08:00-10:00 EDT Westward","NO2":2.4974637,"unit":"10^15 molecules cm^-2"},"geometry":{"type":"Polygon","coordinates":[[[-84.525,33.375],[-84.475,33.375],[-84.475,33.425],[-84.525,33.425],[-84.525,33.375]]]}},{"type":"Feature","properties":{"layer":"TEMPO NO2","transport":"Westward","timePeriod":"08:00-10:00 EDT Westward","NO2":2.49027038,"unit":"10^15 molecules cm^-2"},"geometry":{"type":"Polygon","coordinates":[[[-84.475,33.375],[-84.425,33.375],[-84.425,33.425],[-84.475,33.425],[-84.475,33.375]]]}},{"type":"Feature","properties":{"layer":"TEMPO NO2","transport":"Westward","timePeriod":"08:00-10:00 EDT Westward","NO2":2.53824449,"unit":"10^15 molecules cm^-2"},"geometry":{"type":"Polygon","coordinates":[[[-84.425,33.375],[-84.375,33.375],[-84.375,33.425],[-84.425,33.425],[-84.425,33.375]]]}},{"type":"Feature","properties":{"layer":"TEMPO NO2","transport":"Westward","timePeriod":"08:00-10:00 EDT Westward","NO2":2.56914377,"unit":"10^15 molecules cm^-2"},"geometry":{"type":"Polygon","coordinates":[[[-84.375,33.375],[-84.325,33.375],[-84.325,33.425],[-84.375,33.425],[-84.375,33.375]]]}},{"type":"Feature","properties":{"layer":"TEMPO NO2","transport":"Westward","timePeriod":"08:00-10:00 EDT Westward","NO2":2.60223508,"unit":"10^15 molecules cm^-2"},"geometry":{"type":"Polygon","coordinates":[[[-84.325,33.375],[-84.275,33.375],[-84.275,33.425],[-84.325,33.425],[-84.325,33.375]]]}},{"type":"Feature","properties":{"layer":"TEMPO NO2","transport":"Westward","timePeriod":"08:00-10:00 EDT Westward","NO2":2.59554982,"unit":"10^15 molecules cm^-2"},"geometry":{"type":"Polygon","coordinates":[[[-84.275,33.375],[-84.225,33.375],[-84.225,33.425],[-84.275,33.425],[-84.275,33.375]]]}},{"type":"Feature","properties":{"layer":"TEMPO NO2","transport":"Westward","timePeriod":"08:00-10:00 EDT Westward","NO2":2.63597178,"unit":"10^15 molecules cm^-2"},"geometry":{"type":"Polygon","coordinates":[[[-84.225,33.375],[-84.175,33.375],[-84.175,33.425],[-84.225,33.425],[-84.225,33.375]]]}},{"type":"Feature","properties":{"layer":"TEMPO NO2","transport":"Westward","timePeriod":"08:00-10:00 EDT Westward","NO2":2.6526196,"unit":"10^15 molecules cm^-2"},"geometry":{"type":"Polygon","coordinates":[[[-84.175,33.375],[-84.125,33.375],[-84.125,33.425],[-84.175,33.425],[-84.175,33.375]]]}},{"type":"Feature","properties":{"layer":"TEMPO NO2","transport":"Westward","timePeriod":"08:00-10:00 EDT Westward","NO2":2.56897259,"unit":"10^15 molecules cm^-2"},"geometry":{"type":"Polygon","coordinates":[[[-84.125,33.375],[-84.075,33.375],[-84.075,33.425],[-84.125,33.425],[-84.125,33.375]]]}},{"type":"Feature","properties":{"layer":"TEMPO NO2","transport":"Westward","timePeriod":"08:00-10:00 EDT Westward","NO2":2.18773079,"unit":"10^15 molecules cm^-2"},"geometry":{"type":"Polygon","coordinates":[[[-84.075,33.375],[-84.025,33.375],[-84.025,33.425],[-84.075,33.425],[-84.075,33.375]]]}},{"type":"Feature","properties":{"layer":"TEMPO NO2","transport":"Westward","timePeriod":"08:00-10:00 EDT Westward","NO2":2.36749601,"unit":"10^15 molecules cm^-2"},"geometry":{"type":"Polygon","coordinates":[[[-84.025,33.375],[-83.975,33.375],[-83.975,33.425],[-84.025,33.425],[-84.025,33.375]]]}},{"type":"Feature","properties":{"layer":"TEMPO NO2","transport":"Westward","timePeriod":"08:00-10:00 EDT Westward","NO2":2.16161203,"unit":"10^15 molecules cm^-2"},"geometry":{"type":"Polygon","coordinates":[[[-83.975,33.375],[-83.925,33.375],[-83.925,33.425],[-83.975,33.425],[-83.975,33.375]]]}},{"type":"Feature","properties":{"layer":"TEMPO NO2","transport":"Westward","timePeriod":"08:00-10:00 EDT Westward","NO2":2.15076375,"unit":"10^15 molecules cm^-2"},"geometry":{"type":"Polygon","coordinates":[[[-83.925,33.375],[-83.875,33.375],[-83.875,33.425],[-83.925,33.425],[-83.925,33.375]]]}},{"type":"Feature","properties":{"layer":"TEMPO NO2","transport":"Westward","timePeriod":"08:00-10:00 EDT Westward","NO2":2.25283408,"unit":"10^15 molecules cm^-2"},"geometry":{"type":"Polygon","coordinates":[[[-83.875,33.375],[-83.825,33.375],[-83.825,33.425],[-83.875,33.425],[-83.875,33.375]]]}},{"type":"Feature","properties":{"layer":"TEMPO NO2","transport":"Westward","timePeriod":"08:00-10:00 EDT Westward","NO2":2.0579927,"unit":"10^15 molecules cm^-2"},"geometry":{"type":"Polygon","coordinates":[[[-83.825,33.375],[-83.775,33.375],[-83.775,33.425],[-83.825,33.425],[-83.825,33.375]]]}},{"type":"Feature","properties":{"layer":"TEMPO NO2","transport":"Westward","timePeriod":"08:00-10:00 EDT Westward","NO2":2.55601978,"unit":"10^15 molecules cm^-2"},"geometry":{"type":"Polygon","coordinates":[[[-84.975,33.425],[-84.925,33.425],[-84.925,33.475],[-84.975,33.475],[-84.975,33.425]]]}},{"type":"Feature","properties":{"layer":"TEMPO NO2","transport":"Westward","timePeriod":"08:00-10:00 EDT Westward","NO2":2.45131707,"unit":"10^15 molecules cm^-2"},"geometry":{"type":"Polygon","coordinates":[[[-84.925,33.425],[-84.875,33.425],[-84.875,33.475],[-84.925,33.475],[-84.925,33.425]]]}},{"type":"Feature","properties":{"layer":"TEMPO NO2","transport":"Westward","timePeriod":"08:00-10:00 EDT Westward","NO2":2.56158972,"unit":"10^15 molecules cm^-2"},"geometry":{"type":"Polygon","coordinates":[[[-84.875,33.425],[-84.825,33.425],[-84.825,33.475],[-84.875,33.475],[-84.875,33.425]]]}},{"type":"Feature","properties":{"layer":"TEMPO NO2","transport":"Westward","timePeriod":"08:00-10:00 EDT Westward","NO2":2.45777631,"unit":"10^15 molecules cm^-2"},"geometry":{"type":"Polygon","coordinates":[[[-84.825,33.425],[-84.775,33.425],[-84.775,33.475],[-84.825,33.475],[-84.825,33.425]]]}},{"type":"Feature","properties":{"layer":"TEMPO NO2","transport":"Westward","timePeriod":"08:00-10:00 EDT Westward","NO2":2.56819844,"unit":"10^15 molecules cm^-2"},"geometry":{"type":"Polygon","coordinates":[[[-84.775,33.425],[-84.725,33.425],[-84.725,33.475],[-84.775,33.475],[-84.775,33.425]]]}},{"type":"Feature","properties":{"layer":"TEMPO NO2","transport":"Westward","timePeriod":"08:00-10:00 EDT Westward","NO2":2.46211386,"unit":"10^15 molecules cm^-2"},"geometry":{"type":"Polygon","coordinates":[[[-84.725,33.425],[-84.675,33.425],[-84.675,33.475],[-84.725,33.475],[-84.725,33.425]]]}},{"type":"Feature","properties":{"layer":"TEMPO NO2","transport":"Westward","timePeriod":"08:00-10:00 EDT Westward","NO2":2.58505893,"unit":"10^15 molecules cm^-2"},"geometry":{"type":"Polygon","coordinates":[[[-84.675,33.425],[-84.625,33.425],[-84.625,33.475],[-84.675,33.475],[-84.675,33.425]]]}},{"type":"Feature","properties":{"layer":"TEMPO NO2","transport":"Westward","timePeriod":"08:00-10:00 EDT Westward","NO2":2.66667342,"unit":"10^15 molecules cm^-2"},"geometry":{"type":"Polygon","coordinates":[[[-84.625,33.425],[-84.575,33.425],[-84.575,33.475],[-84.625,33.475],[-84.625,33.425]]]}},{"type":"Feature","properties":{"layer":"TEMPO NO2","transport":"Westward","timePeriod":"08:00-10:00 EDT Westward","NO2":2.67613316,"unit":"10^15 molecules cm^-2"},"geometry":{"type":"Polygon","coordinates":[[[-84.575,33.425],[-84.525,33.425],[-84.525,33.475],[-84.575,33.475],[-84.575,33.425]]]}},{"type":"Feature","properties":{"layer":"TEMPO NO2","transport":"Westward","timePeriod":"08:00-10:00 EDT Westward","NO2":2.80750632,"unit":"10^15 molecules cm^-2"},"geometry":{"type":"Polygon","coordinates":[[[-84.525,33.425],[-84.475,33.425],[-84.475,33.475],[-84.525,33.475],[-84.525,33.425]]]}},{"type":"Feature","properties":{"layer":"TEMPO NO2","transport":"Westward","timePeriod":"08:00-10:00 EDT Westward","NO2":2.80969191,"unit":"10^15 molecules cm^-2"},"geometry":{"type":"Polygon","coordinates":[[[-84.475,33.425],[-84.425,33.425],[-84.425,33.475],[-84.475,33.475],[-84.475,33.425]]]}},{"type":"Feature","properties":{"layer":"TEMPO NO2","transport":"Westward","timePeriod":"08:00-10:00 EDT Westward","NO2":3.07209921,"unit":"10^15 molecules cm^-2"},"geometry":{"type":"Polygon","coordinates":[[[-84.425,33.425],[-84.375,33.425],[-84.375,33.475],[-84.425,33.475],[-84.425,33.425]]]}},{"type":"Feature","properties":{"layer":"TEMPO NO2","transport":"Westward","timePeriod":"08:00-10:00 EDT Westward","NO2":3.15874791,"unit":"10^15 molecules cm^-2"},"geometry":{"type":"Polygon","coordinates":[[[-84.375,33.425],[-84.325,33.425],[-84.325,33.475],[-84.375,33.475],[-84.375,33.425]]]}},{"type":"Feature","properties":{"layer":"TEMPO NO2","transport":"Westward","timePeriod":"08:00-10:00 EDT Westward","NO2":2.88635874,"unit":"10^15 molecules cm^-2"},"geometry":{"type":"Polygon","coordinates":[[[-84.325,33.425],[-84.275,33.425],[-84.275,33.475],[-84.325,33.475],[-84.325,33.425]]]}},{"type":"Feature","properties":{"layer":"TEMPO NO2","transport":"Westward","timePeriod":"08:00-10:00 EDT Westward","NO2":2.84543085,"unit":"10^15 molecules cm^-2"},"geometry":{"type":"Polygon","coordinates":[[[-84.275,33.425],[-84.225,33.425],[-84.225,33.475],[-84.275,33.475],[-84.275,33.425]]]}},{"type":"Feature","properties":{"layer":"TEMPO NO2","transport":"Westward","timePeriod":"08:00-10:00 EDT Westward","NO2":3.03845549,"unit":"10^15 molecules cm^-2"},"geometry":{"type":"Polygon","coordinates":[[[-84.225,33.425],[-84.175,33.425],[-84.175,33.475],[-84.225,33.475],[-84.225,33.425]]]}},{"type":"Feature","properties":{"layer":"TEMPO NO2","transport":"Westward","timePeriod":"08:00-10:00 EDT Westward","NO2":3.13328385,"unit":"10^15 molecules cm^-2"},"geometry":{"type":"Polygon","coordinates":[[[-84.175,33.425],[-84.125,33.425],[-84.125,33.475],[-84.175,33.475],[-84.175,33.425]]]}},{"type":"Feature","properties":{"layer":"TEMPO NO2","transport":"Westward","timePeriod":"08:00-10:00 EDT Westward","NO2":2.62288666,"unit":"10^15 molecules cm^-2"},"geometry":{"type":"Polygon","coordinates":[[[-84.125,33.425],[-84.075,33.425],[-84.075,33.475],[-84.125,33.475],[-84.125,33.425]]]}},{"type":"Feature","properties":{"layer":"TEMPO NO2","transport":"Westward","timePeriod":"08:00-10:00 EDT Westward","NO2":2.38063359,"unit":"10^15 molecules cm^-2"},"geometry":{"type":"Polygon","coordinates":[[[-84.075,33.425],[-84.025,33.425],[-84.025,33.475],[-84.075,33.475],[-84.075,33.425]]]}},{"type":"Feature","properties":{"layer":"TEMPO NO2","transport":"Westward","timePeriod":"08:00-10:00 EDT Westward","NO2":2.35849047,"unit":"10^15 molecules cm^-2"},"geometry":{"type":"Polygon","coordinates":[[[-84.025,33.425],[-83.975,33.425],[-83.975,33.475],[-84.025,33.475],[-84.025,33.425]]]}},{"type":"Feature","properties":{"layer":"TEMPO NO2","transport":"Westward","timePeriod":"08:00-10:00 EDT Westward","NO2":2.27773023,"unit":"10^15 molecules cm^-2"},"geometry":{"type":"Polygon","coordinates":[[[-83.975,33.425],[-83.925,33.425],[-83.925,33.475],[-83.975,33.475],[-83.975,33.425]]]}},{"type":"Feature","properties":{"layer":"TEMPO NO2","transport":"Westward","timePeriod":"08:00-10:00 EDT Westward","NO2":2.26098871,"unit":"10^15 molecules cm^-2"},"geometry":{"type":"Polygon","coordinates":[[[-83.925,33.425],[-83.875,33.425],[-83.875,33.475],[-83.925,33.475],[-83.925,33.425]]]}},{"type":"Feature","properties":{"layer":"TEMPO NO2","transport":"Westward","timePeriod":"08:00-10:00 EDT Westward","NO2":2.11097169,"unit":"10^15 molecules cm^-2"},"geometry":{"type":"Polygon","coordinates":[[[-83.875,33.425],[-83.825,33.425],[-83.825,33.475],[-83.875,33.475],[-83.875,33.425]]]}},{"type":"Feature","properties":{"layer":"TEMPO NO2","transport":"Westward","timePeriod":"08:00-10:00 EDT Westward","NO2":1.98544955,"unit":"10^15 molecules cm^-2"},"geometry":{"type":"Polygon","coordinates":[[[-83.825,33.425],[-83.775,33.425],[-83.775,33.475],[-83.825,33.475],[-83.825,33.425]]]}},{"type":"Feature","properties":{"layer":"TEMPO NO2","transport":"Westward","timePeriod":"08:00-10:00 EDT Westward","NO2":2.66651869,"unit":"10^15 molecules cm^-2"},"geometry":{"type":"Polygon","coordinates":[[[-84.975,33.475],[-84.925,33.475],[-84.925,33.525],[-84.975,33.525],[-84.975,33.475]]]}},{"type":"Feature","properties":{"layer":"TEMPO NO2","transport":"Westward","timePeriod":"08:00-10:00 EDT Westward","NO2":2.82123351,"unit":"10^15 molecules cm^-2"},"geometry":{"type":"Polygon","coordinates":[[[-84.925,33.475],[-84.875,33.475],[-84.875,33.525],[-84.925,33.525],[-84.925,33.475]]]}},{"type":"Feature","properties":{"layer":"TEMPO NO2","transport":"Westward","timePeriod":"08:00-10:00 EDT Westward","NO2":2.70728898,"unit":"10^15 molecules cm^-2"},"geometry":{"type":"Polygon","coordinates":[[[-84.875,33.475],[-84.825,33.475],[-84.825,33.525],[-84.875,33.525],[-84.875,33.475]]]}},{"type":"Feature","properties":{"layer":"TEMPO NO2","transport":"Westward","timePeriod":"08:00-10:00 EDT Westward","NO2":2.78630161,"unit":"10^15 molecules cm^-2"},"geometry":{"type":"Polygon","coordinates":[[[-84.825,33.475],[-84.775,33.475],[-84.775,33.525],[-84.825,33.525],[-84.825,33.475]]]}},{"type":"Feature","properties":{"layer":"TEMPO NO2","transport":"Westward","timePeriod":"08:00-10:00 EDT Westward","NO2":2.60574174,"unit":"10^15 molecules cm^-2"},"geometry":{"type":"Polygon","coordinates":[[[-84.775,33.475],[-84.725,33.475],[-84.725,33.525],[-84.775,33.525],[-84.775,33.475]]]}},{"type":"Feature","properties":{"layer":"TEMPO NO2","transport":"Westward","timePeriod":"08:00-10:00 EDT Westward","NO2":2.45897388,"unit":"10^15 molecules cm^-2"},"geometry":{"type":"Polygon","coordinates":[[[-84.725,33.475],[-84.675,33.475],[-84.675,33.525],[-84.725,33.525],[-84.725,33.475]]]}},{"type":"Feature","properties":{"layer":"TEMPO NO2","transport":"Westward","timePeriod":"08:00-10:00 EDT Westward","NO2":2.66744637,"unit":"10^15 molecules cm^-2"},"geometry":{"type":"Polygon","coordinates":[[[-84.675,33.475],[-84.625,33.475],[-84.625,33.525],[-84.675,33.525],[-84.675,33.475]]]}},{"type":"Feature","properties":{"layer":"TEMPO NO2","transport":"Westward","timePeriod":"08:00-10:00 EDT Westward","NO2":2.87370348,"unit":"10^15 molecules cm^-2"},"geometry":{"type":"Polygon","coordinates":[[[-84.625,33.475],[-84.575,33.475],[-84.575,33.525],[-84.625,33.525],[-84.625,33.475]]]}},{"type":"Feature","properties":{"layer":"TEMPO NO2","transport":"Westward","timePeriod":"08:00-10:00 EDT Westward","NO2":2.90346098,"unit":"10^15 molecules cm^-2"},"geometry":{"type":"Polygon","coordinates":[[[-84.575,33.475],[-84.525,33.475],[-84.525,33.525],[-84.575,33.525],[-84.575,33.475]]]}},{"type":"Feature","properties":{"layer":"TEMPO NO2","transport":"Westward","timePeriod":"08:00-10:00 EDT Westward","NO2":3.24075532,"unit":"10^15 molecules cm^-2"},"geometry":{"type":"Polygon","coordinates":[[[-84.525,33.475],[-84.475,33.475],[-84.475,33.525],[-84.525,33.525],[-84.525,33.475]]]}},{"type":"Feature","properties":{"layer":"TEMPO NO2","transport":"Westward","timePeriod":"08:00-10:00 EDT Westward","NO2":3.12627077,"unit":"10^15 molecules cm^-2"},"geometry":{"type":"Polygon","coordinates":[[[-84.475,33.475],[-84.425,33.475],[-84.425,33.525],[-84.475,33.525],[-84.475,33.475]]]}},{"type":"Feature","properties":{"layer":"TEMPO NO2","transport":"Westward","timePeriod":"08:00-10:00 EDT Westward","NO2":2.96583366,"unit":"10^15 molecules cm^-2"},"geometry":{"type":"Polygon","coordinates":[[[-84.425,33.475],[-84.375,33.475],[-84.375,33.525],[-84.425,33.525],[-84.425,33.475]]]}},{"type":"Feature","properties":{"layer":"TEMPO NO2","transport":"Westward","timePeriod":"08:00-10:00 EDT Westward","NO2":3.15435839,"unit":"10^15 molecules cm^-2"},"geometry":{"type":"Polygon","coordinates":[[[-84.375,33.475],[-84.325,33.475],[-84.325,33.525],[-84.375,33.525],[-84.375,33.475]]]}},{"type":"Feature","properties":{"layer":"TEMPO NO2","transport":"Westward","timePeriod":"08:00-10:00 EDT Westward","NO2":3.10972619,"unit":"10^15 molecules cm^-2"},"geometry":{"type":"Polygon","coordinates":[[[-84.325,33.475],[-84.275,33.475],[-84.275,33.525],[-84.325,33.525],[-84.325,33.475]]]}},{"type":"Feature","properties":{"layer":"TEMPO NO2","transport":"Westward","timePeriod":"08:00-10:00 EDT Westward","NO2":3.06721711,"unit":"10^15 molecules cm^-2"},"geometry":{"type":"Polygon","coordinates":[[[-84.275,33.475],[-84.225,33.475],[-84.225,33.525],[-84.275,33.525],[-84.275,33.475]]]}},{"type":"Feature","properties":{"layer":"TEMPO NO2","transport":"Westward","timePeriod":"08:00-10:00 EDT Westward","NO2":3.02372861,"unit":"10^15 molecules cm^-2"},"geometry":{"type":"Polygon","coordinates":[[[-84.225,33.475],[-84.175,33.475],[-84.175,33.525],[-84.225,33.525],[-84.225,33.475]]]}},{"type":"Feature","properties":{"layer":"TEMPO NO2","transport":"Westward","timePeriod":"08:00-10:00 EDT Westward","NO2":2.90268755,"unit":"10^15 molecules cm^-2"},"geometry":{"type":"Polygon","coordinates":[[[-84.175,33.475],[-84.125,33.475],[-84.125,33.525],[-84.175,33.525],[-84.175,33.475]]]}},{"type":"Feature","properties":{"layer":"TEMPO NO2","transport":"Westward","timePeriod":"08:00-10:00 EDT Westward","NO2":2.54889178,"unit":"10^15 molecules cm^-2"},"geometry":{"type":"Polygon","coordinates":[[[-84.125,33.475],[-84.075,33.475],[-84.075,33.525],[-84.125,33.525],[-84.125,33.475]]]}},{"type":"Feature","properties":{"layer":"TEMPO NO2","transport":"Westward","timePeriod":"08:00-10:00 EDT Westward","NO2":2.38788509,"unit":"10^15 molecules cm^-2"},"geometry":{"type":"Polygon","coordinates":[[[-84.075,33.475],[-84.025,33.475],[-84.025,33.525],[-84.075,33.525],[-84.075,33.475]]]}},{"type":"Feature","properties":{"layer":"TEMPO NO2","transport":"Westward","timePeriod":"08:00-10:00 EDT Westward","NO2":2.45152497,"unit":"10^15 molecules cm^-2"},"geometry":{"type":"Polygon","coordinates":[[[-84.025,33.475],[-83.975,33.475],[-83.975,33.525],[-84.025,33.525],[-84.025,33.475]]]}},{"type":"Feature","properties":{"layer":"TEMPO NO2","transport":"Westward","timePeriod":"08:00-10:00 EDT Westward","NO2":2.39831448,"unit":"10^15 molecules cm^-2"},"geometry":{"type":"Polygon","coordinates":[[[-83.975,33.475],[-83.925,33.475],[-83.925,33.525],[-83.975,33.525],[-83.975,33.475]]]}},{"type":"Feature","properties":{"layer":"TEMPO NO2","transport":"Westward","timePeriod":"08:00-10:00 EDT Westward","NO2":2.41012764,"unit":"10^15 molecules cm^-2"},"geometry":{"type":"Polygon","coordinates":[[[-83.925,33.475],[-83.875,33.475],[-83.875,33.525],[-83.925,33.525],[-83.925,33.475]]]}},{"type":"Feature","properties":{"layer":"TEMPO NO2","transport":"Westward","timePeriod":"08:00-10:00 EDT Westward","NO2":2.16545987,"unit":"10^15 molecules cm^-2"},"geometry":{"type":"Polygon","coordinates":[[[-83.875,33.475],[-83.825,33.475],[-83.825,33.525],[-83.875,33.525],[-83.875,33.475]]]}},{"type":"Feature","properties":{"layer":"TEMPO NO2","transport":"Westward","timePeriod":"08:00-10:00 EDT Westward","NO2":2.12818,"unit":"10^15 molecules cm^-2"},"geometry":{"type":"Polygon","coordinates":[[[-83.825,33.475],[-83.775,33.475],[-83.775,33.525],[-83.825,33.525],[-83.825,33.475]]]}},{"type":"Feature","properties":{"layer":"TEMPO NO2","transport":"Westward","timePeriod":"08:00-10:00 EDT Westward","NO2":2.49398351,"unit":"10^15 molecules cm^-2"},"geometry":{"type":"Polygon","coordinates":[[[-84.975,33.525],[-84.925,33.525],[-84.925,33.575],[-84.975,33.575],[-84.975,33.525]]]}},{"type":"Feature","properties":{"layer":"TEMPO NO2","transport":"Westward","timePeriod":"08:00-10:00 EDT Westward","NO2":2.60821557,"unit":"10^15 molecules cm^-2"},"geometry":{"type":"Polygon","coordinates":[[[-84.925,33.525],[-84.875,33.525],[-84.875,33.575],[-84.925,33.575],[-84.925,33.525]]]}},{"type":"Feature","properties":{"layer":"TEMPO NO2","transport":"Westward","timePeriod":"08:00-10:00 EDT Westward","NO2":2.66308641,"unit":"10^15 molecules cm^-2"},"geometry":{"type":"Polygon","coordinates":[[[-84.875,33.525],[-84.825,33.525],[-84.825,33.575],[-84.875,33.575],[-84.875,33.525]]]}},{"type":"Feature","properties":{"layer":"TEMPO NO2","transport":"Westward","timePeriod":"08:00-10:00 EDT Westward","NO2":2.81352687,"unit":"10^15 molecules cm^-2"},"geometry":{"type":"Polygon","coordinates":[[[-84.825,33.525],[-84.775,33.525],[-84.775,33.575],[-84.825,33.575],[-84.825,33.525]]]}},{"type":"Feature","properties":{"layer":"TEMPO NO2","transport":"Westward","timePeriod":"08:00-10:00 EDT Westward","NO2":2.57382894,"unit":"10^15 molecules cm^-2"},"geometry":{"type":"Polygon","coordinates":[[[-84.775,33.525],[-84.725,33.525],[-84.725,33.575],[-84.775,33.575],[-84.775,33.525]]]}},{"type":"Feature","properties":{"layer":"TEMPO NO2","transport":"Westward","timePeriod":"08:00-10:00 EDT Westward","NO2":2.59247851,"unit":"10^15 molecules cm^-2"},"geometry":{"type":"Polygon","coordinates":[[[-84.725,33.525],[-84.675,33.525],[-84.675,33.575],[-84.725,33.575],[-84.725,33.525]]]}},{"type":"Feature","properties":{"layer":"TEMPO NO2","transport":"Westward","timePeriod":"08:00-10:00 EDT Westward","NO2":2.71048951,"unit":"10^15 molecules cm^-2"},"geometry":{"type":"Polygon","coordinates":[[[-84.675,33.525],[-84.625,33.525],[-84.625,33.575],[-84.675,33.575],[-84.675,33.525]]]}},{"type":"Feature","properties":{"layer":"TEMPO NO2","transport":"Westward","timePeriod":"08:00-10:00 EDT Westward","NO2":2.66275978,"unit":"10^15 molecules cm^-2"},"geometry":{"type":"Polygon","coordinates":[[[-84.625,33.525],[-84.575,33.525],[-84.575,33.575],[-84.625,33.575],[-84.625,33.525]]]}},{"type":"Feature","properties":{"layer":"TEMPO NO2","transport":"Westward","timePeriod":"08:00-10:00 EDT Westward","NO2":2.87971187,"unit":"10^15 molecules cm^-2"},"geometry":{"type":"Polygon","coordinates":[[[-84.575,33.525],[-84.525,33.525],[-84.525,33.575],[-84.575,33.575],[-84.575,33.525]]]}},{"type":"Feature","properties":{"layer":"TEMPO NO2","transport":"Westward","timePeriod":"08:00-10:00 EDT Westward","NO2":2.95969319,"unit":"10^15 molecules cm^-2"},"geometry":{"type":"Polygon","coordinates":[[[-84.525,33.525],[-84.475,33.525],[-84.475,33.575],[-84.525,33.575],[-84.525,33.525]]]}},{"type":"Feature","properties":{"layer":"TEMPO NO2","transport":"Westward","timePeriod":"08:00-10:00 EDT Westward","NO2":3.19418836,"unit":"10^15 molecules cm^-2"},"geometry":{"type":"Polygon","coordinates":[[[-84.475,33.525],[-84.425,33.525],[-84.425,33.575],[-84.475,33.575],[-84.475,33.525]]]}},{"type":"Feature","properties":{"layer":"TEMPO NO2","transport":"Westward","timePeriod":"08:00-10:00 EDT Westward","NO2":3.31872463,"unit":"10^15 molecules cm^-2"},"geometry":{"type":"Polygon","coordinates":[[[-84.425,33.525],[-84.375,33.525],[-84.375,33.575],[-84.425,33.575],[-84.425,33.525]]]}},{"type":"Feature","properties":{"layer":"TEMPO NO2","transport":"Westward","timePeriod":"08:00-10:00 EDT Westward","NO2":3.28741622,"unit":"10^15 molecules cm^-2"},"geometry":{"type":"Polygon","coordinates":[[[-84.375,33.525],[-84.325,33.525],[-84.325,33.575],[-84.375,33.575],[-84.375,33.525]]]}},{"type":"Feature","properties":{"layer":"TEMPO NO2","transport":"Westward","timePeriod":"08:00-10:00 EDT Westward","NO2":3.34778094,"unit":"10^15 molecules cm^-2"},"geometry":{"type":"Polygon","coordinates":[[[-84.325,33.525],[-84.275,33.525],[-84.275,33.575],[-84.325,33.575],[-84.325,33.525]]]}},{"type":"Feature","properties":{"layer":"TEMPO NO2","transport":"Westward","timePeriod":"08:00-10:00 EDT Westward","NO2":3.32271814,"unit":"10^15 molecules cm^-2"},"geometry":{"type":"Polygon","coordinates":[[[-84.275,33.525],[-84.225,33.525],[-84.225,33.575],[-84.275,33.575],[-84.275,33.525]]]}},{"type":"Feature","properties":{"layer":"TEMPO NO2","transport":"Westward","timePeriod":"08:00-10:00 EDT Westward","NO2":3.2481606,"unit":"10^15 molecules cm^-2"},"geometry":{"type":"Polygon","coordinates":[[[-84.225,33.525],[-84.175,33.525],[-84.175,33.575],[-84.225,33.575],[-84.225,33.525]]]}},{"type":"Feature","properties":{"layer":"TEMPO NO2","transport":"Westward","timePeriod":"08:00-10:00 EDT Westward","NO2":2.78794479,"unit":"10^15 molecules cm^-2"},"geometry":{"type":"Polygon","coordinates":[[[-84.175,33.525],[-84.125,33.525],[-84.125,33.575],[-84.175,33.575],[-84.175,33.525]]]}},{"type":"Feature","properties":{"layer":"TEMPO NO2","transport":"Westward","timePeriod":"08:00-10:00 EDT Westward","NO2":2.59159446,"unit":"10^15 molecules cm^-2"},"geometry":{"type":"Polygon","coordinates":[[[-84.125,33.525],[-84.075,33.525],[-84.075,33.575],[-84.125,33.575],[-84.125,33.525]]]}},{"type":"Feature","properties":{"layer":"TEMPO NO2","transport":"Westward","timePeriod":"08:00-10:00 EDT Westward","NO2":2.30977,"unit":"10^15 molecules cm^-2"},"geometry":{"type":"Polygon","coordinates":[[[-84.075,33.525],[-84.025,33.525],[-84.025,33.575],[-84.075,33.575],[-84.075,33.525]]]}},{"type":"Feature","properties":{"layer":"TEMPO NO2","transport":"Westward","timePeriod":"08:00-10:00 EDT Westward","NO2":2.41325855,"unit":"10^15 molecules cm^-2"},"geometry":{"type":"Polygon","coordinates":[[[-84.025,33.525],[-83.975,33.525],[-83.975,33.575],[-84.025,33.575],[-84.025,33.525]]]}},{"type":"Feature","properties":{"layer":"TEMPO NO2","transport":"Westward","timePeriod":"08:00-10:00 EDT Westward","NO2":2.35821748,"unit":"10^15 molecules cm^-2"},"geometry":{"type":"Polygon","coordinates":[[[-83.975,33.525],[-83.925,33.525],[-83.925,33.575],[-83.975,33.575],[-83.975,33.525]]]}},{"type":"Feature","properties":{"layer":"TEMPO NO2","transport":"Westward","timePeriod":"08:00-10:00 EDT Westward","NO2":2.36781859,"unit":"10^15 molecules cm^-2"},"geometry":{"type":"Polygon","coordinates":[[[-83.925,33.525],[-83.875,33.525],[-83.875,33.575],[-83.925,33.575],[-83.925,33.525]]]}},{"type":"Feature","properties":{"layer":"TEMPO NO2","transport":"Westward","timePeriod":"08:00-10:00 EDT Westward","NO2":2.23984599,"unit":"10^15 molecules cm^-2"},"geometry":{"type":"Polygon","coordinates":[[[-83.875,33.525],[-83.825,33.525],[-83.825,33.575],[-83.875,33.575],[-83.875,33.525]]]}},{"type":"Feature","properties":{"layer":"TEMPO NO2","transport":"Westward","timePeriod":"08:00-10:00 EDT Westward","NO2":2.22165799,"unit":"10^15 molecules cm^-2"},"geometry":{"type":"Polygon","coordinates":[[[-83.825,33.525],[-83.775,33.525],[-83.775,33.575],[-83.825,33.575],[-83.825,33.525]]]}},{"type":"Feature","properties":{"layer":"TEMPO NO2","transport":"Westward","timePeriod":"08:00-10:00 EDT Westward","NO2":2.4659164,"unit":"10^15 molecules cm^-2"},"geometry":{"type":"Polygon","coordinates":[[[-84.975,33.575],[-84.925,33.575],[-84.925,33.625],[-84.975,33.625],[-84.975,33.575]]]}},{"type":"Feature","properties":{"layer":"TEMPO NO2","transport":"Westward","timePeriod":"08:00-10:00 EDT Westward","NO2":2.54164624,"unit":"10^15 molecules cm^-2"},"geometry":{"type":"Polygon","coordinates":[[[-84.925,33.575],[-84.875,33.575],[-84.875,33.625],[-84.925,33.625],[-84.925,33.575]]]}},{"type":"Feature","properties":{"layer":"TEMPO NO2","transport":"Westward","timePeriod":"08:00-10:00 EDT Westward","NO2":2.56618309,"unit":"10^15 molecules cm^-2"},"geometry":{"type":"Polygon","coordinates":[[[-84.875,33.575],[-84.825,33.575],[-84.825,33.625],[-84.875,33.625],[-84.875,33.575]]]}},{"type":"Feature","properties":{"layer":"TEMPO NO2","transport":"Westward","timePeriod":"08:00-10:00 EDT Westward","NO2":2.73351908,"unit":"10^15 molecules cm^-2"},"geometry":{"type":"Polygon","coordinates":[[[-84.825,33.575],[-84.775,33.575],[-84.775,33.625],[-84.825,33.625],[-84.825,33.575]]]}},{"type":"Feature","properties":{"layer":"TEMPO NO2","transport":"Westward","timePeriod":"08:00-10:00 EDT Westward","NO2":2.8428297,"unit":"10^15 molecules cm^-2"},"geometry":{"type":"Polygon","coordinates":[[[-84.775,33.575],[-84.725,33.575],[-84.725,33.625],[-84.775,33.625],[-84.775,33.575]]]}},{"type":"Feature","properties":{"layer":"TEMPO NO2","transport":"Westward","timePeriod":"08:00-10:00 EDT Westward","NO2":2.96343803,"unit":"10^15 molecules cm^-2"},"geometry":{"type":"Polygon","coordinates":[[[-84.725,33.575],[-84.675,33.575],[-84.675,33.625],[-84.725,33.625],[-84.725,33.575]]]}},{"type":"Feature","properties":{"layer":"TEMPO NO2","transport":"Westward","timePeriod":"08:00-10:00 EDT Westward","NO2":3.04994869,"unit":"10^15 molecules cm^-2"},"geometry":{"type":"Polygon","coordinates":[[[-84.675,33.575],[-84.625,33.575],[-84.625,33.625],[-84.675,33.625],[-84.675,33.575]]]}},{"type":"Feature","properties":{"layer":"TEMPO NO2","transport":"Westward","timePeriod":"08:00-10:00 EDT Westward","NO2":3.30733132,"unit":"10^15 molecules cm^-2"},"geometry":{"type":"Polygon","coordinates":[[[-84.625,33.575],[-84.575,33.575],[-84.575,33.625],[-84.625,33.625],[-84.625,33.575]]]}},{"type":"Feature","properties":{"layer":"TEMPO NO2","transport":"Westward","timePeriod":"08:00-10:00 EDT Westward","NO2":3.82770038,"unit":"10^15 molecules cm^-2"},"geometry":{"type":"Polygon","coordinates":[[[-84.575,33.575],[-84.525,33.575],[-84.525,33.625],[-84.575,33.625],[-84.575,33.575]]]}},{"type":"Feature","properties":{"layer":"TEMPO NO2","transport":"Westward","timePeriod":"08:00-10:00 EDT Westward","NO2":3.8137033,"unit":"10^15 molecules cm^-2"},"geometry":{"type":"Polygon","coordinates":[[[-84.525,33.575],[-84.475,33.575],[-84.475,33.625],[-84.525,33.625],[-84.525,33.575]]]}},{"type":"Feature","properties":{"layer":"TEMPO NO2","transport":"Westward","timePeriod":"08:00-10:00 EDT Westward","NO2":3.64484096,"unit":"10^15 molecules cm^-2"},"geometry":{"type":"Polygon","coordinates":[[[-84.475,33.575],[-84.425,33.575],[-84.425,33.625],[-84.475,33.625],[-84.475,33.575]]]}},{"type":"Feature","properties":{"layer":"TEMPO NO2","transport":"Westward","timePeriod":"08:00-10:00 EDT Westward","NO2":3.77164912,"unit":"10^15 molecules cm^-2"},"geometry":{"type":"Polygon","coordinates":[[[-84.425,33.575],[-84.375,33.575],[-84.375,33.625],[-84.425,33.625],[-84.425,33.575]]]}},{"type":"Feature","properties":{"layer":"TEMPO NO2","transport":"Westward","timePeriod":"08:00-10:00 EDT Westward","NO2":4.04119253,"unit":"10^15 molecules cm^-2"},"geometry":{"type":"Polygon","coordinates":[[[-84.375,33.575],[-84.325,33.575],[-84.325,33.625],[-84.375,33.625],[-84.375,33.575]]]}},{"type":"Feature","properties":{"layer":"TEMPO NO2","transport":"Westward","timePeriod":"08:00-10:00 EDT Westward","NO2":3.76532459,"unit":"10^15 molecules cm^-2"},"geometry":{"type":"Polygon","coordinates":[[[-84.325,33.575],[-84.275,33.575],[-84.275,33.625],[-84.325,33.625],[-84.325,33.575]]]}},{"type":"Feature","properties":{"layer":"TEMPO NO2","transport":"Westward","timePeriod":"08:00-10:00 EDT Westward","NO2":3.31053853,"unit":"10^15 molecules cm^-2"},"geometry":{"type":"Polygon","coordinates":[[[-84.275,33.575],[-84.225,33.575],[-84.225,33.625],[-84.275,33.625],[-84.275,33.575]]]}},{"type":"Feature","properties":{"layer":"TEMPO NO2","transport":"Westward","timePeriod":"08:00-10:00 EDT Westward","NO2":3.05210829,"unit":"10^15 molecules cm^-2"},"geometry":{"type":"Polygon","coordinates":[[[-84.225,33.575],[-84.175,33.575],[-84.175,33.625],[-84.225,33.625],[-84.225,33.575]]]}},{"type":"Feature","properties":{"layer":"TEMPO NO2","transport":"Westward","timePeriod":"08:00-10:00 EDT Westward","NO2":2.84740353,"unit":"10^15 molecules cm^-2"},"geometry":{"type":"Polygon","coordinates":[[[-84.175,33.575],[-84.125,33.575],[-84.125,33.625],[-84.175,33.625],[-84.175,33.575]]]}},{"type":"Feature","properties":{"layer":"TEMPO NO2","transport":"Westward","timePeriod":"08:00-10:00 EDT Westward","NO2":2.6495347,"unit":"10^15 molecules cm^-2"},"geometry":{"type":"Polygon","coordinates":[[[-84.125,33.575],[-84.075,33.575],[-84.075,33.625],[-84.125,33.625],[-84.125,33.575]]]}},{"type":"Feature","properties":{"layer":"TEMPO NO2","transport":"Westward","timePeriod":"08:00-10:00 EDT Westward","NO2":2.63184643,"unit":"10^15 molecules cm^-2"},"geometry":{"type":"Polygon","coordinates":[[[-84.075,33.575],[-84.025,33.575],[-84.025,33.625],[-84.075,33.625],[-84.075,33.575]]]}},{"type":"Feature","properties":{"layer":"TEMPO NO2","transport":"Westward","timePeriod":"08:00-10:00 EDT Westward","NO2":2.49665117,"unit":"10^15 molecules cm^-2"},"geometry":{"type":"Polygon","coordinates":[[[-84.025,33.575],[-83.975,33.575],[-83.975,33.625],[-84.025,33.625],[-84.025,33.575]]]}},{"type":"Feature","properties":{"layer":"TEMPO NO2","transport":"Westward","timePeriod":"08:00-10:00 EDT Westward","NO2":2.47099686,"unit":"10^15 molecules cm^-2"},"geometry":{"type":"Polygon","coordinates":[[[-83.975,33.575],[-83.925,33.575],[-83.925,33.625],[-83.975,33.625],[-83.975,33.575]]]}},{"type":"Feature","properties":{"layer":"TEMPO NO2","transport":"Westward","timePeriod":"08:00-10:00 EDT Westward","NO2":2.55566,"unit":"10^15 molecules cm^-2"},"geometry":{"type":"Polygon","coordinates":[[[-83.925,33.575],[-83.875,33.575],[-83.875,33.625],[-83.925,33.625],[-83.925,33.575]]]}},{"type":"Feature","properties":{"layer":"TEMPO NO2","transport":"Westward","timePeriod":"08:00-10:00 EDT Westward","NO2":2.47912502,"unit":"10^15 molecules cm^-2"},"geometry":{"type":"Polygon","coordinates":[[[-83.875,33.575],[-83.825,33.575],[-83.825,33.625],[-83.875,33.625],[-83.875,33.575]]]}},{"type":"Feature","properties":{"layer":"TEMPO NO2","transport":"Westward","timePeriod":"08:00-10:00 EDT Westward","NO2":2.42278504,"unit":"10^15 molecules cm^-2"},"geometry":{"type":"Polygon","coordinates":[[[-83.825,33.575],[-83.775,33.575],[-83.775,33.625],[-83.825,33.625],[-83.825,33.575]]]}},{"type":"Feature","properties":{"layer":"TEMPO NO2","transport":"Westward","timePeriod":"08:00-10:00 EDT Westward","NO2":2.43606091,"unit":"10^15 molecules cm^-2"},"geometry":{"type":"Polygon","coordinates":[[[-84.975,33.625],[-84.925,33.625],[-84.925,33.675],[-84.975,33.675],[-84.975,33.625]]]}},{"type":"Feature","properties":{"layer":"TEMPO NO2","transport":"Westward","timePeriod":"08:00-10:00 EDT Westward","NO2":2.4319725,"unit":"10^15 molecules cm^-2"},"geometry":{"type":"Polygon","coordinates":[[[-84.925,33.625],[-84.875,33.625],[-84.875,33.675],[-84.925,33.675],[-84.925,33.625]]]}},{"type":"Feature","properties":{"layer":"TEMPO NO2","transport":"Westward","timePeriod":"08:00-10:00 EDT Westward","NO2":2.62058902,"unit":"10^15 molecules cm^-2"},"geometry":{"type":"Polygon","coordinates":[[[-84.875,33.625],[-84.825,33.625],[-84.825,33.675],[-84.875,33.675],[-84.875,33.625]]]}},{"type":"Feature","properties":{"layer":"TEMPO NO2","transport":"Westward","timePeriod":"08:00-10:00 EDT Westward","NO2":2.84363794,"unit":"10^15 molecules cm^-2"},"geometry":{"type":"Polygon","coordinates":[[[-84.825,33.625],[-84.775,33.625],[-84.775,33.675],[-84.825,33.675],[-84.825,33.625]]]}},{"type":"Feature","properties":{"layer":"TEMPO NO2","transport":"Westward","timePeriod":"08:00-10:00 EDT Westward","NO2":2.87130332,"unit":"10^15 molecules cm^-2"},"geometry":{"type":"Polygon","coordinates":[[[-84.775,33.625],[-84.725,33.625],[-84.725,33.675],[-84.775,33.675],[-84.775,33.625]]]}},{"type":"Feature","properties":{"layer":"TEMPO NO2","transport":"Westward","timePeriod":"08:00-10:00 EDT Westward","NO2":3.06559658,"unit":"10^15 molecules cm^-2"},"geometry":{"type":"Polygon","coordinates":[[[-84.725,33.625],[-84.675,33.625],[-84.675,33.675],[-84.725,33.675],[-84.725,33.625]]]}},{"type":"Feature","properties":{"layer":"TEMPO NO2","transport":"Westward","timePeriod":"08:00-10:00 EDT Westward","NO2":3.12258673,"unit":"10^15 molecules cm^-2"},"geometry":{"type":"Polygon","coordinates":[[[-84.675,33.625],[-84.625,33.625],[-84.625,33.675],[-84.675,33.675],[-84.675,33.625]]]}},{"type":"Feature","properties":{"layer":"TEMPO NO2","transport":"Westward","timePeriod":"08:00-10:00 EDT Westward","NO2":3.67427349,"unit":"10^15 molecules cm^-2"},"geometry":{"type":"Polygon","coordinates":[[[-84.625,33.625],[-84.575,33.625],[-84.575,33.675],[-84.625,33.675],[-84.625,33.625]]]}},{"type":"Feature","properties":{"layer":"TEMPO NO2","transport":"Westward","timePeriod":"08:00-10:00 EDT Westward","NO2":4.59693766,"unit":"10^15 molecules cm^-2"},"geometry":{"type":"Polygon","coordinates":[[[-84.575,33.625],[-84.525,33.625],[-84.525,33.675],[-84.575,33.675],[-84.575,33.625]]]}},{"type":"Feature","properties":{"layer":"TEMPO NO2","transport":"Westward","timePeriod":"08:00-10:00 EDT Westward","NO2":4.77403641,"unit":"10^15 molecules cm^-2"},"geometry":{"type":"Polygon","coordinates":[[[-84.525,33.625],[-84.475,33.625],[-84.475,33.675],[-84.525,33.675],[-84.525,33.625]]]}},{"type":"Feature","properties":{"layer":"TEMPO NO2","transport":"Westward","timePeriod":"08:00-10:00 EDT Westward","NO2":5.10177469,"unit":"10^15 molecules cm^-2"},"geometry":{"type":"Polygon","coordinates":[[[-84.475,33.625],[-84.425,33.625],[-84.425,33.675],[-84.475,33.675],[-84.475,33.625]]]}},{"type":"Feature","properties":{"layer":"TEMPO NO2","transport":"Westward","timePeriod":"08:00-10:00 EDT Westward","NO2":5.19284582,"unit":"10^15 molecules cm^-2"},"geometry":{"type":"Polygon","coordinates":[[[-84.425,33.625],[-84.375,33.625],[-84.375,33.675],[-84.425,33.675],[-84.425,33.625]]]}},{"type":"Feature","properties":{"layer":"TEMPO NO2","transport":"Westward","timePeriod":"08:00-10:00 EDT Westward","NO2":4.63276,"unit":"10^15 molecules cm^-2"},"geometry":{"type":"Polygon","coordinates":[[[-84.375,33.625],[-84.325,33.625],[-84.325,33.675],[-84.375,33.675],[-84.375,33.625]]]}},{"type":"Feature","properties":{"layer":"TEMPO NO2","transport":"Westward","timePeriod":"08:00-10:00 EDT Westward","NO2":4.02133799,"unit":"10^15 molecules cm^-2"},"geometry":{"type":"Polygon","coordinates":[[[-84.325,33.625],[-84.275,33.625],[-84.275,33.675],[-84.325,33.675],[-84.325,33.625]]]}},{"type":"Feature","properties":{"layer":"TEMPO NO2","transport":"Westward","timePeriod":"08:00-10:00 EDT Westward","NO2":3.36578226,"unit":"10^15 molecules cm^-2"},"geometry":{"type":"Polygon","coordinates":[[[-84.275,33.625],[-84.225,33.625],[-84.225,33.675],[-84.275,33.675],[-84.275,33.625]]]}},{"type":"Feature","properties":{"layer":"TEMPO NO2","transport":"Westward","timePeriod":"08:00-10:00 EDT Westward","NO2":3.27424884,"unit":"10^15 molecules cm^-2"},"geometry":{"type":"Polygon","coordinates":[[[-84.225,33.625],[-84.175,33.625],[-84.175,33.675],[-84.225,33.675],[-84.225,33.625]]]}},{"type":"Feature","properties":{"layer":"TEMPO NO2","transport":"Westward","timePeriod":"08:00-10:00 EDT Westward","NO2":3.21163416,"unit":"10^15 molecules cm^-2"},"geometry":{"type":"Polygon","coordinates":[[[-84.175,33.625],[-84.125,33.625],[-84.125,33.675],[-84.175,33.675],[-84.175,33.625]]]}},{"type":"Feature","properties":{"layer":"TEMPO NO2","transport":"Westward","timePeriod":"08:00-10:00 EDT Westward","NO2":2.77431345,"unit":"10^15 molecules cm^-2"},"geometry":{"type":"Polygon","coordinates":[[[-84.125,33.625],[-84.075,33.625],[-84.075,33.675],[-84.125,33.675],[-84.125,33.625]]]}},{"type":"Feature","properties":{"layer":"TEMPO NO2","transport":"Westward","timePeriod":"08:00-10:00 EDT Westward","NO2":2.72497535,"unit":"10^15 molecules cm^-2"},"geometry":{"type":"Polygon","coordinates":[[[-84.075,33.625],[-84.025,33.625],[-84.025,33.675],[-84.075,33.675],[-84.075,33.625]]]}},{"type":"Feature","properties":{"layer":"TEMPO NO2","transport":"Westward","timePeriod":"08:00-10:00 EDT Westward","NO2":2.55100513,"unit":"10^15 molecules cm^-2"},"geometry":{"type":"Polygon","coordinates":[[[-84.025,33.625],[-83.975,33.625],[-83.975,33.675],[-84.025,33.675],[-84.025,33.625]]]}},{"type":"Feature","properties":{"layer":"TEMPO NO2","transport":"Westward","timePeriod":"08:00-10:00 EDT Westward","NO2":2.44816899,"unit":"10^15 molecules cm^-2"},"geometry":{"type":"Polygon","coordinates":[[[-83.975,33.625],[-83.925,33.625],[-83.925,33.675],[-83.975,33.675],[-83.975,33.625]]]}},{"type":"Feature","properties":{"layer":"TEMPO NO2","transport":"Westward","timePeriod":"08:00-10:00 EDT Westward","NO2":2.38220596,"unit":"10^15 molecules cm^-2"},"geometry":{"type":"Polygon","coordinates":[[[-83.925,33.625],[-83.875,33.625],[-83.875,33.675],[-83.925,33.675],[-83.925,33.625]]]}},{"type":"Feature","properties":{"layer":"TEMPO NO2","transport":"Westward","timePeriod":"08:00-10:00 EDT Westward","NO2":2.57851386,"unit":"10^15 molecules cm^-2"},"geometry":{"type":"Polygon","coordinates":[[[-83.875,33.625],[-83.825,33.625],[-83.825,33.675],[-83.875,33.675],[-83.875,33.625]]]}},{"type":"Feature","properties":{"layer":"TEMPO NO2","transport":"Westward","timePeriod":"08:00-10:00 EDT Westward","NO2":2.37582,"unit":"10^15 molecules cm^-2"},"geometry":{"type":"Polygon","coordinates":[[[-83.825,33.625],[-83.775,33.625],[-83.775,33.675],[-83.825,33.675],[-83.825,33.625]]]}},{"type":"Feature","properties":{"layer":"TEMPO NO2","transport":"Westward","timePeriod":"08:00-10:00 EDT Westward","NO2":2.40482521,"unit":"10^15 molecules cm^-2"},"geometry":{"type":"Polygon","coordinates":[[[-84.975,33.675],[-84.925,33.675],[-84.925,33.725],[-84.975,33.725],[-84.975,33.675]]]}},{"type":"Feature","properties":{"layer":"TEMPO NO2","transport":"Westward","timePeriod":"08:00-10:00 EDT Westward","NO2":2.5733583,"unit":"10^15 molecules cm^-2"},"geometry":{"type":"Polygon","coordinates":[[[-84.925,33.675],[-84.875,33.675],[-84.875,33.725],[-84.925,33.725],[-84.925,33.675]]]}},{"type":"Feature","properties":{"layer":"TEMPO NO2","transport":"Westward","timePeriod":"08:00-10:00 EDT Westward","NO2":2.70236611,"unit":"10^15 molecules cm^-2"},"geometry":{"type":"Polygon","coordinates":[[[-84.875,33.675],[-84.825,33.675],[-84.825,33.725],[-84.875,33.725],[-84.875,33.675]]]}},{"type":"Feature","properties":{"layer":"TEMPO NO2","transport":"Westward","timePeriod":"08:00-10:00 EDT Westward","NO2":2.91713858,"unit":"10^15 molecules cm^-2"},"geometry":{"type":"Polygon","coordinates":[[[-84.825,33.675],[-84.775,33.675],[-84.775,33.725],[-84.825,33.725],[-84.825,33.675]]]}},{"type":"Feature","properties":{"layer":"TEMPO NO2","transport":"Westward","timePeriod":"08:00-10:00 EDT Westward","NO2":2.88063478,"unit":"10^15 molecules cm^-2"},"geometry":{"type":"Polygon","coordinates":[[[-84.775,33.675],[-84.725,33.675],[-84.725,33.725],[-84.775,33.725],[-84.775,33.675]]]}},{"type":"Feature","properties":{"layer":"TEMPO NO2","transport":"Westward","timePeriod":"08:00-10:00 EDT Westward","NO2":3.00547719,"unit":"10^15 molecules cm^-2"},"geometry":{"type":"Polygon","coordinates":[[[-84.725,33.675],[-84.675,33.675],[-84.675,33.725],[-84.725,33.725],[-84.725,33.675]]]}},{"type":"Feature","properties":{"layer":"TEMPO NO2","transport":"Westward","timePeriod":"08:00-10:00 EDT Westward","NO2":3.33368134,"unit":"10^15 molecules cm^-2"},"geometry":{"type":"Polygon","coordinates":[[[-84.675,33.675],[-84.625,33.675],[-84.625,33.725],[-84.675,33.725],[-84.675,33.675]]]}},{"type":"Feature","properties":{"layer":"TEMPO NO2","transport":"Westward","timePeriod":"08:00-10:00 EDT Westward","NO2":3.62334967,"unit":"10^15 molecules cm^-2"},"geometry":{"type":"Polygon","coordinates":[[[-84.625,33.675],[-84.575,33.675],[-84.575,33.725],[-84.625,33.725],[-84.625,33.675]]]}},{"type":"Feature","properties":{"layer":"TEMPO NO2","transport":"Westward","timePeriod":"08:00-10:00 EDT Westward","NO2":4.2092371,"unit":"10^15 molecules cm^-2"},"geometry":{"type":"Polygon","coordinates":[[[-84.575,33.675],[-84.525,33.675],[-84.525,33.725],[-84.575,33.725],[-84.575,33.675]]]}},{"type":"Feature","properties":{"layer":"TEMPO NO2","transport":"Westward","timePeriod":"08:00-10:00 EDT Westward","NO2":4.60292053,"unit":"10^15 molecules cm^-2"},"geometry":{"type":"Polygon","coordinates":[[[-84.525,33.675],[-84.475,33.675],[-84.475,33.725],[-84.525,33.725],[-84.525,33.675]]]}},{"type":"Feature","properties":{"layer":"TEMPO NO2","transport":"Westward","timePeriod":"08:00-10:00 EDT Westward","NO2":4.70097542,"unit":"10^15 molecules cm^-2"},"geometry":{"type":"Polygon","coordinates":[[[-84.475,33.675],[-84.425,33.675],[-84.425,33.725],[-84.475,33.725],[-84.475,33.675]]]}},{"type":"Feature","properties":{"layer":"TEMPO NO2","transport":"Westward","timePeriod":"08:00-10:00 EDT Westward","NO2":4.68537235,"unit":"10^15 molecules cm^-2"},"geometry":{"type":"Polygon","coordinates":[[[-84.425,33.675],[-84.375,33.675],[-84.375,33.725],[-84.425,33.725],[-84.425,33.675]]]}},{"type":"Feature","properties":{"layer":"TEMPO NO2","transport":"Westward","timePeriod":"08:00-10:00 EDT Westward","NO2":4.44340897,"unit":"10^15 molecules cm^-2"},"geometry":{"type":"Polygon","coordinates":[[[-84.375,33.675],[-84.325,33.675],[-84.325,33.725],[-84.375,33.725],[-84.375,33.675]]]}},{"type":"Feature","properties":{"layer":"TEMPO NO2","transport":"Westward","timePeriod":"08:00-10:00 EDT Westward","NO2":4.10701513,"unit":"10^15 molecules cm^-2"},"geometry":{"type":"Polygon","coordinates":[[[-84.325,33.675],[-84.275,33.675],[-84.275,33.725],[-84.325,33.725],[-84.325,33.675]]]}},{"type":"Feature","properties":{"layer":"TEMPO NO2","transport":"Westward","timePeriod":"08:00-10:00 EDT Westward","NO2":3.85133815,"unit":"10^15 molecules cm^-2"},"geometry":{"type":"Polygon","coordinates":[[[-84.275,33.675],[-84.225,33.675],[-84.225,33.725],[-84.275,33.725],[-84.275,33.675]]]}},{"type":"Feature","properties":{"layer":"TEMPO NO2","transport":"Westward","timePeriod":"08:00-10:00 EDT Westward","NO2":3.54494166,"unit":"10^15 molecules cm^-2"},"geometry":{"type":"Polygon","coordinates":[[[-84.225,33.675],[-84.175,33.675],[-84.175,33.725],[-84.225,33.725],[-84.225,33.675]]]}},{"type":"Feature","properties":{"layer":"TEMPO NO2","transport":"Westward","timePeriod":"08:00-10:00 EDT Westward","NO2":3.48247647,"unit":"10^15 molecules cm^-2"},"geometry":{"type":"Polygon","coordinates":[[[-84.175,33.675],[-84.125,33.675],[-84.125,33.725],[-84.175,33.725],[-84.175,33.675]]]}},{"type":"Feature","properties":{"layer":"TEMPO NO2","transport":"Westward","timePeriod":"08:00-10:00 EDT Westward","NO2":2.98188019,"unit":"10^15 molecules cm^-2"},"geometry":{"type":"Polygon","coordinates":[[[-84.125,33.675],[-84.075,33.675],[-84.075,33.725],[-84.125,33.725],[-84.125,33.675]]]}},{"type":"Feature","properties":{"layer":"TEMPO NO2","transport":"Westward","timePeriod":"08:00-10:00 EDT Westward","NO2":2.9506278,"unit":"10^15 molecules cm^-2"},"geometry":{"type":"Polygon","coordinates":[[[-84.075,33.675],[-84.025,33.675],[-84.025,33.725],[-84.075,33.725],[-84.075,33.675]]]}},{"type":"Feature","properties":{"layer":"TEMPO NO2","transport":"Westward","timePeriod":"08:00-10:00 EDT Westward","NO2":2.87434793,"unit":"10^15 molecules cm^-2"},"geometry":{"type":"Polygon","coordinates":[[[-84.025,33.675],[-83.975,33.675],[-83.975,33.725],[-84.025,33.725],[-84.025,33.675]]]}},{"type":"Feature","properties":{"layer":"TEMPO NO2","transport":"Westward","timePeriod":"08:00-10:00 EDT Westward","NO2":2.68879819,"unit":"10^15 molecules cm^-2"},"geometry":{"type":"Polygon","coordinates":[[[-83.975,33.675],[-83.925,33.675],[-83.925,33.725],[-83.975,33.725],[-83.975,33.675]]]}},{"type":"Feature","properties":{"layer":"TEMPO NO2","transport":"Westward","timePeriod":"08:00-10:00 EDT Westward","NO2":2.63708806,"unit":"10^15 molecules cm^-2"},"geometry":{"type":"Polygon","coordinates":[[[-83.925,33.675],[-83.875,33.675],[-83.875,33.725],[-83.925,33.725],[-83.925,33.675]]]}},{"type":"Feature","properties":{"layer":"TEMPO NO2","transport":"Westward","timePeriod":"08:00-10:00 EDT Westward","NO2":2.50773191,"unit":"10^15 molecules cm^-2"},"geometry":{"type":"Polygon","coordinates":[[[-83.875,33.675],[-83.825,33.675],[-83.825,33.725],[-83.875,33.725],[-83.875,33.675]]]}},{"type":"Feature","properties":{"layer":"TEMPO NO2","transport":"Westward","timePeriod":"08:00-10:00 EDT Westward","NO2":2.3018961,"unit":"10^15 molecules cm^-2"},"geometry":{"type":"Polygon","coordinates":[[[-83.825,33.675],[-83.775,33.675],[-83.775,33.725],[-83.825,33.725],[-83.825,33.675]]]}},{"type":"Feature","properties":{"layer":"TEMPO NO2","transport":"Westward","timePeriod":"08:00-10:00 EDT Westward","NO2":2.5140574,"unit":"10^15 molecules cm^-2"},"geometry":{"type":"Polygon","coordinates":[[[-84.975,33.725],[-84.925,33.725],[-84.925,33.775],[-84.975,33.775],[-84.975,33.725]]]}},{"type":"Feature","properties":{"layer":"TEMPO NO2","transport":"Westward","timePeriod":"08:00-10:00 EDT Westward","NO2":2.43531013,"unit":"10^15 molecules cm^-2"},"geometry":{"type":"Polygon","coordinates":[[[-84.925,33.725],[-84.875,33.725],[-84.875,33.775],[-84.925,33.775],[-84.925,33.725]]]}},{"type":"Feature","properties":{"layer":"TEMPO NO2","transport":"Westward","timePeriod":"08:00-10:00 EDT Westward","NO2":2.65161777,"unit":"10^15 molecules cm^-2"},"geometry":{"type":"Polygon","coordinates":[[[-84.875,33.725],[-84.825,33.725],[-84.825,33.775],[-84.875,33.775],[-84.875,33.725]]]}},{"type":"Feature","properties":{"layer":"TEMPO NO2","transport":"Westward","timePeriod":"08:00-10:00 EDT Westward","NO2":2.88628936,"unit":"10^15 molecules cm^-2"},"geometry":{"type":"Polygon","coordinates":[[[-84.825,33.725],[-84.775,33.725],[-84.775,33.775],[-84.825,33.775],[-84.825,33.725]]]}},{"type":"Feature","properties":{"layer":"TEMPO NO2","transport":"Westward","timePeriod":"08:00-10:00 EDT Westward","NO2":2.89889097,"unit":"10^15 molecules cm^-2"},"geometry":{"type":"Polygon","coordinates":[[[-84.775,33.725],[-84.725,33.725],[-84.725,33.775],[-84.775,33.775],[-84.775,33.725]]]}},{"type":"Feature","properties":{"layer":"TEMPO NO2","transport":"Westward","timePeriod":"08:00-10:00 EDT Westward","NO2":3.11573148,"unit":"10^15 molecules cm^-2"},"geometry":{"type":"Polygon","coordinates":[[[-84.725,33.725],[-84.675,33.725],[-84.675,33.775],[-84.725,33.775],[-84.725,33.725]]]}},{"type":"Feature","properties":{"layer":"TEMPO NO2","transport":"Westward","timePeriod":"08:00-10:00 EDT Westward","NO2":3.37866187,"unit":"10^15 molecules cm^-2"},"geometry":{"type":"Polygon","coordinates":[[[-84.675,33.725],[-84.625,33.725],[-84.625,33.775],[-84.675,33.775],[-84.675,33.725]]]}},{"type":"Feature","properties":{"layer":"TEMPO NO2","transport":"Westward","timePeriod":"08:00-10:00 EDT Westward","NO2":4.28210306,"unit":"10^15 molecules cm^-2"},"geometry":{"type":"Polygon","coordinates":[[[-84.625,33.725],[-84.575,33.725],[-84.575,33.775],[-84.625,33.775],[-84.625,33.725]]]}},{"type":"Feature","properties":{"layer":"TEMPO NO2","transport":"Westward","timePeriod":"08:00-10:00 EDT Westward","NO2":4.52962065,"unit":"10^15 molecules cm^-2"},"geometry":{"type":"Polygon","coordinates":[[[-84.575,33.725],[-84.525,33.725],[-84.525,33.775],[-84.575,33.775],[-84.575,33.725]]]}},{"type":"Feature","properties":{"layer":"TEMPO NO2","transport":"Westward","timePeriod":"08:00-10:00 EDT Westward","NO2":4.29599047,"unit":"10^15 molecules cm^-2"},"geometry":{"type":"Polygon","coordinates":[[[-84.525,33.725],[-84.475,33.725],[-84.475,33.775],[-84.525,33.775],[-84.525,33.725]]]}},{"type":"Feature","properties":{"layer":"TEMPO NO2","transport":"Westward","timePeriod":"08:00-10:00 EDT Westward","NO2":4.22186708,"unit":"10^15 molecules cm^-2"},"geometry":{"type":"Polygon","coordinates":[[[-84.475,33.725],[-84.425,33.725],[-84.425,33.775],[-84.475,33.775],[-84.475,33.725]]]}},{"type":"Feature","properties":{"layer":"TEMPO NO2","transport":"Westward","timePeriod":"08:00-10:00 EDT Westward","NO2":4.33317518,"unit":"10^15 molecules cm^-2"},"geometry":{"type":"Polygon","coordinates":[[[-84.425,33.725],[-84.375,33.725],[-84.375,33.775],[-84.425,33.775],[-84.425,33.725]]]}},{"type":"Feature","properties":{"layer":"TEMPO NO2","transport":"Westward","timePeriod":"08:00-10:00 EDT Westward","NO2":4.00107098,"unit":"10^15 molecules cm^-2"},"geometry":{"type":"Polygon","coordinates":[[[-84.375,33.725],[-84.325,33.725],[-84.325,33.775],[-84.375,33.775],[-84.375,33.725]]]}},{"type":"Feature","properties":{"layer":"TEMPO NO2","transport":"Westward","timePeriod":"08:00-10:00 EDT Westward","NO2":3.80297661,"unit":"10^15 molecules cm^-2"},"geometry":{"type":"Polygon","coordinates":[[[-84.325,33.725],[-84.275,33.725],[-84.275,33.775],[-84.325,33.775],[-84.325,33.725]]]}},{"type":"Feature","properties":{"layer":"TEMPO NO2","transport":"Westward","timePeriod":"08:00-10:00 EDT Westward","NO2":3.74138403,"unit":"10^15 molecules cm^-2"},"geometry":{"type":"Polygon","coordinates":[[[-84.275,33.725],[-84.225,33.725],[-84.225,33.775],[-84.275,33.775],[-84.275,33.725]]]}},{"type":"Feature","properties":{"layer":"TEMPO NO2","transport":"Westward","timePeriod":"08:00-10:00 EDT Westward","NO2":3.66613603,"unit":"10^15 molecules cm^-2"},"geometry":{"type":"Polygon","coordinates":[[[-84.225,33.725],[-84.175,33.725],[-84.175,33.775],[-84.225,33.775],[-84.225,33.725]]]}},{"type":"Feature","properties":{"layer":"TEMPO NO2","transport":"Westward","timePeriod":"08:00-10:00 EDT Westward","NO2":3.32344818,"unit":"10^15 molecules cm^-2"},"geometry":{"type":"Polygon","coordinates":[[[-84.175,33.725],[-84.125,33.725],[-84.125,33.775],[-84.175,33.775],[-84.175,33.725]]]}},{"type":"Feature","properties":{"layer":"TEMPO NO2","transport":"Westward","timePeriod":"08:00-10:00 EDT Westward","NO2":2.98130131,"unit":"10^15 molecules cm^-2"},"geometry":{"type":"Polygon","coordinates":[[[-84.125,33.725],[-84.075,33.725],[-84.075,33.775],[-84.125,33.775],[-84.125,33.725]]]}},{"type":"Feature","properties":{"layer":"TEMPO NO2","transport":"Westward","timePeriod":"08:00-10:00 EDT Westward","NO2":2.53233457,"unit":"10^15 molecules cm^-2"},"geometry":{"type":"Polygon","coordinates":[[[-84.075,33.725],[-84.025,33.725],[-84.025,33.775],[-84.075,33.775],[-84.075,33.725]]]}},{"type":"Feature","properties":{"layer":"TEMPO NO2","transport":"Westward","timePeriod":"08:00-10:00 EDT Westward","NO2":2.71655297,"unit":"10^15 molecules cm^-2"},"geometry":{"type":"Polygon","coordinates":[[[-84.025,33.725],[-83.975,33.725],[-83.975,33.775],[-84.025,33.775],[-84.025,33.725]]]}},{"type":"Feature","properties":{"layer":"TEMPO NO2","transport":"Westward","timePeriod":"08:00-10:00 EDT Westward","NO2":2.54601336,"unit":"10^15 molecules cm^-2"},"geometry":{"type":"Polygon","coordinates":[[[-83.975,33.725],[-83.925,33.725],[-83.925,33.775],[-83.975,33.775],[-83.975,33.725]]]}},{"type":"Feature","properties":{"layer":"TEMPO NO2","transport":"Westward","timePeriod":"08:00-10:00 EDT Westward","NO2":2.4904108,"unit":"10^15 molecules cm^-2"},"geometry":{"type":"Polygon","coordinates":[[[-83.925,33.725],[-83.875,33.725],[-83.875,33.775],[-83.925,33.775],[-83.925,33.725]]]}},{"type":"Feature","properties":{"layer":"TEMPO NO2","transport":"Westward","timePeriod":"08:00-10:00 EDT Westward","NO2":2.43327785,"unit":"10^15 molecules cm^-2"},"geometry":{"type":"Polygon","coordinates":[[[-83.875,33.725],[-83.825,33.725],[-83.825,33.775],[-83.875,33.775],[-83.875,33.725]]]}},{"type":"Feature","properties":{"layer":"TEMPO NO2","transport":"Westward","timePeriod":"08:00-10:00 EDT Westward","NO2":2.42067337,"unit":"10^15 molecules cm^-2"},"geometry":{"type":"Polygon","coordinates":[[[-83.825,33.725],[-83.775,33.725],[-83.775,33.775],[-83.825,33.775],[-83.825,33.725]]]}},{"type":"Feature","properties":{"layer":"TEMPO NO2","transport":"Westward","timePeriod":"08:00-10:00 EDT Westward","NO2":2.33392358,"unit":"10^15 molecules cm^-2"},"geometry":{"type":"Polygon","coordinates":[[[-84.975,33.775],[-84.925,33.775],[-84.925,33.825],[-84.975,33.825],[-84.975,33.775]]]}},{"type":"Feature","properties":{"layer":"TEMPO NO2","transport":"Westward","timePeriod":"08:00-10:00 EDT Westward","NO2":2.47259283,"unit":"10^15 molecules cm^-2"},"geometry":{"type":"Polygon","coordinates":[[[-84.925,33.775],[-84.875,33.775],[-84.875,33.825],[-84.925,33.825],[-84.925,33.775]]]}},{"type":"Feature","properties":{"layer":"TEMPO NO2","transport":"Westward","timePeriod":"08:00-10:00 EDT Westward","NO2":2.97571325,"unit":"10^15 molecules cm^-2"},"geometry":{"type":"Polygon","coordinates":[[[-84.875,33.775],[-84.825,33.775],[-84.825,33.825],[-84.875,33.825],[-84.875,33.775]]]}},{"type":"Feature","properties":{"layer":"TEMPO NO2","transport":"Westward","timePeriod":"08:00-10:00 EDT Westward","NO2":2.93786645,"unit":"10^15 molecules cm^-2"},"geometry":{"type":"Polygon","coordinates":[[[-84.825,33.775],[-84.775,33.775],[-84.775,33.825],[-84.825,33.825],[-84.825,33.775]]]}},{"type":"Feature","properties":{"layer":"TEMPO NO2","transport":"Westward","timePeriod":"08:00-10:00 EDT Westward","NO2":3.16591311,"unit":"10^15 molecules cm^-2"},"geometry":{"type":"Polygon","coordinates":[[[-84.775,33.775],[-84.725,33.775],[-84.725,33.825],[-84.775,33.825],[-84.775,33.775]]]}},{"type":"Feature","properties":{"layer":"TEMPO NO2","transport":"Westward","timePeriod":"08:00-10:00 EDT Westward","NO2":3.05517817,"unit":"10^15 molecules cm^-2"},"geometry":{"type":"Polygon","coordinates":[[[-84.725,33.775],[-84.675,33.775],[-84.675,33.825],[-84.725,33.825],[-84.725,33.775]]]}},{"type":"Feature","properties":{"layer":"TEMPO NO2","transport":"Westward","timePeriod":"08:00-10:00 EDT Westward","NO2":3.41949415,"unit":"10^15 molecules cm^-2"},"geometry":{"type":"Polygon","coordinates":[[[-84.675,33.775],[-84.625,33.775],[-84.625,33.825],[-84.675,33.825],[-84.675,33.775]]]}},{"type":"Feature","properties":{"layer":"TEMPO NO2","transport":"Westward","timePeriod":"08:00-10:00 EDT Westward","NO2":4.16716957,"unit":"10^15 molecules cm^-2"},"geometry":{"type":"Polygon","coordinates":[[[-84.625,33.775],[-84.575,33.775],[-84.575,33.825],[-84.625,33.825],[-84.625,33.775]]]}},{"type":"Feature","properties":{"layer":"TEMPO NO2","transport":"Westward","timePeriod":"08:00-10:00 EDT Westward","NO2":4.61821222,"unit":"10^15 molecules cm^-2"},"geometry":{"type":"Polygon","coordinates":[[[-84.575,33.775],[-84.525,33.775],[-84.525,33.825],[-84.575,33.825],[-84.575,33.775]]]}},{"type":"Feature","properties":{"layer":"TEMPO NO2","transport":"Westward","timePeriod":"08:00-10:00 EDT Westward","NO2":4.66138268,"unit":"10^15 molecules cm^-2"},"geometry":{"type":"Polygon","coordinates":[[[-84.525,33.775],[-84.475,33.775],[-84.475,33.825],[-84.525,33.825],[-84.525,33.775]]]}},{"type":"Feature","properties":{"layer":"TEMPO NO2","transport":"Westward","timePeriod":"08:00-10:00 EDT Westward","NO2":4.26779604,"unit":"10^15 molecules cm^-2"},"geometry":{"type":"Polygon","coordinates":[[[-84.475,33.775],[-84.425,33.775],[-84.425,33.825],[-84.475,33.825],[-84.475,33.775]]]}},{"type":"Feature","properties":{"layer":"TEMPO NO2","transport":"Westward","timePeriod":"08:00-10:00 EDT Westward","NO2":4.61876106,"unit":"10^15 molecules cm^-2"},"geometry":{"type":"Polygon","coordinates":[[[-84.425,33.775],[-84.375,33.775],[-84.375,33.825],[-84.425,33.825],[-84.425,33.775]]]}},{"type":"Feature","properties":{"layer":"TEMPO NO2","transport":"Westward","timePeriod":"08:00-10:00 EDT Westward","NO2":3.96868753,"unit":"10^15 molecules cm^-2"},"geometry":{"type":"Polygon","coordinates":[[[-84.375,33.775],[-84.325,33.775],[-84.325,33.825],[-84.375,33.825],[-84.375,33.775]]]}},{"type":"Feature","properties":{"layer":"TEMPO NO2","transport":"Westward","timePeriod":"08:00-10:00 EDT Westward","NO2":3.47027,"unit":"10^15 molecules cm^-2"},"geometry":{"type":"Polygon","coordinates":[[[-84.325,33.775],[-84.275,33.775],[-84.275,33.825],[-84.325,33.825],[-84.325,33.775]]]}},{"type":"Feature","properties":{"layer":"TEMPO NO2","transport":"Westward","timePeriod":"08:00-10:00 EDT Westward","NO2":3.37008095,"unit":"10^15 molecules cm^-2"},"geometry":{"type":"Polygon","coordinates":[[[-84.275,33.775],[-84.225,33.775],[-84.225,33.825],[-84.275,33.825],[-84.275,33.775]]]}},{"type":"Feature","properties":{"layer":"TEMPO NO2","transport":"Westward","timePeriod":"08:00-10:00 EDT Westward","NO2":3.23512769,"unit":"10^15 molecules cm^-2"},"geometry":{"type":"Polygon","coordinates":[[[-84.225,33.775],[-84.175,33.775],[-84.175,33.825],[-84.225,33.825],[-84.225,33.775]]]}},{"type":"Feature","properties":{"layer":"TEMPO NO2","transport":"Westward","timePeriod":"08:00-10:00 EDT Westward","NO2":3.23411608,"unit":"10^15 molecules cm^-2"},"geometry":{"type":"Polygon","coordinates":[[[-84.175,33.775],[-84.125,33.775],[-84.125,33.825],[-84.175,33.825],[-84.175,33.775]]]}},{"type":"Feature","properties":{"layer":"TEMPO NO2","transport":"Westward","timePeriod":"08:00-10:00 EDT Westward","NO2":2.9530046,"unit":"10^15 molecules cm^-2"},"geometry":{"type":"Polygon","coordinates":[[[-84.125,33.775],[-84.075,33.775],[-84.075,33.825],[-84.125,33.825],[-84.125,33.775]]]}},{"type":"Feature","properties":{"layer":"TEMPO NO2","transport":"Westward","timePeriod":"08:00-10:00 EDT Westward","NO2":2.54838133,"unit":"10^15 molecules cm^-2"},"geometry":{"type":"Polygon","coordinates":[[[-84.075,33.775],[-84.025,33.775],[-84.025,33.825],[-84.075,33.825],[-84.075,33.775]]]}},{"type":"Feature","properties":{"layer":"TEMPO NO2","transport":"Westward","timePeriod":"08:00-10:00 EDT Westward","NO2":2.49472094,"unit":"10^15 molecules cm^-2"},"geometry":{"type":"Polygon","coordinates":[[[-84.025,33.775],[-83.975,33.775],[-83.975,33.825],[-84.025,33.825],[-84.025,33.775]]]}},{"type":"Feature","properties":{"layer":"TEMPO NO2","transport":"Westward","timePeriod":"08:00-10:00 EDT Westward","NO2":2.54806924,"unit":"10^15 molecules cm^-2"},"geometry":{"type":"Polygon","coordinates":[[[-83.975,33.775],[-83.925,33.775],[-83.925,33.825],[-83.975,33.825],[-83.975,33.775]]]}},{"type":"Feature","properties":{"layer":"TEMPO NO2","transport":"Westward","timePeriod":"08:00-10:00 EDT Westward","NO2":2.60281515,"unit":"10^15 molecules cm^-2"},"geometry":{"type":"Polygon","coordinates":[[[-83.925,33.775],[-83.875,33.775],[-83.875,33.825],[-83.925,33.825],[-83.925,33.775]]]}},{"type":"Feature","properties":{"layer":"TEMPO NO2","transport":"Westward","timePeriod":"08:00-10:00 EDT Westward","NO2":2.3341651,"unit":"10^15 molecules cm^-2"},"geometry":{"type":"Polygon","coordinates":[[[-83.875,33.775],[-83.825,33.775],[-83.825,33.825],[-83.875,33.825],[-83.875,33.775]]]}},{"type":"Feature","properties":{"layer":"TEMPO NO2","transport":"Westward","timePeriod":"08:00-10:00 EDT Westward","NO2":2.42315936,"unit":"10^15 molecules cm^-2"},"geometry":{"type":"Polygon","coordinates":[[[-83.825,33.775],[-83.775,33.775],[-83.775,33.825],[-83.825,33.825],[-83.825,33.775]]]}},{"type":"Feature","properties":{"layer":"TEMPO NO2","transport":"Westward","timePeriod":"08:00-10:00 EDT Westward","NO2":2.33898568,"unit":"10^15 molecules cm^-2"},"geometry":{"type":"Polygon","coordinates":[[[-84.975,33.825],[-84.925,33.825],[-84.925,33.875],[-84.975,33.875],[-84.975,33.825]]]}},{"type":"Feature","properties":{"layer":"TEMPO NO2","transport":"Westward","timePeriod":"08:00-10:00 EDT Westward","NO2":2.37406731,"unit":"10^15 molecules cm^-2"},"geometry":{"type":"Polygon","coordinates":[[[-84.925,33.825],[-84.875,33.825],[-84.875,33.875],[-84.925,33.875],[-84.925,33.825]]]}},{"type":"Feature","properties":{"layer":"TEMPO NO2","transport":"Westward","timePeriod":"08:00-10:00 EDT Westward","NO2":2.6840446,"unit":"10^15 molecules cm^-2"},"geometry":{"type":"Polygon","coordinates":[[[-84.875,33.825],[-84.825,33.825],[-84.825,33.875],[-84.875,33.875],[-84.875,33.825]]]}},{"type":"Feature","properties":{"layer":"TEMPO NO2","transport":"Westward","timePeriod":"08:00-10:00 EDT Westward","NO2":2.83908343,"unit":"10^15 molecules cm^-2"},"geometry":{"type":"Polygon","coordinates":[[[-84.825,33.825],[-84.775,33.825],[-84.775,33.875],[-84.825,33.875],[-84.825,33.825]]]}},{"type":"Feature","properties":{"layer":"TEMPO NO2","transport":"Westward","timePeriod":"08:00-10:00 EDT Westward","NO2":2.92996144,"unit":"10^15 molecules cm^-2"},"geometry":{"type":"Polygon","coordinates":[[[-84.775,33.825],[-84.725,33.825],[-84.725,33.875],[-84.775,33.875],[-84.775,33.825]]]}},{"type":"Feature","properties":{"layer":"TEMPO NO2","transport":"Westward","timePeriod":"08:00-10:00 EDT Westward","NO2":3.14798546,"unit":"10^15 molecules cm^-2"},"geometry":{"type":"Polygon","coordinates":[[[-84.725,33.825],[-84.675,33.825],[-84.675,33.875],[-84.725,33.875],[-84.725,33.825]]]}},{"type":"Feature","properties":{"layer":"TEMPO NO2","transport":"Westward","timePeriod":"08:00-10:00 EDT Westward","NO2":3.43782878,"unit":"10^15 molecules cm^-2"},"geometry":{"type":"Polygon","coordinates":[[[-84.675,33.825],[-84.625,33.825],[-84.625,33.875],[-84.675,33.875],[-84.675,33.825]]]}},{"type":"Feature","properties":{"layer":"TEMPO NO2","transport":"Westward","timePeriod":"08:00-10:00 EDT Westward","NO2":3.60705161,"unit":"10^15 molecules cm^-2"},"geometry":{"type":"Polygon","coordinates":[[[-84.625,33.825],[-84.575,33.825],[-84.575,33.875],[-84.625,33.875],[-84.625,33.825]]]}},{"type":"Feature","properties":{"layer":"TEMPO NO2","transport":"Westward","timePeriod":"08:00-10:00 EDT Westward","NO2":3.87437415,"unit":"10^15 molecules cm^-2"},"geometry":{"type":"Polygon","coordinates":[[[-84.575,33.825],[-84.525,33.825],[-84.525,33.875],[-84.575,33.875],[-84.575,33.825]]]}},{"type":"Feature","properties":{"layer":"TEMPO NO2","transport":"Westward","timePeriod":"08:00-10:00 EDT Westward","NO2":4.34102106,"unit":"10^15 molecules cm^-2"},"geometry":{"type":"Polygon","coordinates":[[[-84.525,33.825],[-84.475,33.825],[-84.475,33.875],[-84.525,33.875],[-84.525,33.825]]]}},{"type":"Feature","properties":{"layer":"TEMPO NO2","transport":"Westward","timePeriod":"08:00-10:00 EDT Westward","NO2":4.51271439,"unit":"10^15 molecules cm^-2"},"geometry":{"type":"Polygon","coordinates":[[[-84.475,33.825],[-84.425,33.825],[-84.425,33.875],[-84.475,33.875],[-84.475,33.825]]]}},{"type":"Feature","properties":{"layer":"TEMPO NO2","transport":"Westward","timePeriod":"08:00-10:00 EDT Westward","NO2":4.30007935,"unit":"10^15 molecules cm^-2"},"geometry":{"type":"Polygon","coordinates":[[[-84.425,33.825],[-84.375,33.825],[-84.375,33.875],[-84.425,33.875],[-84.425,33.825]]]}},{"type":"Feature","properties":{"layer":"TEMPO NO2","transport":"Westward","timePeriod":"08:00-10:00 EDT Westward","NO2":4.06952047,"unit":"10^15 molecules cm^-2"},"geometry":{"type":"Polygon","coordinates":[[[-84.375,33.825],[-84.325,33.825],[-84.325,33.875],[-84.375,33.875],[-84.375,33.825]]]}},{"type":"Feature","properties":{"layer":"TEMPO NO2","transport":"Westward","timePeriod":"08:00-10:00 EDT Westward","NO2":3.40233827,"unit":"10^15 molecules cm^-2"},"geometry":{"type":"Polygon","coordinates":[[[-84.325,33.825],[-84.275,33.825],[-84.275,33.875],[-84.325,33.875],[-84.325,33.825]]]}},{"type":"Feature","properties":{"layer":"TEMPO NO2","transport":"Westward","timePeriod":"08:00-10:00 EDT Westward","NO2":3.34656811,"unit":"10^15 molecules cm^-2"},"geometry":{"type":"Polygon","coordinates":[[[-84.275,33.825],[-84.225,33.825],[-84.225,33.875],[-84.275,33.875],[-84.275,33.825]]]}},{"type":"Feature","properties":{"layer":"TEMPO NO2","transport":"Westward","timePeriod":"08:00-10:00 EDT Westward","NO2":3.09006357,"unit":"10^15 molecules cm^-2"},"geometry":{"type":"Polygon","coordinates":[[[-84.225,33.825],[-84.175,33.825],[-84.175,33.875],[-84.225,33.875],[-84.225,33.825]]]}},{"type":"Feature","properties":{"layer":"TEMPO NO2","transport":"Westward","timePeriod":"08:00-10:00 EDT Westward","NO2":2.98243737,"unit":"10^15 molecules cm^-2"},"geometry":{"type":"Polygon","coordinates":[[[-84.175,33.825],[-84.125,33.825],[-84.125,33.875],[-84.175,33.875],[-84.175,33.825]]]}},{"type":"Feature","properties":{"layer":"TEMPO NO2","transport":"Westward","timePeriod":"08:00-10:00 EDT Westward","NO2":3.0434382,"unit":"10^15 molecules cm^-2"},"geometry":{"type":"Polygon","coordinates":[[[-84.125,33.825],[-84.075,33.825],[-84.075,33.875],[-84.125,33.875],[-84.125,33.825]]]}},{"type":"Feature","properties":{"layer":"TEMPO NO2","transport":"Westward","timePeriod":"08:00-10:00 EDT Westward","NO2":2.5553515,"unit":"10^15 molecules cm^-2"},"geometry":{"type":"Polygon","coordinates":[[[-84.075,33.825],[-84.025,33.825],[-84.025,33.875],[-84.075,33.875],[-84.075,33.825]]]}},{"type":"Feature","properties":{"layer":"TEMPO NO2","transport":"Westward","timePeriod":"08:00-10:00 EDT Westward","NO2":2.4702723,"unit":"10^15 molecules cm^-2"},"geometry":{"type":"Polygon","coordinates":[[[-84.025,33.825],[-83.975,33.825],[-83.975,33.875],[-84.025,33.875],[-84.025,33.825]]]}},{"type":"Feature","properties":{"layer":"TEMPO NO2","transport":"Westward","timePeriod":"08:00-10:00 EDT Westward","NO2":2.52627921,"unit":"10^15 molecules cm^-2"},"geometry":{"type":"Polygon","coordinates":[[[-83.975,33.825],[-83.925,33.825],[-83.925,33.875],[-83.975,33.875],[-83.975,33.825]]]}},{"type":"Feature","properties":{"layer":"TEMPO NO2","transport":"Westward","timePeriod":"08:00-10:00 EDT Westward","NO2":2.37951708,"unit":"10^15 molecules cm^-2"},"geometry":{"type":"Polygon","coordinates":[[[-83.925,33.825],[-83.875,33.825],[-83.875,33.875],[-83.925,33.875],[-83.925,33.825]]]}},{"type":"Feature","properties":{"layer":"TEMPO NO2","transport":"Westward","timePeriod":"08:00-10:00 EDT Westward","NO2":2.14835644,"unit":"10^15 molecules cm^-2"},"geometry":{"type":"Polygon","coordinates":[[[-83.875,33.825],[-83.825,33.825],[-83.825,33.875],[-83.875,33.875],[-83.875,33.825]]]}},{"type":"Feature","properties":{"layer":"TEMPO NO2","transport":"Westward","timePeriod":"08:00-10:00 EDT Westward","NO2":2.27017498,"unit":"10^15 molecules cm^-2"},"geometry":{"type":"Polygon","coordinates":[[[-83.825,33.825],[-83.775,33.825],[-83.775,33.875],[-83.825,33.875],[-83.825,33.825]]]}},{"type":"Feature","properties":{"layer":"TEMPO NO2","transport":"Westward","timePeriod":"08:00-10:00 EDT Westward","NO2":2.50582933,"unit":"10^15 molecules cm^-2"},"geometry":{"type":"Polygon","coordinates":[[[-84.975,33.875],[-84.925,33.875],[-84.925,33.925],[-84.975,33.925],[-84.975,33.875]]]}},{"type":"Feature","properties":{"layer":"TEMPO NO2","transport":"Westward","timePeriod":"08:00-10:00 EDT Westward","NO2":2.4970293,"unit":"10^15 molecules cm^-2"},"geometry":{"type":"Polygon","coordinates":[[[-84.925,33.875],[-84.875,33.875],[-84.875,33.925],[-84.925,33.925],[-84.925,33.875]]]}},{"type":"Feature","properties":{"layer":"TEMPO NO2","transport":"Westward","timePeriod":"08:00-10:00 EDT Westward","NO2":2.63976955,"unit":"10^15 molecules cm^-2"},"geometry":{"type":"Polygon","coordinates":[[[-84.875,33.875],[-84.825,33.875],[-84.825,33.925],[-84.875,33.925],[-84.875,33.875]]]}},{"type":"Feature","properties":{"layer":"TEMPO NO2","transport":"Westward","timePeriod":"08:00-10:00 EDT Westward","NO2":2.89229202,"unit":"10^15 molecules cm^-2"},"geometry":{"type":"Polygon","coordinates":[[[-84.825,33.875],[-84.775,33.875],[-84.775,33.925],[-84.825,33.925],[-84.825,33.875]]]}},{"type":"Feature","properties":{"layer":"TEMPO NO2","transport":"Westward","timePeriod":"08:00-10:00 EDT Westward","NO2":3.07068586,"unit":"10^15 molecules cm^-2"},"geometry":{"type":"Polygon","coordinates":[[[-84.775,33.875],[-84.725,33.875],[-84.725,33.925],[-84.775,33.925],[-84.775,33.875]]]}},{"type":"Feature","properties":{"layer":"TEMPO NO2","transport":"Westward","timePeriod":"08:00-10:00 EDT Westward","NO2":3.07637644,"unit":"10^15 molecules cm^-2"},"geometry":{"type":"Polygon","coordinates":[[[-84.725,33.875],[-84.675,33.875],[-84.675,33.925],[-84.725,33.925],[-84.725,33.875]]]}},{"type":"Feature","properties":{"layer":"TEMPO NO2","transport":"Westward","timePeriod":"08:00-10:00 EDT Westward","NO2":3.27067375,"unit":"10^15 molecules cm^-2"},"geometry":{"type":"Polygon","coordinates":[[[-84.675,33.875],[-84.625,33.875],[-84.625,33.925],[-84.675,33.925],[-84.675,33.875]]]}},{"type":"Feature","properties":{"layer":"TEMPO NO2","transport":"Westward","timePeriod":"08:00-10:00 EDT Westward","NO2":3.5215838,"unit":"10^15 molecules cm^-2"},"geometry":{"type":"Polygon","coordinates":[[[-84.625,33.875],[-84.575,33.875],[-84.575,33.925],[-84.625,33.925],[-84.625,33.875]]]}},{"type":"Feature","properties":{"layer":"TEMPO NO2","transport":"Westward","timePeriod":"08:00-10:00 EDT Westward","NO2":3.38534689,"unit":"10^15 molecules cm^-2"},"geometry":{"type":"Polygon","coordinates":[[[-84.575,33.875],[-84.525,33.875],[-84.525,33.925],[-84.575,33.925],[-84.575,33.875]]]}},{"type":"Feature","properties":{"layer":"TEMPO NO2","transport":"Westward","timePeriod":"08:00-10:00 EDT Westward","NO2":3.60569715,"unit":"10^15 molecules cm^-2"},"geometry":{"type":"Polygon","coordinates":[[[-84.525,33.875],[-84.475,33.875],[-84.475,33.925],[-84.525,33.925],[-84.525,33.875]]]}},{"type":"Feature","properties":{"layer":"TEMPO NO2","transport":"Westward","timePeriod":"08:00-10:00 EDT Westward","NO2":3.82625103,"unit":"10^15 molecules cm^-2"},"geometry":{"type":"Polygon","coordinates":[[[-84.475,33.875],[-84.425,33.875],[-84.425,33.925],[-84.475,33.925],[-84.475,33.875]]]}},{"type":"Feature","properties":{"layer":"TEMPO NO2","transport":"Westward","timePeriod":"08:00-10:00 EDT Westward","NO2":3.73916507,"unit":"10^15 molecules cm^-2"},"geometry":{"type":"Polygon","coordinates":[[[-84.425,33.875],[-84.375,33.875],[-84.375,33.925],[-84.425,33.925],[-84.425,33.875]]]}},{"type":"Feature","properties":{"layer":"TEMPO NO2","transport":"Westward","timePeriod":"08:00-10:00 EDT Westward","NO2":3.7700212,"unit":"10^15 molecules cm^-2"},"geometry":{"type":"Polygon","coordinates":[[[-84.375,33.875],[-84.325,33.875],[-84.325,33.925],[-84.375,33.925],[-84.375,33.875]]]}},{"type":"Feature","properties":{"layer":"TEMPO NO2","transport":"Westward","timePeriod":"08:00-10:00 EDT Westward","NO2":3.84345651,"unit":"10^15 molecules cm^-2"},"geometry":{"type":"Polygon","coordinates":[[[-84.325,33.875],[-84.275,33.875],[-84.275,33.925],[-84.325,33.925],[-84.325,33.875]]]}},{"type":"Feature","properties":{"layer":"TEMPO NO2","transport":"Westward","timePeriod":"08:00-10:00 EDT Westward","NO2":3.51318669,"unit":"10^15 molecules cm^-2"},"geometry":{"type":"Polygon","coordinates":[[[-84.275,33.875],[-84.225,33.875],[-84.225,33.925],[-84.275,33.925],[-84.275,33.875]]]}},{"type":"Feature","properties":{"layer":"TEMPO NO2","transport":"Westward","timePeriod":"08:00-10:00 EDT Westward","NO2":3.25921559,"unit":"10^15 molecules cm^-2"},"geometry":{"type":"Polygon","coordinates":[[[-84.225,33.875],[-84.175,33.875],[-84.175,33.925],[-84.225,33.925],[-84.225,33.875]]]}},{"type":"Feature","properties":{"layer":"TEMPO NO2","transport":"Westward","timePeriod":"08:00-10:00 EDT Westward","NO2":3.21074581,"unit":"10^15 molecules cm^-2"},"geometry":{"type":"Polygon","coordinates":[[[-84.175,33.875],[-84.125,33.875],[-84.125,33.925],[-84.175,33.925],[-84.175,33.875]]]}},{"type":"Feature","properties":{"layer":"TEMPO NO2","transport":"Westward","timePeriod":"08:00-10:00 EDT Westward","NO2":2.9372406,"unit":"10^15 molecules cm^-2"},"geometry":{"type":"Polygon","coordinates":[[[-84.125,33.875],[-84.075,33.875],[-84.075,33.925],[-84.125,33.925],[-84.125,33.875]]]}},{"type":"Feature","properties":{"layer":"TEMPO NO2","transport":"Westward","timePeriod":"08:00-10:00 EDT Westward","NO2":2.62190795,"unit":"10^15 molecules cm^-2"},"geometry":{"type":"Polygon","coordinates":[[[-84.075,33.875],[-84.025,33.875],[-84.025,33.925],[-84.075,33.925],[-84.075,33.875]]]}},{"type":"Feature","properties":{"layer":"TEMPO NO2","transport":"Westward","timePeriod":"08:00-10:00 EDT Westward","NO2":2.58194137,"unit":"10^15 molecules cm^-2"},"geometry":{"type":"Polygon","coordinates":[[[-84.025,33.875],[-83.975,33.875],[-83.975,33.925],[-84.025,33.925],[-84.025,33.875]]]}},{"type":"Feature","properties":{"layer":"TEMPO NO2","transport":"Westward","timePeriod":"08:00-10:00 EDT Westward","NO2":2.45249796,"unit":"10^15 molecules cm^-2"},"geometry":{"type":"Polygon","coordinates":[[[-83.975,33.875],[-83.925,33.875],[-83.925,33.925],[-83.975,33.925],[-83.975,33.875]]]}},{"type":"Feature","properties":{"layer":"TEMPO NO2","transport":"Westward","timePeriod":"08:00-10:00 EDT Westward","NO2":2.37742496,"unit":"10^15 molecules cm^-2"},"geometry":{"type":"Polygon","coordinates":[[[-83.925,33.875],[-83.875,33.875],[-83.875,33.925],[-83.925,33.925],[-83.925,33.875]]]}},{"type":"Feature","properties":{"layer":"TEMPO NO2","transport":"Westward","timePeriod":"08:00-10:00 EDT Westward","NO2":2.50223637,"unit":"10^15 molecules cm^-2"},"geometry":{"type":"Polygon","coordinates":[[[-83.875,33.875],[-83.825,33.875],[-83.825,33.925],[-83.875,33.925],[-83.875,33.875]]]}},{"type":"Feature","properties":{"layer":"TEMPO NO2","transport":"Westward","timePeriod":"08:00-10:00 EDT Westward","NO2":2.55354571,"unit":"10^15 molecules cm^-2"},"geometry":{"type":"Polygon","coordinates":[[[-83.825,33.875],[-83.775,33.875],[-83.775,33.925],[-83.825,33.925],[-83.825,33.875]]]}},{"type":"Feature","properties":{"layer":"TEMPO NO2","transport":"Westward","timePeriod":"08:00-10:00 EDT Westward","NO2":2.52591681,"unit":"10^15 molecules cm^-2"},"geometry":{"type":"Polygon","coordinates":[[[-84.975,33.925],[-84.925,33.925],[-84.925,33.975],[-84.975,33.975],[-84.975,33.925]]]}},{"type":"Feature","properties":{"layer":"TEMPO NO2","transport":"Westward","timePeriod":"08:00-10:00 EDT Westward","NO2":2.65303564,"unit":"10^15 molecules cm^-2"},"geometry":{"type":"Polygon","coordinates":[[[-84.925,33.925],[-84.875,33.925],[-84.875,33.975],[-84.925,33.975],[-84.925,33.925]]]}},{"type":"Feature","properties":{"layer":"TEMPO NO2","transport":"Westward","timePeriod":"08:00-10:00 EDT Westward","NO2":2.7598598,"unit":"10^15 molecules cm^-2"},"geometry":{"type":"Polygon","coordinates":[[[-84.875,33.925],[-84.825,33.925],[-84.825,33.975],[-84.875,33.975],[-84.875,33.925]]]}},{"type":"Feature","properties":{"layer":"TEMPO NO2","transport":"Westward","timePeriod":"08:00-10:00 EDT Westward","NO2":2.80336237,"unit":"10^15 molecules cm^-2"},"geometry":{"type":"Polygon","coordinates":[[[-84.825,33.925],[-84.775,33.925],[-84.775,33.975],[-84.825,33.975],[-84.825,33.925]]]}},{"type":"Feature","properties":{"layer":"TEMPO NO2","transport":"Westward","timePeriod":"08:00-10:00 EDT Westward","NO2":2.91720843,"unit":"10^15 molecules cm^-2"},"geometry":{"type":"Polygon","coordinates":[[[-84.775,33.925],[-84.725,33.925],[-84.725,33.975],[-84.775,33.975],[-84.775,33.925]]]}},{"type":"Feature","properties":{"layer":"TEMPO NO2","transport":"Westward","timePeriod":"08:00-10:00 EDT Westward","NO2":3.11002588,"unit":"10^15 molecules cm^-2"},"geometry":{"type":"Polygon","coordinates":[[[-84.725,33.925],[-84.675,33.925],[-84.675,33.975],[-84.725,33.975],[-84.725,33.925]]]}},{"type":"Feature","properties":{"layer":"TEMPO NO2","transport":"Westward","timePeriod":"08:00-10:00 EDT Westward","NO2":3.10745287,"unit":"10^15 molecules cm^-2"},"geometry":{"type":"Polygon","coordinates":[[[-84.675,33.925],[-84.625,33.925],[-84.625,33.975],[-84.675,33.975],[-84.675,33.925]]]}},{"type":"Feature","properties":{"layer":"TEMPO NO2","transport":"Westward","timePeriod":"08:00-10:00 EDT Westward","NO2":3.14800835,"unit":"10^15 molecules cm^-2"},"geometry":{"type":"Polygon","coordinates":[[[-84.625,33.925],[-84.575,33.925],[-84.575,33.975],[-84.625,33.975],[-84.625,33.925]]]}},{"type":"Feature","properties":{"layer":"TEMPO NO2","transport":"Westward","timePeriod":"08:00-10:00 EDT Westward","NO2":3.44218302,"unit":"10^15 molecules cm^-2"},"geometry":{"type":"Polygon","coordinates":[[[-84.575,33.925],[-84.525,33.925],[-84.525,33.975],[-84.575,33.975],[-84.575,33.925]]]}},{"type":"Feature","properties":{"layer":"TEMPO NO2","transport":"Westward","timePeriod":"08:00-10:00 EDT Westward","NO2":3.30758357,"unit":"10^15 molecules cm^-2"},"geometry":{"type":"Polygon","coordinates":[[[-84.525,33.925],[-84.475,33.925],[-84.475,33.975],[-84.525,33.975],[-84.525,33.925]]]}},{"type":"Feature","properties":{"layer":"TEMPO NO2","transport":"Westward","timePeriod":"08:00-10:00 EDT Westward","NO2":3.33865,"unit":"10^15 molecules cm^-2"},"geometry":{"type":"Polygon","coordinates":[[[-84.475,33.925],[-84.425,33.925],[-84.425,33.975],[-84.475,33.975],[-84.475,33.925]]]}},{"type":"Feature","properties":{"layer":"TEMPO NO2","transport":"Westward","timePeriod":"08:00-10:00 EDT Westward","NO2":3.63166785,"unit":"10^15 molecules cm^-2"},"geometry":{"type":"Polygon","coordinates":[[[-84.425,33.925],[-84.375,33.925],[-84.375,33.975],[-84.425,33.975],[-84.425,33.925]]]}},{"type":"Feature","properties":{"layer":"TEMPO NO2","transport":"Westward","timePeriod":"08:00-10:00 EDT Westward","NO2":3.72196555,"unit":"10^15 molecules cm^-2"},"geometry":{"type":"Polygon","coordinates":[[[-84.375,33.925],[-84.325,33.925],[-84.325,33.975],[-84.375,33.975],[-84.375,33.925]]]}},{"type":"Feature","properties":{"layer":"TEMPO NO2","transport":"Westward","timePeriod":"08:00-10:00 EDT Westward","NO2":3.42364073,"unit":"10^15 molecules cm^-2"},"geometry":{"type":"Polygon","coordinates":[[[-84.325,33.925],[-84.275,33.925],[-84.275,33.975],[-84.325,33.975],[-84.325,33.925]]]}},{"type":"Feature","properties":{"layer":"TEMPO NO2","transport":"Westward","timePeriod":"08:00-10:00 EDT Westward","NO2":3.70095372,"unit":"10^15 molecules cm^-2"},"geometry":{"type":"Polygon","coordinates":[[[-84.275,33.925],[-84.225,33.925],[-84.225,33.975],[-84.275,33.975],[-84.275,33.925]]]}},{"type":"Feature","properties":{"layer":"TEMPO NO2","transport":"Westward","timePeriod":"08:00-10:00 EDT Westward","NO2":3.51111484,"unit":"10^15 molecules cm^-2"},"geometry":{"type":"Polygon","coordinates":[[[-84.225,33.925],[-84.175,33.925],[-84.175,33.975],[-84.225,33.975],[-84.225,33.925]]]}},{"type":"Feature","properties":{"layer":"TEMPO NO2","transport":"Westward","timePeriod":"08:00-10:00 EDT Westward","NO2":3.29931545,"unit":"10^15 molecules cm^-2"},"geometry":{"type":"Polygon","coordinates":[[[-84.175,33.925],[-84.125,33.925],[-84.125,33.975],[-84.175,33.975],[-84.175,33.925]]]}},{"type":"Feature","properties":{"layer":"TEMPO NO2","transport":"Westward","timePeriod":"08:00-10:00 EDT Westward","NO2":2.89846539,"unit":"10^15 molecules cm^-2"},"geometry":{"type":"Polygon","coordinates":[[[-84.125,33.925],[-84.075,33.925],[-84.075,33.975],[-84.125,33.975],[-84.125,33.925]]]}},{"type":"Feature","properties":{"layer":"TEMPO NO2","transport":"Westward","timePeriod":"08:00-10:00 EDT Westward","NO2":2.87093735,"unit":"10^15 molecules cm^-2"},"geometry":{"type":"Polygon","coordinates":[[[-84.075,33.925],[-84.025,33.925],[-84.025,33.975],[-84.075,33.975],[-84.075,33.925]]]}},{"type":"Feature","properties":{"layer":"TEMPO NO2","transport":"Westward","timePeriod":"08:00-10:00 EDT Westward","NO2":2.61755919,"unit":"10^15 molecules cm^-2"},"geometry":{"type":"Polygon","coordinates":[[[-84.025,33.925],[-83.975,33.925],[-83.975,33.975],[-84.025,33.975],[-84.025,33.925]]]}},{"type":"Feature","properties":{"layer":"TEMPO NO2","transport":"Westward","timePeriod":"08:00-10:00 EDT Westward","NO2":2.53998828,"unit":"10^15 molecules cm^-2"},"geometry":{"type":"Polygon","coordinates":[[[-83.975,33.925],[-83.925,33.925],[-83.925,33.975],[-83.975,33.975],[-83.975,33.925]]]}},{"type":"Feature","properties":{"layer":"TEMPO NO2","transport":"Westward","timePeriod":"08:00-10:00 EDT Westward","NO2":2.43768597,"unit":"10^15 molecules cm^-2"},"geometry":{"type":"Polygon","coordinates":[[[-83.925,33.925],[-83.875,33.925],[-83.875,33.975],[-83.925,33.975],[-83.925,33.925]]]}},{"type":"Feature","properties":{"layer":"TEMPO NO2","transport":"Westward","timePeriod":"08:00-10:00 EDT Westward","NO2":2.31016207,"unit":"10^15 molecules cm^-2"},"geometry":{"type":"Polygon","coordinates":[[[-83.875,33.925],[-83.825,33.925],[-83.825,33.975],[-83.875,33.975],[-83.875,33.925]]]}},{"type":"Feature","properties":{"layer":"TEMPO NO2","transport":"Westward","timePeriod":"08:00-10:00 EDT Westward","NO2":2.33905506,"unit":"10^15 molecules cm^-2"},"geometry":{"type":"Polygon","coordinates":[[[-83.825,33.925],[-83.775,33.925],[-83.775,33.975],[-83.825,33.975],[-83.825,33.925]]]}},{"type":"Feature","properties":{"layer":"TEMPO NO2","transport":"Westward","timePeriod":"08:00-10:00 EDT Westward","NO2":2.38438892,"unit":"10^15 molecules cm^-2"},"geometry":{"type":"Polygon","coordinates":[[[-84.975,33.975],[-84.925,33.975],[-84.925,34.025],[-84.975,34.025],[-84.975,33.975]]]}},{"type":"Feature","properties":{"layer":"TEMPO NO2","transport":"Westward","timePeriod":"08:00-10:00 EDT Westward","NO2":2.55372691,"unit":"10^15 molecules cm^-2"},"geometry":{"type":"Polygon","coordinates":[[[-84.925,33.975],[-84.875,33.975],[-84.875,34.025],[-84.925,34.025],[-84.925,33.975]]]}},{"type":"Feature","properties":{"layer":"TEMPO NO2","transport":"Westward","timePeriod":"08:00-10:00 EDT Westward","NO2":2.74441624,"unit":"10^15 molecules cm^-2"},"geometry":{"type":"Polygon","coordinates":[[[-84.875,33.975],[-84.825,33.975],[-84.825,34.025],[-84.875,34.025],[-84.875,33.975]]]}},{"type":"Feature","properties":{"layer":"TEMPO NO2","transport":"Westward","timePeriod":"08:00-10:00 EDT Westward","NO2":2.9139657,"unit":"10^15 molecules cm^-2"},"geometry":{"type":"Polygon","coordinates":[[[-84.825,33.975],[-84.775,33.975],[-84.775,34.025],[-84.825,34.025],[-84.825,33.975]]]}},{"type":"Feature","properties":{"layer":"TEMPO NO2","transport":"Westward","timePeriod":"08:00-10:00 EDT Westward","NO2":2.95240974,"unit":"10^15 molecules cm^-2"},"geometry":{"type":"Polygon","coordinates":[[[-84.775,33.975],[-84.725,33.975],[-84.725,34.025],[-84.775,34.025],[-84.775,33.975]]]}},{"type":"Feature","properties":{"layer":"TEMPO NO2","transport":"Westward","timePeriod":"08:00-10:00 EDT Westward","NO2":2.93328524,"unit":"10^15 molecules cm^-2"},"geometry":{"type":"Polygon","coordinates":[[[-84.725,33.975],[-84.675,33.975],[-84.675,34.025],[-84.725,34.025],[-84.725,33.975]]]}},{"type":"Feature","properties":{"layer":"TEMPO NO2","transport":"Westward","timePeriod":"08:00-10:00 EDT Westward","NO2":2.95471978,"unit":"10^15 molecules cm^-2"},"geometry":{"type":"Polygon","coordinates":[[[-84.675,33.975],[-84.625,33.975],[-84.625,34.025],[-84.675,34.025],[-84.675,33.975]]]}},{"type":"Feature","properties":{"layer":"TEMPO NO2","transport":"Westward","timePeriod":"08:00-10:00 EDT Westward","NO2":3.04854226,"unit":"10^15 molecules cm^-2"},"geometry":{"type":"Polygon","coordinates":[[[-84.625,33.975],[-84.575,33.975],[-84.575,34.025],[-84.625,34.025],[-84.625,33.975]]]}},{"type":"Feature","properties":{"layer":"TEMPO NO2","transport":"Westward","timePeriod":"08:00-10:00 EDT Westward","NO2":3.11618066,"unit":"10^15 molecules cm^-2"},"geometry":{"type":"Polygon","coordinates":[[[-84.575,33.975],[-84.525,33.975],[-84.525,34.025],[-84.575,34.025],[-84.575,33.975]]]}},{"type":"Feature","properties":{"layer":"TEMPO NO2","transport":"Westward","timePeriod":"08:00-10:00 EDT Westward","NO2":3.03111792,"unit":"10^15 molecules cm^-2"},"geometry":{"type":"Polygon","coordinates":[[[-84.525,33.975],[-84.475,33.975],[-84.475,34.025],[-84.525,34.025],[-84.525,33.975]]]}},{"type":"Feature","properties":{"layer":"TEMPO NO2","transport":"Westward","timePeriod":"08:00-10:00 EDT Westward","NO2":2.98118114,"unit":"10^15 molecules cm^-2"},"geometry":{"type":"Polygon","coordinates":[[[-84.475,33.975],[-84.425,33.975],[-84.425,34.025],[-84.475,34.025],[-84.475,33.975]]]}},{"type":"Feature","properties":{"layer":"TEMPO NO2","transport":"Westward","timePeriod":"08:00-10:00 EDT Westward","NO2":3.12808681,"unit":"10^15 molecules cm^-2"},"geometry":{"type":"Polygon","coordinates":[[[-84.425,33.975],[-84.375,33.975],[-84.375,34.025],[-84.425,34.025],[-84.425,33.975]]]}},{"type":"Feature","properties":{"layer":"TEMPO NO2","transport":"Westward","timePeriod":"08:00-10:00 EDT Westward","NO2":2.96081138,"unit":"10^15 molecules cm^-2"},"geometry":{"type":"Polygon","coordinates":[[[-84.375,33.975],[-84.325,33.975],[-84.325,34.025],[-84.375,34.025],[-84.375,33.975]]]}},{"type":"Feature","properties":{"layer":"TEMPO NO2","transport":"Westward","timePeriod":"08:00-10:00 EDT Westward","NO2":2.80817866,"unit":"10^15 molecules cm^-2"},"geometry":{"type":"Polygon","coordinates":[[[-84.325,33.975],[-84.275,33.975],[-84.275,34.025],[-84.325,34.025],[-84.325,33.975]]]}},{"type":"Feature","properties":{"layer":"TEMPO NO2","transport":"Westward","timePeriod":"08:00-10:00 EDT Westward","NO2":3.12796617,"unit":"10^15 molecules cm^-2"},"geometry":{"type":"Polygon","coordinates":[[[-84.275,33.975],[-84.225,33.975],[-84.225,34.025],[-84.275,34.025],[-84.275,33.975]]]}},{"type":"Feature","properties":{"layer":"TEMPO NO2","transport":"Westward","timePeriod":"08:00-10:00 EDT Westward","NO2":3.36369753,"unit":"10^15 molecules cm^-2"},"geometry":{"type":"Polygon","coordinates":[[[-84.225,33.975],[-84.175,33.975],[-84.175,34.025],[-84.225,34.025],[-84.225,33.975]]]}},{"type":"Feature","properties":{"layer":"TEMPO NO2","transport":"Westward","timePeriod":"08:00-10:00 EDT Westward","NO2":3.15830684,"unit":"10^15 molecules cm^-2"},"geometry":{"type":"Polygon","coordinates":[[[-84.175,33.975],[-84.125,33.975],[-84.125,34.025],[-84.175,34.025],[-84.175,33.975]]]}},{"type":"Feature","properties":{"layer":"TEMPO NO2","transport":"Westward","timePeriod":"08:00-10:00 EDT Westward","NO2":3.23999333,"unit":"10^15 molecules cm^-2"},"geometry":{"type":"Polygon","coordinates":[[[-84.125,33.975],[-84.075,33.975],[-84.075,34.025],[-84.125,34.025],[-84.125,33.975]]]}},{"type":"Feature","properties":{"layer":"TEMPO NO2","transport":"Westward","timePeriod":"08:00-10:00 EDT Westward","NO2":2.93863869,"unit":"10^15 molecules cm^-2"},"geometry":{"type":"Polygon","coordinates":[[[-84.075,33.975],[-84.025,33.975],[-84.025,34.025],[-84.075,34.025],[-84.075,33.975]]]}},{"type":"Feature","properties":{"layer":"TEMPO NO2","transport":"Westward","timePeriod":"08:00-10:00 EDT Westward","NO2":2.93088174,"unit":"10^15 molecules cm^-2"},"geometry":{"type":"Polygon","coordinates":[[[-84.025,33.975],[-83.975,33.975],[-83.975,34.025],[-84.025,34.025],[-84.025,33.975]]]}},{"type":"Feature","properties":{"layer":"TEMPO NO2","transport":"Westward","timePeriod":"08:00-10:00 EDT Westward","NO2":2.60921311,"unit":"10^15 molecules cm^-2"},"geometry":{"type":"Polygon","coordinates":[[[-83.975,33.975],[-83.925,33.975],[-83.925,34.025],[-83.975,34.025],[-83.975,33.975]]]}},{"type":"Feature","properties":{"layer":"TEMPO NO2","transport":"Westward","timePeriod":"08:00-10:00 EDT Westward","NO2":2.43952727,"unit":"10^15 molecules cm^-2"},"geometry":{"type":"Polygon","coordinates":[[[-83.925,33.975],[-83.875,33.975],[-83.875,34.025],[-83.925,34.025],[-83.925,33.975]]]}},{"type":"Feature","properties":{"layer":"TEMPO NO2","transport":"Westward","timePeriod":"08:00-10:00 EDT Westward","NO2":2.47895408,"unit":"10^15 molecules cm^-2"},"geometry":{"type":"Polygon","coordinates":[[[-83.875,33.975],[-83.825,33.975],[-83.825,34.025],[-83.875,34.025],[-83.875,33.975]]]}},{"type":"Feature","properties":{"layer":"TEMPO NO2","transport":"Westward","timePeriod":"08:00-10:00 EDT Westward","NO2":2.41078615,"unit":"10^15 molecules cm^-2"},"geometry":{"type":"Polygon","coordinates":[[[-83.825,33.975],[-83.775,33.975],[-83.775,34.025],[-83.825,34.025],[-83.825,33.975]]]}},{"type":"Feature","properties":{"layer":"TEMPO NO2","transport":"Westward","timePeriod":"08:00-10:00 EDT Westward","NO2":2.53134871,"unit":"10^15 molecules cm^-2"},"geometry":{"type":"Polygon","coordinates":[[[-84.975,34.025],[-84.925,34.025],[-84.925,34.075],[-84.975,34.075],[-84.975,34.025]]]}},{"type":"Feature","properties":{"layer":"TEMPO NO2","transport":"Westward","timePeriod":"08:00-10:00 EDT Westward","NO2":2.68770957,"unit":"10^15 molecules cm^-2"},"geometry":{"type":"Polygon","coordinates":[[[-84.925,34.025],[-84.875,34.025],[-84.875,34.075],[-84.925,34.075],[-84.925,34.025]]]}},{"type":"Feature","properties":{"layer":"TEMPO NO2","transport":"Westward","timePeriod":"08:00-10:00 EDT Westward","NO2":2.77436304,"unit":"10^15 molecules cm^-2"},"geometry":{"type":"Polygon","coordinates":[[[-84.875,34.025],[-84.825,34.025],[-84.825,34.075],[-84.875,34.075],[-84.875,34.025]]]}},{"type":"Feature","properties":{"layer":"TEMPO NO2","transport":"Westward","timePeriod":"08:00-10:00 EDT Westward","NO2":2.757267,"unit":"10^15 molecules cm^-2"},"geometry":{"type":"Polygon","coordinates":[[[-84.825,34.025],[-84.775,34.025],[-84.775,34.075],[-84.825,34.075],[-84.825,34.025]]]}},{"type":"Feature","properties":{"layer":"TEMPO NO2","transport":"Westward","timePeriod":"08:00-10:00 EDT Westward","NO2":2.8035,"unit":"10^15 molecules cm^-2"},"geometry":{"type":"Polygon","coordinates":[[[-84.775,34.025],[-84.725,34.025],[-84.725,34.075],[-84.775,34.075],[-84.775,34.025]]]}},{"type":"Feature","properties":{"layer":"TEMPO NO2","transport":"Westward","timePeriod":"08:00-10:00 EDT Westward","NO2":2.98032498,"unit":"10^15 molecules cm^-2"},"geometry":{"type":"Polygon","coordinates":[[[-84.725,34.025],[-84.675,34.025],[-84.675,34.075],[-84.725,34.075],[-84.725,34.025]]]}},{"type":"Feature","properties":{"layer":"TEMPO NO2","transport":"Westward","timePeriod":"08:00-10:00 EDT Westward","NO2":2.94171762,"unit":"10^15 molecules cm^-2"},"geometry":{"type":"Polygon","coordinates":[[[-84.675,34.025],[-84.625,34.025],[-84.625,34.075],[-84.675,34.075],[-84.675,34.025]]]}},{"type":"Feature","properties":{"layer":"TEMPO NO2","transport":"Westward","timePeriod":"08:00-10:00 EDT Westward","NO2":3.25550628,"unit":"10^15 molecules cm^-2"},"geometry":{"type":"Polygon","coordinates":[[[-84.625,34.025],[-84.575,34.025],[-84.575,34.075],[-84.625,34.075],[-84.625,34.025]]]}},{"type":"Feature","properties":{"layer":"TEMPO NO2","transport":"Westward","timePeriod":"08:00-10:00 EDT Westward","NO2":3.29648542,"unit":"10^15 molecules cm^-2"},"geometry":{"type":"Polygon","coordinates":[[[-84.575,34.025],[-84.525,34.025],[-84.525,34.075],[-84.575,34.075],[-84.575,34.025]]]}},{"type":"Feature","properties":{"layer":"TEMPO NO2","transport":"Westward","timePeriod":"08:00-10:00 EDT Westward","NO2":2.85635877,"unit":"10^15 molecules cm^-2"},"geometry":{"type":"Polygon","coordinates":[[[-84.525,34.025],[-84.475,34.025],[-84.475,34.075],[-84.525,34.075],[-84.525,34.025]]]}},{"type":"Feature","properties":{"layer":"TEMPO NO2","transport":"Westward","timePeriod":"08:00-10:00 EDT Westward","NO2":2.87555647,"unit":"10^15 molecules cm^-2"},"geometry":{"type":"Polygon","coordinates":[[[-84.475,34.025],[-84.425,34.025],[-84.425,34.075],[-84.475,34.075],[-84.475,34.025]]]}},{"type":"Feature","properties":{"layer":"TEMPO NO2","transport":"Westward","timePeriod":"08:00-10:00 EDT Westward","NO2":2.98446465,"unit":"10^15 molecules cm^-2"},"geometry":{"type":"Polygon","coordinates":[[[-84.425,34.025],[-84.375,34.025],[-84.375,34.075],[-84.425,34.075],[-84.425,34.025]]]}},{"type":"Feature","properties":{"layer":"TEMPO NO2","transport":"Westward","timePeriod":"08:00-10:00 EDT Westward","NO2":2.78475285,"unit":"10^15 molecules cm^-2"},"geometry":{"type":"Polygon","coordinates":[[[-84.375,34.025],[-84.325,34.025],[-84.325,34.075],[-84.375,34.075],[-84.375,34.025]]]}},{"type":"Feature","properties":{"layer":"TEMPO NO2","transport":"Westward","timePeriod":"08:00-10:00 EDT Westward","NO2":2.66002321,"unit":"10^15 molecules cm^-2"},"geometry":{"type":"Polygon","coordinates":[[[-84.325,34.025],[-84.275,34.025],[-84.275,34.075],[-84.325,34.075],[-84.325,34.025]]]}},{"type":"Feature","properties":{"layer":"TEMPO NO2","transport":"Westward","timePeriod":"08:00-10:00 EDT Westward","NO2":2.61840463,"unit":"10^15 molecules cm^-2"},"geometry":{"type":"Polygon","coordinates":[[[-84.275,34.025],[-84.225,34.025],[-84.225,34.075],[-84.275,34.075],[-84.275,34.025]]]}},{"type":"Feature","properties":{"layer":"TEMPO NO2","transport":"Westward","timePeriod":"08:00-10:00 EDT Westward","NO2":2.85259295,"unit":"10^15 molecules cm^-2"},"geometry":{"type":"Polygon","coordinates":[[[-84.225,34.025],[-84.175,34.025],[-84.175,34.075],[-84.225,34.075],[-84.225,34.025]]]}},{"type":"Feature","properties":{"layer":"TEMPO NO2","transport":"Westward","timePeriod":"08:00-10:00 EDT Westward","NO2":2.94152045,"unit":"10^15 molecules cm^-2"},"geometry":{"type":"Polygon","coordinates":[[[-84.175,34.025],[-84.125,34.025],[-84.125,34.075],[-84.175,34.075],[-84.175,34.025]]]}},{"type":"Feature","properties":{"layer":"TEMPO NO2","transport":"Westward","timePeriod":"08:00-10:00 EDT Westward","NO2":2.74342084,"unit":"10^15 molecules cm^-2"},"geometry":{"type":"Polygon","coordinates":[[[-84.125,34.025],[-84.075,34.025],[-84.075,34.075],[-84.125,34.075],[-84.125,34.025]]]}},{"type":"Feature","properties":{"layer":"TEMPO NO2","transport":"Westward","timePeriod":"08:00-10:00 EDT Westward","NO2":2.76400661,"unit":"10^15 molecules cm^-2"},"geometry":{"type":"Polygon","coordinates":[[[-84.075,34.025],[-84.025,34.025],[-84.025,34.075],[-84.075,34.075],[-84.075,34.025]]]}},{"type":"Feature","properties":{"layer":"TEMPO NO2","transport":"Westward","timePeriod":"08:00-10:00 EDT Westward","NO2":2.43980789,"unit":"10^15 molecules cm^-2"},"geometry":{"type":"Polygon","coordinates":[[[-84.025,34.025],[-83.975,34.025],[-83.975,34.075],[-84.025,34.075],[-84.025,34.025]]]}},{"type":"Feature","properties":{"layer":"TEMPO NO2","transport":"Westward","timePeriod":"08:00-10:00 EDT Westward","NO2":2.48519254,"unit":"10^15 molecules cm^-2"},"geometry":{"type":"Polygon","coordinates":[[[-83.975,34.025],[-83.925,34.025],[-83.925,34.075],[-83.975,34.075],[-83.975,34.025]]]}},{"type":"Feature","properties":{"layer":"TEMPO NO2","transport":"Westward","timePeriod":"08:00-10:00 EDT Westward","NO2":2.40645027,"unit":"10^15 molecules cm^-2"},"geometry":{"type":"Polygon","coordinates":[[[-83.925,34.025],[-83.875,34.025],[-83.875,34.075],[-83.925,34.075],[-83.925,34.025]]]}},{"type":"Feature","properties":{"layer":"TEMPO NO2","transport":"Westward","timePeriod":"08:00-10:00 EDT Westward","NO2":2.32995558,"unit":"10^15 molecules cm^-2"},"geometry":{"type":"Polygon","coordinates":[[[-83.875,34.025],[-83.825,34.025],[-83.825,34.075],[-83.875,34.075],[-83.875,34.025]]]}},{"type":"Feature","properties":{"layer":"TEMPO NO2","transport":"Westward","timePeriod":"08:00-10:00 EDT Westward","NO2":2.20354795,"unit":"10^15 molecules cm^-2"},"geometry":{"type":"Polygon","coordinates":[[[-83.825,34.025],[-83.775,34.025],[-83.775,34.075],[-83.825,34.075],[-83.825,34.025]]]}},{"type":"Feature","properties":{"layer":"TEMPO NO2","transport":"Westward","timePeriod":"08:00-10:00 EDT Westward","NO2":2.71102381,"unit":"10^15 molecules cm^-2"},"geometry":{"type":"Polygon","coordinates":[[[-84.975,34.075],[-84.925,34.075],[-84.925,34.125],[-84.975,34.125],[-84.975,34.075]]]}},{"type":"Feature","properties":{"layer":"TEMPO NO2","transport":"Westward","timePeriod":"08:00-10:00 EDT Westward","NO2":2.61521363,"unit":"10^15 molecules cm^-2"},"geometry":{"type":"Polygon","coordinates":[[[-84.925,34.075],[-84.875,34.075],[-84.875,34.125],[-84.925,34.125],[-84.925,34.075]]]}},{"type":"Feature","properties":{"layer":"TEMPO NO2","transport":"Westward","timePeriod":"08:00-10:00 EDT Westward","NO2":2.59888935,"unit":"10^15 molecules cm^-2"},"geometry":{"type":"Polygon","coordinates":[[[-84.875,34.075],[-84.825,34.075],[-84.825,34.125],[-84.875,34.125],[-84.875,34.075]]]}},{"type":"Feature","properties":{"layer":"TEMPO NO2","transport":"Westward","timePeriod":"08:00-10:00 EDT Westward","NO2":2.89027882,"unit":"10^15 molecules cm^-2"},"geometry":{"type":"Polygon","coordinates":[[[-84.825,34.075],[-84.775,34.075],[-84.775,34.125],[-84.825,34.125],[-84.825,34.075]]]}},{"type":"Feature","properties":{"layer":"TEMPO NO2","transport":"Westward","timePeriod":"08:00-10:00 EDT Westward","NO2":2.93617892,"unit":"10^15 molecules cm^-2"},"geometry":{"type":"Polygon","coordinates":[[[-84.775,34.075],[-84.725,34.075],[-84.725,34.125],[-84.775,34.125],[-84.775,34.075]]]}},{"type":"Feature","properties":{"layer":"TEMPO NO2","transport":"Westward","timePeriod":"08:00-10:00 EDT Westward","NO2":3.05476952,"unit":"10^15 molecules cm^-2"},"geometry":{"type":"Polygon","coordinates":[[[-84.725,34.075],[-84.675,34.075],[-84.675,34.125],[-84.725,34.125],[-84.725,34.075]]]}},{"type":"Feature","properties":{"layer":"TEMPO NO2","transport":"Westward","timePeriod":"08:00-10:00 EDT Westward","NO2":3.01284838,"unit":"10^15 molecules cm^-2"},"geometry":{"type":"Polygon","coordinates":[[[-84.675,34.075],[-84.625,34.075],[-84.625,34.125],[-84.675,34.125],[-84.675,34.075]]]}},{"type":"Feature","properties":{"layer":"TEMPO NO2","transport":"Westward","timePeriod":"08:00-10:00 EDT Westward","NO2":2.95306921,"unit":"10^15 molecules cm^-2"},"geometry":{"type":"Polygon","coordinates":[[[-84.625,34.075],[-84.575,34.075],[-84.575,34.125],[-84.625,34.125],[-84.625,34.075]]]}},{"type":"Feature","properties":{"layer":"TEMPO NO2","transport":"Westward","timePeriod":"08:00-10:00 EDT Westward","NO2":2.96873069,"unit":"10^15 molecules cm^-2"},"geometry":{"type":"Polygon","coordinates":[[[-84.575,34.075],[-84.525,34.075],[-84.525,34.125],[-84.575,34.125],[-84.575,34.075]]]}},{"type":"Feature","properties":{"layer":"TEMPO NO2","transport":"Westward","timePeriod":"08:00-10:00 EDT Westward","NO2":2.81928587,"unit":"10^15 molecules cm^-2"},"geometry":{"type":"Polygon","coordinates":[[[-84.525,34.075],[-84.475,34.075],[-84.475,34.125],[-84.525,34.125],[-84.525,34.075]]]}},{"type":"Feature","properties":{"layer":"TEMPO NO2","transport":"Westward","timePeriod":"08:00-10:00 EDT Westward","NO2":2.61761522,"unit":"10^15 molecules cm^-2"},"geometry":{"type":"Polygon","coordinates":[[[-84.475,34.075],[-84.425,34.075],[-84.425,34.125],[-84.475,34.125],[-84.475,34.075]]]}},{"type":"Feature","properties":{"layer":"TEMPO NO2","transport":"Westward","timePeriod":"08:00-10:00 EDT Westward","NO2":2.68255687,"unit":"10^15 molecules cm^-2"},"geometry":{"type":"Polygon","coordinates":[[[-84.425,34.075],[-84.375,34.075],[-84.375,34.125],[-84.425,34.125],[-84.425,34.075]]]}},{"type":"Feature","properties":{"layer":"TEMPO NO2","transport":"Westward","timePeriod":"08:00-10:00 EDT Westward","NO2":2.79981828,"unit":"10^15 molecules cm^-2"},"geometry":{"type":"Polygon","coordinates":[[[-84.375,34.075],[-84.325,34.075],[-84.325,34.125],[-84.375,34.125],[-84.375,34.075]]]}},{"type":"Feature","properties":{"layer":"TEMPO NO2","transport":"Westward","timePeriod":"08:00-10:00 EDT Westward","NO2":2.81142712,"unit":"10^15 molecules cm^-2"},"geometry":{"type":"Polygon","coordinates":[[[-84.325,34.075],[-84.275,34.075],[-84.275,34.125],[-84.325,34.125],[-84.325,34.075]]]}},{"type":"Feature","properties":{"layer":"TEMPO NO2","transport":"Westward","timePeriod":"08:00-10:00 EDT Westward","NO2":2.60735941,"unit":"10^15 molecules cm^-2"},"geometry":{"type":"Polygon","coordinates":[[[-84.275,34.075],[-84.225,34.075],[-84.225,34.125],[-84.275,34.125],[-84.275,34.075]]]}},{"type":"Feature","properties":{"layer":"TEMPO NO2","transport":"Westward","timePeriod":"08:00-10:00 EDT Westward","NO2":2.67345619,"unit":"10^15 molecules cm^-2"},"geometry":{"type":"Polygon","coordinates":[[[-84.225,34.075],[-84.175,34.075],[-84.175,34.125],[-84.225,34.125],[-84.225,34.075]]]}},{"type":"Feature","properties":{"layer":"TEMPO NO2","transport":"Westward","timePeriod":"08:00-10:00 EDT Westward","NO2":2.71197891,"unit":"10^15 molecules cm^-2"},"geometry":{"type":"Polygon","coordinates":[[[-84.175,34.075],[-84.125,34.075],[-84.125,34.125],[-84.175,34.125],[-84.175,34.075]]]}},{"type":"Feature","properties":{"layer":"TEMPO NO2","transport":"Westward","timePeriod":"08:00-10:00 EDT Westward","NO2":2.60246706,"unit":"10^15 molecules cm^-2"},"geometry":{"type":"Polygon","coordinates":[[[-84.125,34.075],[-84.075,34.075],[-84.075,34.125],[-84.125,34.125],[-84.125,34.075]]]}},{"type":"Feature","properties":{"layer":"TEMPO NO2","transport":"Westward","timePeriod":"08:00-10:00 EDT Westward","NO2":2.75752,"unit":"10^15 molecules cm^-2"},"geometry":{"type":"Polygon","coordinates":[[[-84.075,34.075],[-84.025,34.075],[-84.025,34.125],[-84.075,34.125],[-84.075,34.075]]]}},{"type":"Feature","properties":{"layer":"TEMPO NO2","transport":"Westward","timePeriod":"08:00-10:00 EDT Westward","NO2":2.50743794,"unit":"10^15 molecules cm^-2"},"geometry":{"type":"Polygon","coordinates":[[[-84.025,34.075],[-83.975,34.075],[-83.975,34.125],[-84.025,34.125],[-84.025,34.075]]]}},{"type":"Feature","properties":{"layer":"TEMPO NO2","transport":"Westward","timePeriod":"08:00-10:00 EDT Westward","NO2":2.53931379,"unit":"10^15 molecules cm^-2"},"geometry":{"type":"Polygon","coordinates":[[[-83.975,34.075],[-83.925,34.075],[-83.925,34.125],[-83.975,34.125],[-83.975,34.075]]]}},{"type":"Feature","properties":{"layer":"TEMPO NO2","transport":"Westward","timePeriod":"08:00-10:00 EDT Westward","NO2":2.48630643,"unit":"10^15 molecules cm^-2"},"geometry":{"type":"Polygon","coordinates":[[[-83.925,34.075],[-83.875,34.075],[-83.875,34.125],[-83.925,34.125],[-83.925,34.075]]]}},{"type":"Feature","properties":{"layer":"TEMPO NO2","transport":"Westward","timePeriod":"08:00-10:00 EDT Westward","NO2":2.26360083,"unit":"10^15 molecules cm^-2"},"geometry":{"type":"Polygon","coordinates":[[[-83.875,34.075],[-83.825,34.075],[-83.825,34.125],[-83.875,34.125],[-83.875,34.075]]]}},{"type":"Feature","properties":{"layer":"TEMPO NO2","transport":"Westward","timePeriod":"08:00-10:00 EDT Westward","NO2":2.1937964,"unit":"10^15 molecules cm^-2"},"geometry":{"type":"Polygon","coordinates":[[[-83.825,34.075],[-83.775,34.075],[-83.775,34.125],[-83.825,34.125],[-83.825,34.075]]]}},{"type":"Feature","properties":{"layer":"TEMPO NO2","transport":"Westward","timePeriod":"08:00-10:00 EDT Westward","NO2":2.9123795,"unit":"10^15 molecules cm^-2"},"geometry":{"type":"Polygon","coordinates":[[[-84.975,34.125],[-84.925,34.125],[-84.925,34.175],[-84.975,34.175],[-84.975,34.125]]]}},{"type":"Feature","properties":{"layer":"TEMPO NO2","transport":"Westward","timePeriod":"08:00-10:00 EDT Westward","NO2":3.01328373,"unit":"10^15 molecules cm^-2"},"geometry":{"type":"Polygon","coordinates":[[[-84.925,34.125],[-84.875,34.125],[-84.875,34.175],[-84.925,34.175],[-84.925,34.125]]]}},{"type":"Feature","properties":{"layer":"TEMPO NO2","transport":"Westward","timePeriod":"08:00-10:00 EDT Westward","NO2":2.78902078,"unit":"10^15 molecules cm^-2"},"geometry":{"type":"Polygon","coordinates":[[[-84.875,34.125],[-84.825,34.125],[-84.825,34.175],[-84.875,34.175],[-84.875,34.125]]]}},{"type":"Feature","properties":{"layer":"TEMPO NO2","transport":"Westward","timePeriod":"08:00-10:00 EDT Westward","NO2":2.57207966,"unit":"10^15 molecules cm^-2"},"geometry":{"type":"Polygon","coordinates":[[[-84.825,34.125],[-84.775,34.125],[-84.775,34.175],[-84.825,34.175],[-84.825,34.125]]]}},{"type":"Feature","properties":{"layer":"TEMPO NO2","transport":"Westward","timePeriod":"08:00-10:00 EDT Westward","NO2":2.70498443,"unit":"10^15 molecules cm^-2"},"geometry":{"type":"Polygon","coordinates":[[[-84.775,34.125],[-84.725,34.125],[-84.725,34.175],[-84.775,34.175],[-84.775,34.125]]]}},{"type":"Feature","properties":{"layer":"TEMPO NO2","transport":"Westward","timePeriod":"08:00-10:00 EDT Westward","NO2":2.83103681,"unit":"10^15 molecules cm^-2"},"geometry":{"type":"Polygon","coordinates":[[[-84.725,34.125],[-84.675,34.125],[-84.675,34.175],[-84.725,34.175],[-84.725,34.125]]]}},{"type":"Feature","properties":{"layer":"TEMPO NO2","transport":"Westward","timePeriod":"08:00-10:00 EDT Westward","NO2":2.74051261,"unit":"10^15 molecules cm^-2"},"geometry":{"type":"Polygon","coordinates":[[[-84.675,34.125],[-84.625,34.125],[-84.625,34.175],[-84.675,34.175],[-84.675,34.125]]]}},{"type":"Feature","properties":{"layer":"TEMPO NO2","transport":"Westward","timePeriod":"08:00-10:00 EDT Westward","NO2":2.66555357,"unit":"10^15 molecules cm^-2"},"geometry":{"type":"Polygon","coordinates":[[[-84.625,34.125],[-84.575,34.125],[-84.575,34.175],[-84.625,34.175],[-84.625,34.125]]]}},{"type":"Feature","properties":{"layer":"TEMPO NO2","transport":"Westward","timePeriod":"08:00-10:00 EDT Westward","NO2":2.68868709,"unit":"10^15 molecules cm^-2"},"geometry":{"type":"Polygon","coordinates":[[[-84.575,34.125],[-84.525,34.125],[-84.525,34.175],[-84.575,34.175],[-84.575,34.125]]]}},{"type":"Feature","properties":{"layer":"TEMPO NO2","transport":"Westward","timePeriod":"08:00-10:00 EDT Westward","NO2":2.72811413,"unit":"10^15 molecules cm^-2"},"geometry":{"type":"Polygon","coordinates":[[[-84.525,34.125],[-84.475,34.125],[-84.475,34.175],[-84.525,34.175],[-84.525,34.125]]]}},{"type":"Feature","properties":{"layer":"TEMPO NO2","transport":"Westward","timePeriod":"08:00-10:00 EDT Westward","NO2":2.47898126,"unit":"10^15 molecules cm^-2"},"geometry":{"type":"Polygon","coordinates":[[[-84.475,34.125],[-84.425,34.125],[-84.425,34.175],[-84.475,34.175],[-84.475,34.125]]]}},{"type":"Feature","properties":{"layer":"TEMPO NO2","transport":"Westward","timePeriod":"08:00-10:00 EDT Westward","NO2":2.40450358,"unit":"10^15 molecules cm^-2"},"geometry":{"type":"Polygon","coordinates":[[[-84.425,34.125],[-84.375,34.125],[-84.375,34.175],[-84.425,34.175],[-84.425,34.125]]]}},{"type":"Feature","properties":{"layer":"TEMPO NO2","transport":"Westward","timePeriod":"08:00-10:00 EDT Westward","NO2":2.4682281,"unit":"10^15 molecules cm^-2"},"geometry":{"type":"Polygon","coordinates":[[[-84.375,34.125],[-84.325,34.125],[-84.325,34.175],[-84.375,34.175],[-84.375,34.125]]]}},{"type":"Feature","properties":{"layer":"TEMPO NO2","transport":"Westward","timePeriod":"08:00-10:00 EDT Westward","NO2":2.43443727,"unit":"10^15 molecules cm^-2"},"geometry":{"type":"Polygon","coordinates":[[[-84.325,34.125],[-84.275,34.125],[-84.275,34.175],[-84.325,34.175],[-84.325,34.125]]]}},{"type":"Feature","properties":{"layer":"TEMPO NO2","transport":"Westward","timePeriod":"08:00-10:00 EDT Westward","NO2":2.55029583,"unit":"10^15 molecules cm^-2"},"geometry":{"type":"Polygon","coordinates":[[[-84.275,34.125],[-84.225,34.125],[-84.225,34.175],[-84.275,34.175],[-84.275,34.125]]]}},{"type":"Feature","properties":{"layer":"TEMPO NO2","transport":"Westward","timePeriod":"08:00-10:00 EDT Westward","NO2":2.50628662,"unit":"10^15 molecules cm^-2"},"geometry":{"type":"Polygon","coordinates":[[[-84.225,34.125],[-84.175,34.125],[-84.175,34.175],[-84.225,34.175],[-84.225,34.125]]]}},{"type":"Feature","properties":{"layer":"TEMPO NO2","transport":"Westward","timePeriod":"08:00-10:00 EDT Westward","NO2":2.38466644,"unit":"10^15 molecules cm^-2"},"geometry":{"type":"Polygon","coordinates":[[[-84.175,34.125],[-84.125,34.125],[-84.125,34.175],[-84.175,34.175],[-84.175,34.125]]]}},{"type":"Feature","properties":{"layer":"TEMPO NO2","transport":"Westward","timePeriod":"08:00-10:00 EDT Westward","NO2":2.15070701,"unit":"10^15 molecules cm^-2"},"geometry":{"type":"Polygon","coordinates":[[[-84.125,34.125],[-84.075,34.125],[-84.075,34.175],[-84.125,34.175],[-84.125,34.125]]]}},{"type":"Feature","properties":{"layer":"TEMPO NO2","transport":"Westward","timePeriod":"08:00-10:00 EDT Westward","NO2":2.26862335,"unit":"10^15 molecules cm^-2"},"geometry":{"type":"Polygon","coordinates":[[[-84.075,34.125],[-84.025,34.125],[-84.025,34.175],[-84.075,34.175],[-84.075,34.125]]]}},{"type":"Feature","properties":{"layer":"TEMPO NO2","transport":"Westward","timePeriod":"08:00-10:00 EDT Westward","NO2":2.59876847,"unit":"10^15 molecules cm^-2"},"geometry":{"type":"Polygon","coordinates":[[[-84.025,34.125],[-83.975,34.125],[-83.975,34.175],[-84.025,34.175],[-84.025,34.125]]]}},{"type":"Feature","properties":{"layer":"TEMPO NO2","transport":"Westward","timePeriod":"08:00-10:00 EDT Westward","NO2":2.2264607,"unit":"10^15 molecules cm^-2"},"geometry":{"type":"Polygon","coordinates":[[[-83.975,34.125],[-83.925,34.125],[-83.925,34.175],[-83.975,34.175],[-83.975,34.125]]]}},{"type":"Feature","properties":{"layer":"TEMPO NO2","transport":"Westward","timePeriod":"08:00-10:00 EDT Westward","NO2":2.20892072,"unit":"10^15 molecules cm^-2"},"geometry":{"type":"Polygon","coordinates":[[[-83.925,34.125],[-83.875,34.125],[-83.875,34.175],[-83.925,34.175],[-83.925,34.125]]]}},{"type":"Feature","properties":{"layer":"TEMPO NO2","transport":"Westward","timePeriod":"08:00-10:00 EDT Westward","NO2":2.28574514,"unit":"10^15 molecules cm^-2"},"geometry":{"type":"Polygon","coordinates":[[[-83.875,34.125],[-83.825,34.125],[-83.825,34.175],[-83.875,34.175],[-83.875,34.125]]]}},{"type":"Feature","properties":{"layer":"TEMPO NO2","transport":"Westward","timePeriod":"08:00-10:00 EDT Westward","NO2":2.29747677,"unit":"10^15 molecules cm^-2"},"geometry":{"type":"Polygon","coordinates":[[[-83.825,34.125],[-83.775,34.125],[-83.775,34.175],[-83.825,34.175],[-83.825,34.125]]]}},{"type":"Feature","properties":{"layer":"TEMPO NO2","transport":"Westward","timePeriod":"08:00-10:00 EDT Westward","NO2":3.00765,"unit":"10^15 molecules cm^-2"},"geometry":{"type":"Polygon","coordinates":[[[-84.975,34.175],[-84.925,34.175],[-84.925,34.225],[-84.975,34.225],[-84.975,34.175]]]}},{"type":"Feature","properties":{"layer":"TEMPO NO2","transport":"Westward","timePeriod":"08:00-10:00 EDT Westward","NO2":2.57110238,"unit":"10^15 molecules cm^-2"},"geometry":{"type":"Polygon","coordinates":[[[-84.925,34.175],[-84.875,34.175],[-84.875,34.225],[-84.925,34.225],[-84.925,34.175]]]}},{"type":"Feature","properties":{"layer":"TEMPO NO2","transport":"Westward","timePeriod":"08:00-10:00 EDT Westward","NO2":2.63014054,"unit":"10^15 molecules cm^-2"},"geometry":{"type":"Polygon","coordinates":[[[-84.875,34.175],[-84.825,34.175],[-84.825,34.225],[-84.875,34.225],[-84.875,34.175]]]}},{"type":"Feature","properties":{"layer":"TEMPO NO2","transport":"Westward","timePeriod":"08:00-10:00 EDT Westward","NO2":2.82923555,"unit":"10^15 molecules cm^-2"},"geometry":{"type":"Polygon","coordinates":[[[-84.825,34.175],[-84.775,34.175],[-84.775,34.225],[-84.825,34.225],[-84.825,34.175]]]}},{"type":"Feature","properties":{"layer":"TEMPO NO2","transport":"Westward","timePeriod":"08:00-10:00 EDT Westward","NO2":2.64916325,"unit":"10^15 molecules cm^-2"},"geometry":{"type":"Polygon","coordinates":[[[-84.775,34.175],[-84.725,34.175],[-84.725,34.225],[-84.775,34.225],[-84.775,34.175]]]}},{"type":"Feature","properties":{"layer":"TEMPO NO2","transport":"Westward","timePeriod":"08:00-10:00 EDT Westward","NO2":2.59257221,"unit":"10^15 molecules cm^-2"},"geometry":{"type":"Polygon","coordinates":[[[-84.725,34.175],[-84.675,34.175],[-84.675,34.225],[-84.725,34.225],[-84.725,34.175]]]}},{"type":"Feature","properties":{"layer":"TEMPO NO2","transport":"Westward","timePeriod":"08:00-10:00 EDT Westward","NO2":2.48576069,"unit":"10^15 molecules cm^-2"},"geometry":{"type":"Polygon","coordinates":[[[-84.675,34.175],[-84.625,34.175],[-84.625,34.225],[-84.675,34.225],[-84.675,34.175]]]}},{"type":"Feature","properties":{"layer":"TEMPO NO2","transport":"Westward","timePeriod":"08:00-10:00 EDT Westward","NO2":2.29862952,"unit":"10^15 molecules cm^-2"},"geometry":{"type":"Polygon","coordinates":[[[-84.625,34.175],[-84.575,34.175],[-84.575,34.225],[-84.625,34.225],[-84.625,34.175]]]}},{"type":"Feature","properties":{"layer":"TEMPO NO2","transport":"Westward","timePeriod":"08:00-10:00 EDT Westward","NO2":2.1974442,"unit":"10^15 molecules cm^-2"},"geometry":{"type":"Polygon","coordinates":[[[-84.575,34.175],[-84.525,34.175],[-84.525,34.225],[-84.575,34.225],[-84.575,34.175]]]}},{"type":"Feature","properties":{"layer":"TEMPO NO2","transport":"Westward","timePeriod":"08:00-10:00 EDT Westward","NO2":2.20788598,"unit":"10^15 molecules cm^-2"},"geometry":{"type":"Polygon","coordinates":[[[-84.525,34.175],[-84.475,34.175],[-84.475,34.225],[-84.525,34.225],[-84.525,34.175]]]}},{"type":"Feature","properties":{"layer":"TEMPO NO2","transport":"Westward","timePeriod":"08:00-10:00 EDT Westward","NO2":2.18876553,"unit":"10^15 molecules cm^-2"},"geometry":{"type":"Polygon","coordinates":[[[-84.475,34.175],[-84.425,34.175],[-84.425,34.225],[-84.475,34.225],[-84.475,34.175]]]}},{"type":"Feature","properties":{"layer":"TEMPO NO2","transport":"Westward","timePeriod":"08:00-10:00 EDT Westward","NO2":2.14281464,"unit":"10^15 molecules cm^-2"},"geometry":{"type":"Polygon","coordinates":[[[-84.425,34.175],[-84.375,34.175],[-84.375,34.225],[-84.425,34.225],[-84.425,34.175]]]}},{"type":"Feature","properties":{"layer":"TEMPO NO2","transport":"Westward","timePeriod":"08:00-10:00 EDT Westward","NO2":2.08234191,"unit":"10^15 molecules cm^-2"},"geometry":{"type":"Polygon","coordinates":[[[-84.375,34.175],[-84.325,34.175],[-84.325,34.225],[-84.375,34.225],[-84.375,34.175]]]}},{"type":"Feature","properties":{"layer":"TEMPO NO2","transport":"Westward","timePeriod":"08:00-10:00 EDT Westward","NO2":2.09401226,"unit":"10^15 molecules cm^-2"},"geometry":{"type":"Polygon","coordinates":[[[-84.325,34.175],[-84.275,34.175],[-84.275,34.225],[-84.325,34.225],[-84.325,34.175]]]}},{"type":"Feature","properties":{"layer":"TEMPO NO2","transport":"Westward","timePeriod":"08:00-10:00 EDT Westward","NO2":1.99350381,"unit":"10^15 molecules cm^-2"},"geometry":{"type":"Polygon","coordinates":[[[-84.275,34.175],[-84.225,34.175],[-84.225,34.225],[-84.275,34.225],[-84.275,34.175]]]}},{"type":"Feature","properties":{"layer":"TEMPO NO2","transport":"Westward","timePeriod":"08:00-10:00 EDT Westward","NO2":2.05336356,"unit":"10^15 molecules cm^-2"},"geometry":{"type":"Polygon","coordinates":[[[-84.225,34.175],[-84.175,34.175],[-84.175,34.225],[-84.225,34.225],[-84.225,34.175]]]}},{"type":"Feature","properties":{"layer":"TEMPO NO2","transport":"Westward","timePeriod":"08:00-10:00 EDT Westward","NO2":2.15693641,"unit":"10^15 molecules cm^-2"},"geometry":{"type":"Polygon","coordinates":[[[-84.175,34.175],[-84.125,34.175],[-84.125,34.225],[-84.175,34.225],[-84.175,34.175]]]}},{"type":"Feature","properties":{"layer":"TEMPO NO2","transport":"Westward","timePeriod":"08:00-10:00 EDT Westward","NO2":1.98075235,"unit":"10^15 molecules cm^-2"},"geometry":{"type":"Polygon","coordinates":[[[-84.125,34.175],[-84.075,34.175],[-84.075,34.225],[-84.125,34.225],[-84.125,34.175]]]}},{"type":"Feature","properties":{"layer":"TEMPO NO2","transport":"Westward","timePeriod":"08:00-10:00 EDT Westward","NO2":2.02022576,"unit":"10^15 molecules cm^-2"},"geometry":{"type":"Polygon","coordinates":[[[-84.075,34.175],[-84.025,34.175],[-84.025,34.225],[-84.075,34.225],[-84.075,34.175]]]}},{"type":"Feature","properties":{"layer":"TEMPO NO2","transport":"Westward","timePeriod":"08:00-10:00 EDT Westward","NO2":1.95911634,"unit":"10^15 molecules cm^-2"},"geometry":{"type":"Polygon","coordinates":[[[-84.025,34.175],[-83.975,34.175],[-83.975,34.225],[-84.025,34.225],[-84.025,34.175]]]}},{"type":"Feature","properties":{"layer":"TEMPO NO2","transport":"Westward","timePeriod":"08:00-10:00 EDT Westward","NO2":2.0701313,"unit":"10^15 molecules cm^-2"},"geometry":{"type":"Polygon","coordinates":[[[-83.975,34.175],[-83.925,34.175],[-83.925,34.225],[-83.975,34.225],[-83.975,34.175]]]}},{"type":"Feature","properties":{"layer":"TEMPO NO2","transport":"Westward","timePeriod":"08:00-10:00 EDT Westward","NO2":2.04884148,"unit":"10^15 molecules cm^-2"},"geometry":{"type":"Polygon","coordinates":[[[-83.925,34.175],[-83.875,34.175],[-83.875,34.225],[-83.925,34.225],[-83.925,34.175]]]}},{"type":"Feature","properties":{"layer":"TEMPO NO2","transport":"Westward","timePeriod":"08:00-10:00 EDT Westward","NO2":1.93120074,"unit":"10^15 molecules cm^-2"},"geometry":{"type":"Polygon","coordinates":[[[-83.875,34.175],[-83.825,34.175],[-83.825,34.225],[-83.875,34.225],[-83.875,34.175]]]}},{"type":"Feature","properties":{"layer":"TEMPO NO2","transport":"Westward","timePeriod":"08:00-10:00 EDT Westward","NO2":1.90337431,"unit":"10^15 molecules cm^-2"},"geometry":{"type":"Polygon","coordinates":[[[-83.825,34.175],[-83.775,34.175],[-83.775,34.225],[-83.825,34.225],[-83.825,34.175]]]}},{"type":"Feature","properties":{"layer":"TEMPO NO2","transport":"Westward","timePeriod":"08:00-10:00 EDT Westward","NO2":2.75951791,"unit":"10^15 molecules cm^-2"},"geometry":{"type":"Polygon","coordinates":[[[-84.975,34.225],[-84.925,34.225],[-84.925,34.275],[-84.975,34.275],[-84.975,34.225]]]}},{"type":"Feature","properties":{"layer":"TEMPO NO2","transport":"Westward","timePeriod":"08:00-10:00 EDT Westward","NO2":2.86123013,"unit":"10^15 molecules cm^-2"},"geometry":{"type":"Polygon","coordinates":[[[-84.925,34.225],[-84.875,34.225],[-84.875,34.275],[-84.925,34.275],[-84.925,34.225]]]}},{"type":"Feature","properties":{"layer":"TEMPO NO2","transport":"Westward","timePeriod":"08:00-10:00 EDT Westward","NO2":2.58667374,"unit":"10^15 molecules cm^-2"},"geometry":{"type":"Polygon","coordinates":[[[-84.875,34.225],[-84.825,34.225],[-84.825,34.275],[-84.875,34.275],[-84.875,34.225]]]}},{"type":"Feature","properties":{"layer":"TEMPO NO2","transport":"Westward","timePeriod":"08:00-10:00 EDT Westward","NO2":2.76936126,"unit":"10^15 molecules cm^-2"},"geometry":{"type":"Polygon","coordinates":[[[-84.825,34.225],[-84.775,34.225],[-84.775,34.275],[-84.825,34.275],[-84.825,34.225]]]}},{"type":"Feature","properties":{"layer":"TEMPO NO2","transport":"Westward","timePeriod":"08:00-10:00 EDT Westward","NO2":2.5263803,"unit":"10^15 molecules cm^-2"},"geometry":{"type":"Polygon","coordinates":[[[-84.775,34.225],[-84.725,34.225],[-84.725,34.275],[-84.775,34.275],[-84.775,34.225]]]}},{"type":"Feature","properties":{"layer":"TEMPO NO2","transport":"Westward","timePeriod":"08:00-10:00 EDT Westward","NO2":2.38913679,"unit":"10^15 molecules cm^-2"},"geometry":{"type":"Polygon","coordinates":[[[-84.725,34.225],[-84.675,34.225],[-84.675,34.275],[-84.725,34.275],[-84.725,34.225]]]}},{"type":"Feature","properties":{"layer":"TEMPO NO2","transport":"Westward","timePeriod":"08:00-10:00 EDT Westward","NO2":2.40508127,"unit":"10^15 molecules cm^-2"},"geometry":{"type":"Polygon","coordinates":[[[-84.675,34.225],[-84.625,34.225],[-84.625,34.275],[-84.675,34.275],[-84.675,34.225]]]}},{"type":"Feature","properties":{"layer":"TEMPO NO2","transport":"Westward","timePeriod":"08:00-10:00 EDT Westward","NO2":2.28921652,"unit":"10^15 molecules cm^-2"},"geometry":{"type":"Polygon","coordinates":[[[-84.625,34.225],[-84.575,34.225],[-84.575,34.275],[-84.625,34.275],[-84.625,34.225]]]}},{"type":"Feature","properties":{"layer":"TEMPO NO2","transport":"Westward","timePeriod":"08:00-10:00 EDT Westward","NO2":2.29573941,"unit":"10^15 molecules cm^-2"},"geometry":{"type":"Polygon","coordinates":[[[-84.575,34.225],[-84.525,34.225],[-84.525,34.275],[-84.575,34.275],[-84.575,34.225]]]}},{"type":"Feature","properties":{"layer":"TEMPO NO2","transport":"Westward","timePeriod":"08:00-10:00 EDT Westward","NO2":2.34676528,"unit":"10^15 molecules cm^-2"},"geometry":{"type":"Polygon","coordinates":[[[-84.525,34.225],[-84.475,34.225],[-84.475,34.275],[-84.525,34.275],[-84.525,34.225]]]}},{"type":"Feature","properties":{"layer":"TEMPO NO2","transport":"Westward","timePeriod":"08:00-10:00 EDT Westward","NO2":2.17171478,"unit":"10^15 molecules cm^-2"},"geometry":{"type":"Polygon","coordinates":[[[-84.475,34.225],[-84.425,34.225],[-84.425,34.275],[-84.475,34.275],[-84.475,34.225]]]}},{"type":"Feature","properties":{"layer":"TEMPO NO2","transport":"Westward","timePeriod":"08:00-10:00 EDT Westward","NO2":2.11847043,"unit":"10^15 molecules cm^-2"},"geometry":{"type":"Polygon","coordinates":[[[-84.425,34.225],[-84.375,34.225],[-84.375,34.275],[-84.425,34.275],[-84.425,34.225]]]}},{"type":"Feature","properties":{"layer":"TEMPO NO2","transport":"Westward","timePeriod":"08:00-10:00 EDT Westward","NO2":2.04326606,"unit":"10^15 molecules cm^-2"},"geometry":{"type":"Polygon","coordinates":[[[-84.375,34.225],[-84.325,34.225],[-84.325,34.275],[-84.375,34.275],[-84.375,34.225]]]}},{"type":"Feature","properties":{"layer":"TEMPO NO2","transport":"Westward","timePeriod":"08:00-10:00 EDT Westward","NO2":1.94362485,"unit":"10^15 molecules cm^-2"},"geometry":{"type":"Polygon","coordinates":[[[-84.325,34.225],[-84.275,34.225],[-84.275,34.275],[-84.325,34.275],[-84.325,34.225]]]}},{"type":"Feature","properties":{"layer":"TEMPO NO2","transport":"Westward","timePeriod":"08:00-10:00 EDT Westward","NO2":1.99540448,"unit":"10^15 molecules cm^-2"},"geometry":{"type":"Polygon","coordinates":[[[-84.275,34.225],[-84.225,34.225],[-84.225,34.275],[-84.275,34.275],[-84.275,34.225]]]}},{"type":"Feature","properties":{"layer":"TEMPO NO2","transport":"Westward","timePeriod":"08:00-10:00 EDT Westward","NO2":2.00548315,"unit":"10^15 molecules cm^-2"},"geometry":{"type":"Polygon","coordinates":[[[-84.225,34.225],[-84.175,34.225],[-84.175,34.275],[-84.225,34.275],[-84.225,34.225]]]}},{"type":"Feature","properties":{"layer":"TEMPO NO2","transport":"Westward","timePeriod":"08:00-10:00 EDT Westward","NO2":2.08506155,"unit":"10^15 molecules cm^-2"},"geometry":{"type":"Polygon","coordinates":[[[-84.175,34.225],[-84.125,34.225],[-84.125,34.275],[-84.175,34.275],[-84.175,34.225]]]}},{"type":"Feature","properties":{"layer":"TEMPO NO2","transport":"Westward","timePeriod":"08:00-10:00 EDT Westward","NO2":1.98810601,"unit":"10^15 molecules cm^-2"},"geometry":{"type":"Polygon","coordinates":[[[-84.125,34.225],[-84.075,34.225],[-84.075,34.275],[-84.125,34.275],[-84.125,34.225]]]}},{"type":"Feature","properties":{"layer":"TEMPO NO2","transport":"Westward","timePeriod":"08:00-10:00 EDT Westward","NO2":1.90209973,"unit":"10^15 molecules cm^-2"},"geometry":{"type":"Polygon","coordinates":[[[-84.075,34.225],[-84.025,34.225],[-84.025,34.275],[-84.075,34.275],[-84.075,34.225]]]}},{"type":"Feature","properties":{"layer":"TEMPO NO2","transport":"Westward","timePeriod":"08:00-10:00 EDT Westward","NO2":1.97146058,"unit":"10^15 molecules cm^-2"},"geometry":{"type":"Polygon","coordinates":[[[-84.025,34.225],[-83.975,34.225],[-83.975,34.275],[-84.025,34.275],[-84.025,34.225]]]}},{"type":"Feature","properties":{"layer":"TEMPO NO2","transport":"Westward","timePeriod":"08:00-10:00 EDT Westward","NO2":1.90295041,"unit":"10^15 molecules cm^-2"},"geometry":{"type":"Polygon","coordinates":[[[-83.975,34.225],[-83.925,34.225],[-83.925,34.275],[-83.975,34.275],[-83.975,34.225]]]}},{"type":"Feature","properties":{"layer":"TEMPO NO2","transport":"Westward","timePeriod":"08:00-10:00 EDT Westward","NO2":2.19954967,"unit":"10^15 molecules cm^-2"},"geometry":{"type":"Polygon","coordinates":[[[-83.925,34.225],[-83.875,34.225],[-83.875,34.275],[-83.925,34.275],[-83.925,34.225]]]}},{"type":"Feature","properties":{"layer":"TEMPO NO2","transport":"Westward","timePeriod":"08:00-10:00 EDT Westward","NO2":1.97174954,"unit":"10^15 molecules cm^-2"},"geometry":{"type":"Polygon","coordinates":[[[-83.875,34.225],[-83.825,34.225],[-83.825,34.275],[-83.875,34.275],[-83.875,34.225]]]}},{"type":"Feature","properties":{"layer":"TEMPO NO2","transport":"Westward","timePeriod":"08:00-10:00 EDT Westward","NO2":1.91468966,"unit":"10^15 molecules cm^-2"},"geometry":{"type":"Polygon","coordinates":[[[-83.825,34.225],[-83.775,34.225],[-83.775,34.275],[-83.825,34.275],[-83.825,34.225]]]}},{"type":"Feature","properties":{"layer":"TEMPO NO2","transport":"Westward","timePeriod":"08:00-10:00 EDT Westward","NO2":2.61779547,"unit":"10^15 molecules cm^-2"},"geometry":{"type":"Polygon","coordinates":[[[-84.975,34.275],[-84.925,34.275],[-84.925,34.325],[-84.975,34.325],[-84.975,34.275]]]}},{"type":"Feature","properties":{"layer":"TEMPO NO2","transport":"Westward","timePeriod":"08:00-10:00 EDT Westward","NO2":2.57034159,"unit":"10^15 molecules cm^-2"},"geometry":{"type":"Polygon","coordinates":[[[-84.925,34.275],[-84.875,34.275],[-84.875,34.325],[-84.925,34.325],[-84.925,34.275]]]}},{"type":"Feature","properties":{"layer":"TEMPO NO2","transport":"Westward","timePeriod":"08:00-10:00 EDT Westward","NO2":2.65630245,"unit":"10^15 molecules cm^-2"},"geometry":{"type":"Polygon","coordinates":[[[-84.875,34.275],[-84.825,34.275],[-84.825,34.325],[-84.875,34.325],[-84.875,34.275]]]}},{"type":"Feature","properties":{"layer":"TEMPO NO2","transport":"Westward","timePeriod":"08:00-10:00 EDT Westward","NO2":2.92182517,"unit":"10^15 molecules cm^-2"},"geometry":{"type":"Polygon","coordinates":[[[-84.825,34.275],[-84.775,34.275],[-84.775,34.325],[-84.825,34.325],[-84.825,34.275]]]}},{"type":"Feature","properties":{"layer":"TEMPO NO2","transport":"Westward","timePeriod":"08:00-10:00 EDT Westward","NO2":2.38426805,"unit":"10^15 molecules cm^-2"},"geometry":{"type":"Polygon","coordinates":[[[-84.775,34.275],[-84.725,34.275],[-84.725,34.325],[-84.775,34.325],[-84.775,34.275]]]}},{"type":"Feature","properties":{"layer":"TEMPO NO2","transport":"Westward","timePeriod":"08:00-10:00 EDT Westward","NO2":2.16419744,"unit":"10^15 molecules cm^-2"},"geometry":{"type":"Polygon","coordinates":[[[-84.725,34.275],[-84.675,34.275],[-84.675,34.325],[-84.725,34.325],[-84.725,34.275]]]}},{"type":"Feature","properties":{"layer":"TEMPO NO2","transport":"Westward","timePeriod":"08:00-10:00 EDT Westward","NO2":2.44138026,"unit":"10^15 molecules cm^-2"},"geometry":{"type":"Polygon","coordinates":[[[-84.675,34.275],[-84.625,34.275],[-84.625,34.325],[-84.675,34.325],[-84.675,34.275]]]}},{"type":"Feature","properties":{"layer":"TEMPO NO2","transport":"Westward","timePeriod":"08:00-10:00 EDT Westward","NO2":2.41119242,"unit":"10^15 molecules cm^-2"},"geometry":{"type":"Polygon","coordinates":[[[-84.625,34.275],[-84.575,34.275],[-84.575,34.325],[-84.625,34.325],[-84.625,34.275]]]}},{"type":"Feature","properties":{"layer":"TEMPO NO2","transport":"Westward","timePeriod":"08:00-10:00 EDT Westward","NO2":2.18596101,"unit":"10^15 molecules cm^-2"},"geometry":{"type":"Polygon","coordinates":[[[-84.575,34.275],[-84.525,34.275],[-84.525,34.325],[-84.575,34.325],[-84.575,34.275]]]}},{"type":"Feature","properties":{"layer":"TEMPO NO2","transport":"Westward","timePeriod":"08:00-10:00 EDT Westward","NO2":2.23325181,"unit":"10^15 molecules cm^-2"},"geometry":{"type":"Polygon","coordinates":[[[-84.525,34.275],[-84.475,34.275],[-84.475,34.325],[-84.525,34.325],[-84.525,34.275]]]}},{"type":"Feature","properties":{"layer":"TEMPO NO2","transport":"Westward","timePeriod":"08:00-10:00 EDT Westward","NO2":2.17498589,"unit":"10^15 molecules cm^-2"},"geometry":{"type":"Polygon","coordinates":[[[-84.475,34.275],[-84.425,34.275],[-84.425,34.325],[-84.475,34.325],[-84.475,34.275]]]}},{"type":"Feature","properties":{"layer":"TEMPO NO2","transport":"Westward","timePeriod":"08:00-10:00 EDT Westward","NO2":2.0817461,"unit":"10^15 molecules cm^-2"},"geometry":{"type":"Polygon","coordinates":[[[-84.425,34.275],[-84.375,34.275],[-84.375,34.325],[-84.425,34.325],[-84.425,34.275]]]}},{"type":"Feature","properties":{"layer":"TEMPO NO2","transport":"Westward","timePeriod":"08:00-10:00 EDT Westward","NO2":1.98720729,"unit":"10^15 molecules cm^-2"},"geometry":{"type":"Polygon","coordinates":[[[-84.375,34.275],[-84.325,34.275],[-84.325,34.325],[-84.375,34.325],[-84.375,34.275]]]}},{"type":"Feature","properties":{"layer":"TEMPO NO2","transport":"Westward","timePeriod":"08:00-10:00 EDT Westward","NO2":2.03403401,"unit":"10^15 molecules cm^-2"},"geometry":{"type":"Polygon","coordinates":[[[-84.325,34.275],[-84.275,34.275],[-84.275,34.325],[-84.325,34.325],[-84.325,34.275]]]}},{"type":"Feature","properties":{"layer":"TEMPO NO2","transport":"Westward","timePeriod":"08:00-10:00 EDT Westward","NO2":1.99054193,"unit":"10^15 molecules cm^-2"},"geometry":{"type":"Polygon","coordinates":[[[-84.275,34.275],[-84.225,34.275],[-84.225,34.325],[-84.275,34.325],[-84.275,34.275]]]}},{"type":"Feature","properties":{"layer":"TEMPO NO2","transport":"Westward","timePeriod":"08:00-10:00 EDT Westward","NO2":2.01131821,"unit":"10^15 molecules cm^-2"},"geometry":{"type":"Polygon","coordinates":[[[-84.225,34.275],[-84.175,34.275],[-84.175,34.325],[-84.225,34.325],[-84.225,34.275]]]}},{"type":"Feature","properties":{"layer":"TEMPO NO2","transport":"Westward","timePeriod":"08:00-10:00 EDT Westward","NO2":2.03091288,"unit":"10^15 molecules cm^-2"},"geometry":{"type":"Polygon","coordinates":[[[-84.175,34.275],[-84.125,34.275],[-84.125,34.325],[-84.175,34.325],[-84.175,34.275]]]}},{"type":"Feature","properties":{"layer":"TEMPO NO2","transport":"Westward","timePeriod":"08:00-10:00 EDT Westward","NO2":1.9782877,"unit":"10^15 molecules cm^-2"},"geometry":{"type":"Polygon","coordinates":[[[-84.125,34.275],[-84.075,34.275],[-84.075,34.325],[-84.125,34.325],[-84.125,34.275]]]}},{"type":"Feature","properties":{"layer":"TEMPO NO2","transport":"Westward","timePeriod":"08:00-10:00 EDT Westward","NO2":1.85016739,"unit":"10^15 molecules cm^-2"},"geometry":{"type":"Polygon","coordinates":[[[-84.075,34.275],[-84.025,34.275],[-84.025,34.325],[-84.075,34.325],[-84.075,34.275]]]}},{"type":"Feature","properties":{"layer":"TEMPO NO2","transport":"Westward","timePeriod":"08:00-10:00 EDT Westward","NO2":1.8281883,"unit":"10^15 molecules cm^-2"},"geometry":{"type":"Polygon","coordinates":[[[-84.025,34.275],[-83.975,34.275],[-83.975,34.325],[-84.025,34.325],[-84.025,34.275]]]}},{"type":"Feature","properties":{"layer":"TEMPO NO2","transport":"Westward","timePeriod":"08:00-10:00 EDT Westward","NO2":1.92784846,"unit":"10^15 molecules cm^-2"},"geometry":{"type":"Polygon","coordinates":[[[-83.975,34.275],[-83.925,34.275],[-83.925,34.325],[-83.975,34.325],[-83.975,34.275]]]}},{"type":"Feature","properties":{"layer":"TEMPO NO2","transport":"Westward","timePeriod":"08:00-10:00 EDT Westward","NO2":2.03695083,"unit":"10^15 molecules cm^-2"},"geometry":{"type":"Polygon","coordinates":[[[-83.925,34.275],[-83.875,34.275],[-83.875,34.325],[-83.925,34.325],[-83.925,34.275]]]}},{"type":"Feature","properties":{"layer":"TEMPO NO2","transport":"Westward","timePeriod":"08:00-10:00 EDT Westward","NO2":2.16442227,"unit":"10^15 molecules cm^-2"},"geometry":{"type":"Polygon","coordinates":[[[-83.875,34.275],[-83.825,34.275],[-83.825,34.325],[-83.875,34.325],[-83.875,34.275]]]}},{"type":"Feature","properties":{"layer":"TEMPO NO2","transport":"Westward","timePeriod":"08:00-10:00 EDT Westward","NO2":1.83121586,"unit":"10^15 molecules cm^-2"},"geometry":{"type":"Polygon","coordinates":[[[-83.825,34.275],[-83.775,34.275],[-83.775,34.325],[-83.825,34.325],[-83.825,34.275]]]}},{"type":"Feature","properties":{"layer":"TEMPO NO2","transport":"Westward","timePeriod":"08:00-10:00 EDT Westward","NO2":2.67278504,"unit":"10^15 molecules cm^-2"},"geometry":{"type":"Polygon","coordinates":[[[-84.975,34.325],[-84.925,34.325],[-84.925,34.375],[-84.975,34.375],[-84.975,34.325]]]}},{"type":"Feature","properties":{"layer":"TEMPO NO2","transport":"Westward","timePeriod":"08:00-10:00 EDT Westward","NO2":2.70945883,"unit":"10^15 molecules cm^-2"},"geometry":{"type":"Polygon","coordinates":[[[-84.925,34.325],[-84.875,34.325],[-84.875,34.375],[-84.925,34.375],[-84.925,34.325]]]}},{"type":"Feature","properties":{"layer":"TEMPO NO2","transport":"Westward","timePeriod":"08:00-10:00 EDT Westward","NO2":2.56581831,"unit":"10^15 molecules cm^-2"},"geometry":{"type":"Polygon","coordinates":[[[-84.875,34.325],[-84.825,34.325],[-84.825,34.375],[-84.875,34.375],[-84.875,34.325]]]}},{"type":"Feature","properties":{"layer":"TEMPO NO2","transport":"Westward","timePeriod":"08:00-10:00 EDT Westward","NO2":2.43088031,"unit":"10^15 molecules cm^-2"},"geometry":{"type":"Polygon","coordinates":[[[-84.825,34.325],[-84.775,34.325],[-84.775,34.375],[-84.825,34.375],[-84.825,34.325]]]}},{"type":"Feature","properties":{"layer":"TEMPO NO2","transport":"Westward","timePeriod":"08:00-10:00 EDT Westward","NO2":2.32467055,"unit":"10^15 molecules cm^-2"},"geometry":{"type":"Polygon","coordinates":[[[-84.775,34.325],[-84.725,34.325],[-84.725,34.375],[-84.775,34.375],[-84.775,34.325]]]}},{"type":"Feature","properties":{"layer":"TEMPO NO2","transport":"Westward","timePeriod":"08:00-10:00 EDT Westward","NO2":2.35737967,"unit":"10^15 molecules cm^-2"},"geometry":{"type":"Polygon","coordinates":[[[-84.725,34.325],[-84.675,34.325],[-84.675,34.375],[-84.725,34.375],[-84.725,34.325]]]}},{"type":"Feature","properties":{"layer":"TEMPO NO2","transport":"Westward","timePeriod":"08:00-10:00 EDT Westward","NO2":2.20855856,"unit":"10^15 molecules cm^-2"},"geometry":{"type":"Polygon","coordinates":[[[-84.675,34.325],[-84.625,34.325],[-84.625,34.375],[-84.675,34.375],[-84.675,34.325]]]}},{"type":"Feature","properties":{"layer":"TEMPO NO2","transport":"Westward","timePeriod":"08:00-10:00 EDT Westward","NO2":2.1133523,"unit":"10^15 molecules cm^-2"},"geometry":{"type":"Polygon","coordinates":[[[-84.625,34.325],[-84.575,34.325],[-84.575,34.375],[-84.625,34.375],[-84.625,34.325]]]}},{"type":"Feature","properties":{"layer":"TEMPO NO2","transport":"Westward","timePeriod":"08:00-10:00 EDT Westward","NO2":2.08389425,"unit":"10^15 molecules cm^-2"},"geometry":{"type":"Polygon","coordinates":[[[-84.575,34.325],[-84.525,34.325],[-84.525,34.375],[-84.575,34.375],[-84.575,34.325]]]}},{"type":"Feature","properties":{"layer":"TEMPO NO2","transport":"Westward","timePeriod":"08:00-10:00 EDT Westward","NO2":1.98635638,"unit":"10^15 molecules cm^-2"},"geometry":{"type":"Polygon","coordinates":[[[-84.525,34.325],[-84.475,34.325],[-84.475,34.375],[-84.525,34.375],[-84.525,34.325]]]}},{"type":"Feature","properties":{"layer":"TEMPO NO2","transport":"Westward","timePeriod":"08:00-10:00 EDT Westward","NO2":2.01456308,"unit":"10^15 molecules cm^-2"},"geometry":{"type":"Polygon","coordinates":[[[-84.475,34.325],[-84.425,34.325],[-84.425,34.375],[-84.475,34.375],[-84.475,34.325]]]}},{"type":"Feature","properties":{"layer":"TEMPO NO2","transport":"Westward","timePeriod":"08:00-10:00 EDT Westward","NO2":2.00907898,"unit":"10^15 molecules cm^-2"},"geometry":{"type":"Polygon","coordinates":[[[-84.425,34.325],[-84.375,34.325],[-84.375,34.375],[-84.425,34.375],[-84.425,34.325]]]}},{"type":"Feature","properties":{"layer":"TEMPO NO2","transport":"Westward","timePeriod":"08:00-10:00 EDT Westward","NO2":1.97623372,"unit":"10^15 molecules cm^-2"},"geometry":{"type":"Polygon","coordinates":[[[-84.375,34.325],[-84.325,34.325],[-84.325,34.375],[-84.375,34.375],[-84.375,34.325]]]}},{"type":"Feature","properties":{"layer":"TEMPO NO2","transport":"Westward","timePeriod":"08:00-10:00 EDT Westward","NO2":1.93900597,"unit":"10^15 molecules cm^-2"},"geometry":{"type":"Polygon","coordinates":[[[-84.325,34.325],[-84.275,34.325],[-84.275,34.375],[-84.325,34.375],[-84.325,34.325]]]}},{"type":"Feature","properties":{"layer":"TEMPO NO2","transport":"Westward","timePeriod":"08:00-10:00 EDT Westward","NO2":1.94695842,"unit":"10^15 molecules cm^-2"},"geometry":{"type":"Polygon","coordinates":[[[-84.275,34.325],[-84.225,34.325],[-84.225,34.375],[-84.275,34.375],[-84.275,34.325]]]}},{"type":"Feature","properties":{"layer":"TEMPO NO2","transport":"Westward","timePeriod":"08:00-10:00 EDT Westward","NO2":1.93037045,"unit":"10^15 molecules cm^-2"},"geometry":{"type":"Polygon","coordinates":[[[-84.225,34.325],[-84.175,34.325],[-84.175,34.375],[-84.225,34.375],[-84.225,34.325]]]}},{"type":"Feature","properties":{"layer":"TEMPO NO2","transport":"Westward","timePeriod":"08:00-10:00 EDT Westward","NO2":1.99405992,"unit":"10^15 molecules cm^-2"},"geometry":{"type":"Polygon","coordinates":[[[-84.175,34.325],[-84.125,34.325],[-84.125,34.375],[-84.175,34.375],[-84.175,34.325]]]}},{"type":"Feature","properties":{"layer":"TEMPO NO2","transport":"Westward","timePeriod":"08:00-10:00 EDT Westward","NO2":1.9341234,"unit":"10^15 molecules cm^-2"},"geometry":{"type":"Polygon","coordinates":[[[-84.125,34.325],[-84.075,34.325],[-84.075,34.375],[-84.125,34.375],[-84.125,34.325]]]}},{"type":"Feature","properties":{"layer":"TEMPO NO2","transport":"Westward","timePeriod":"08:00-10:00 EDT Westward","NO2":1.85624015,"unit":"10^15 molecules cm^-2"},"geometry":{"type":"Polygon","coordinates":[[[-84.075,34.325],[-84.025,34.325],[-84.025,34.375],[-84.075,34.375],[-84.075,34.325]]]}},{"type":"Feature","properties":{"layer":"TEMPO NO2","transport":"Westward","timePeriod":"08:00-10:00 EDT Westward","NO2":1.98929501,"unit":"10^15 molecules cm^-2"},"geometry":{"type":"Polygon","coordinates":[[[-84.025,34.325],[-83.975,34.325],[-83.975,34.375],[-84.025,34.375],[-84.025,34.325]]]}},{"type":"Feature","properties":{"layer":"TEMPO NO2","transport":"Westward","timePeriod":"08:00-10:00 EDT Westward","NO2":1.9885639,"unit":"10^15 molecules cm^-2"},"geometry":{"type":"Polygon","coordinates":[[[-83.975,34.325],[-83.925,34.325],[-83.925,34.375],[-83.975,34.375],[-83.975,34.325]]]}},{"type":"Feature","properties":{"layer":"TEMPO NO2","transport":"Westward","timePeriod":"08:00-10:00 EDT Westward","NO2":2.0033865,"unit":"10^15 molecules cm^-2"},"geometry":{"type":"Polygon","coordinates":[[[-83.925,34.325],[-83.875,34.325],[-83.875,34.375],[-83.925,34.375],[-83.925,34.325]]]}},{"type":"Feature","properties":{"layer":"TEMPO NO2","transport":"Westward","timePeriod":"08:00-10:00 EDT Westward","NO2":1.84928095,"unit":"10^15 molecules cm^-2"},"geometry":{"type":"Polygon","coordinates":[[[-83.875,34.325],[-83.825,34.325],[-83.825,34.375],[-83.875,34.375],[-83.875,34.325]]]}},{"type":"Feature","properties":{"layer":"TEMPO NO2","transport":"Westward","timePeriod":"08:00-10:00 EDT Westward","NO2":1.82429385,"unit":"10^15 molecules cm^-2"},"geometry":{"type":"Polygon","coordinates":[[[-83.825,34.325],[-83.775,34.325],[-83.775,34.375],[-83.825,34.375],[-83.825,34.325]]]}},{"type":"Feature","properties":{"layer":"TEMPO NO2","transport":"Westward","timePeriod":"08:00-10:00 EDT Westward","NO2":2.58066058,"unit":"10^15 molecules cm^-2"},"geometry":{"type":"Polygon","coordinates":[[[-84.975,34.375],[-84.925,34.375],[-84.925,34.425],[-84.975,34.425],[-84.975,34.375]]]}},{"type":"Feature","properties":{"layer":"TEMPO NO2","transport":"Westward","timePeriod":"08:00-10:00 EDT Westward","NO2":2.6107986,"unit":"10^15 molecules cm^-2"},"geometry":{"type":"Polygon","coordinates":[[[-84.925,34.375],[-84.875,34.375],[-84.875,34.425],[-84.925,34.425],[-84.925,34.375]]]}},{"type":"Feature","properties":{"layer":"TEMPO NO2","transport":"Westward","timePeriod":"08:00-10:00 EDT Westward","NO2":2.29851508,"unit":"10^15 molecules cm^-2"},"geometry":{"type":"Polygon","coordinates":[[[-84.875,34.375],[-84.825,34.375],[-84.825,34.425],[-84.875,34.425],[-84.875,34.375]]]}},{"type":"Feature","properties":{"layer":"TEMPO NO2","transport":"Westward","timePeriod":"08:00-10:00 EDT Westward","NO2":2.19800782,"unit":"10^15 molecules cm^-2"},"geometry":{"type":"Polygon","coordinates":[[[-84.825,34.375],[-84.775,34.375],[-84.775,34.425],[-84.825,34.425],[-84.825,34.375]]]}},{"type":"Feature","properties":{"layer":"TEMPO NO2","transport":"Westward","timePeriod":"08:00-10:00 EDT Westward","NO2":2.13852239,"unit":"10^15 molecules cm^-2"},"geometry":{"type":"Polygon","coordinates":[[[-84.775,34.375],[-84.725,34.375],[-84.725,34.425],[-84.775,34.425],[-84.775,34.375]]]}},{"type":"Feature","properties":{"layer":"TEMPO NO2","transport":"Westward","timePeriod":"08:00-10:00 EDT Westward","NO2":2.12938476,"unit":"10^15 molecules cm^-2"},"geometry":{"type":"Polygon","coordinates":[[[-84.725,34.375],[-84.675,34.375],[-84.675,34.425],[-84.725,34.425],[-84.725,34.375]]]}},{"type":"Feature","properties":{"layer":"TEMPO NO2","transport":"Westward","timePeriod":"08:00-10:00 EDT Westward","NO2":2.10903478,"unit":"10^15 molecules cm^-2"},"geometry":{"type":"Polygon","coordinates":[[[-84.675,34.375],[-84.625,34.375],[-84.625,34.425],[-84.675,34.425],[-84.675,34.375]]]}},{"type":"Feature","properties":{"layer":"TEMPO NO2","transport":"Westward","timePeriod":"08:00-10:00 EDT Westward","NO2":1.93553,"unit":"10^15 molecules cm^-2"},"geometry":{"type":"Polygon","coordinates":[[[-84.625,34.375],[-84.575,34.375],[-84.575,34.425],[-84.625,34.425],[-84.625,34.375]]]}},{"type":"Feature","properties":{"layer":"TEMPO NO2","transport":"Westward","timePeriod":"08:00-10:00 EDT Westward","NO2":1.82484627,"unit":"10^15 molecules cm^-2"},"geometry":{"type":"Polygon","coordinates":[[[-84.575,34.375],[-84.525,34.375],[-84.525,34.425],[-84.575,34.425],[-84.575,34.375]]]}},{"type":"Feature","properties":{"layer":"TEMPO NO2","transport":"Westward","timePeriod":"08:00-10:00 EDT Westward","NO2":1.86054313,"unit":"10^15 molecules cm^-2"},"geometry":{"type":"Polygon","coordinates":[[[-84.525,34.375],[-84.475,34.375],[-84.475,34.425],[-84.525,34.425],[-84.525,34.375]]]}},{"type":"Feature","properties":{"layer":"TEMPO NO2","transport":"Westward","timePeriod":"08:00-10:00 EDT Westward","NO2":1.86420381,"unit":"10^15 molecules cm^-2"},"geometry":{"type":"Polygon","coordinates":[[[-84.475,34.375],[-84.425,34.375],[-84.425,34.425],[-84.475,34.425],[-84.475,34.375]]]}},{"type":"Feature","properties":{"layer":"TEMPO NO2","transport":"Westward","timePeriod":"08:00-10:00 EDT Westward","NO2":1.95921326,"unit":"10^15 molecules cm^-2"},"geometry":{"type":"Polygon","coordinates":[[[-84.425,34.375],[-84.375,34.375],[-84.375,34.425],[-84.425,34.425],[-84.425,34.375]]]}},{"type":"Feature","properties":{"layer":"TEMPO NO2","transport":"Westward","timePeriod":"08:00-10:00 EDT Westward","NO2":1.8920368,"unit":"10^15 molecules cm^-2"},"geometry":{"type":"Polygon","coordinates":[[[-84.375,34.375],[-84.325,34.375],[-84.325,34.425],[-84.375,34.425],[-84.375,34.375]]]}},{"type":"Feature","properties":{"layer":"TEMPO NO2","transport":"Westward","timePeriod":"08:00-10:00 EDT Westward","NO2":1.78711486,"unit":"10^15 molecules cm^-2"},"geometry":{"type":"Polygon","coordinates":[[[-84.325,34.375],[-84.275,34.375],[-84.275,34.425],[-84.325,34.425],[-84.325,34.375]]]}},{"type":"Feature","properties":{"layer":"TEMPO NO2","transport":"Westward","timePeriod":"08:00-10:00 EDT Westward","NO2":1.75704527,"unit":"10^15 molecules cm^-2"},"geometry":{"type":"Polygon","coordinates":[[[-84.275,34.375],[-84.225,34.375],[-84.225,34.425],[-84.275,34.425],[-84.275,34.375]]]}},{"type":"Feature","properties":{"layer":"TEMPO NO2","transport":"Westward","timePeriod":"08:00-10:00 EDT Westward","NO2":1.69663692,"unit":"10^15 molecules cm^-2"},"geometry":{"type":"Polygon","coordinates":[[[-84.225,34.375],[-84.175,34.375],[-84.175,34.425],[-84.225,34.425],[-84.225,34.375]]]}},{"type":"Feature","properties":{"layer":"TEMPO NO2","transport":"Westward","timePeriod":"08:00-10:00 EDT Westward","NO2":1.72358835,"unit":"10^15 molecules cm^-2"},"geometry":{"type":"Polygon","coordinates":[[[-84.175,34.375],[-84.125,34.375],[-84.125,34.425],[-84.175,34.425],[-84.175,34.375]]]}},{"type":"Feature","properties":{"layer":"TEMPO NO2","transport":"Westward","timePeriod":"08:00-10:00 EDT Westward","NO2":1.71910024,"unit":"10^15 molecules cm^-2"},"geometry":{"type":"Polygon","coordinates":[[[-84.125,34.375],[-84.075,34.375],[-84.075,34.425],[-84.125,34.425],[-84.125,34.375]]]}},{"type":"Feature","properties":{"layer":"TEMPO NO2","transport":"Westward","timePeriod":"08:00-10:00 EDT Westward","NO2":1.67022753,"unit":"10^15 molecules cm^-2"},"geometry":{"type":"Polygon","coordinates":[[[-84.075,34.375],[-84.025,34.375],[-84.025,34.425],[-84.075,34.425],[-84.075,34.375]]]}},{"type":"Feature","properties":{"layer":"TEMPO NO2","transport":"Westward","timePeriod":"08:00-10:00 EDT Westward","NO2":1.79556704,"unit":"10^15 molecules cm^-2"},"geometry":{"type":"Polygon","coordinates":[[[-84.025,34.375],[-83.975,34.375],[-83.975,34.425],[-84.025,34.425],[-84.025,34.375]]]}},{"type":"Feature","properties":{"layer":"TEMPO NO2","transport":"Westward","timePeriod":"08:00-10:00 EDT Westward","NO2":1.76780534,"unit":"10^15 molecules cm^-2"},"geometry":{"type":"Polygon","coordinates":[[[-83.975,34.375],[-83.925,34.375],[-83.925,34.425],[-83.975,34.425],[-83.975,34.375]]]}},{"type":"Feature","properties":{"layer":"TEMPO NO2","transport":"Westward","timePeriod":"08:00-10:00 EDT Westward","NO2":1.79029703,"unit":"10^15 molecules cm^-2"},"geometry":{"type":"Polygon","coordinates":[[[-83.925,34.375],[-83.875,34.375],[-83.875,34.425],[-83.925,34.425],[-83.925,34.375]]]}},{"type":"Feature","properties":{"layer":"TEMPO NO2","transport":"Westward","timePeriod":"08:00-10:00 EDT Westward","NO2":1.86822557,"unit":"10^15 molecules cm^-2"},"geometry":{"type":"Polygon","coordinates":[[[-83.875,34.375],[-83.825,34.375],[-83.825,34.425],[-83.875,34.425],[-83.875,34.375]]]}},{"type":"Feature","properties":{"layer":"TEMPO NO2","transport":"Westward","timePeriod":"08:00-10:00 EDT Westward","NO2":1.77234328,"unit":"10^15 molecules cm^-2"},"geometry":{"type":"Polygon","coordinates":[[[-83.825,34.375],[-83.775,34.375],[-83.775,34.425],[-83.825,34.425],[-83.825,34.375]]]}},{"type":"Feature","properties":{"layer":"TEMPO NO2","transport":"Westward","timePeriod":"08:00-10:00 EDT Westward","NO2":2.34662652,"unit":"10^15 molecules cm^-2"},"geometry":{"type":"Polygon","coordinates":[[[-84.975,34.425],[-84.925,34.425],[-84.925,34.475],[-84.975,34.475],[-84.975,34.425]]]}},{"type":"Feature","properties":{"layer":"TEMPO NO2","transport":"Westward","timePeriod":"08:00-10:00 EDT Westward","NO2":2.26182365,"unit":"10^15 molecules cm^-2"},"geometry":{"type":"Polygon","coordinates":[[[-84.925,34.425],[-84.875,34.425],[-84.875,34.475],[-84.925,34.475],[-84.925,34.425]]]}},{"type":"Feature","properties":{"layer":"TEMPO NO2","transport":"Westward","timePeriod":"08:00-10:00 EDT Westward","NO2":2.13408041,"unit":"10^15 molecules cm^-2"},"geometry":{"type":"Polygon","coordinates":[[[-84.875,34.425],[-84.825,34.425],[-84.825,34.475],[-84.875,34.475],[-84.875,34.425]]]}},{"type":"Feature","properties":{"layer":"TEMPO NO2","transport":"Westward","timePeriod":"08:00-10:00 EDT Westward","NO2":1.97475159,"unit":"10^15 molecules cm^-2"},"geometry":{"type":"Polygon","coordinates":[[[-84.825,34.425],[-84.775,34.425],[-84.775,34.475],[-84.825,34.475],[-84.825,34.425]]]}},{"type":"Feature","properties":{"layer":"TEMPO NO2","transport":"Westward","timePeriod":"08:00-10:00 EDT Westward","NO2":1.99375796,"unit":"10^15 molecules cm^-2"},"geometry":{"type":"Polygon","coordinates":[[[-84.775,34.425],[-84.725,34.425],[-84.725,34.475],[-84.775,34.475],[-84.775,34.425]]]}},{"type":"Feature","properties":{"layer":"TEMPO NO2","transport":"Westward","timePeriod":"08:00-10:00 EDT Westward","NO2":1.95864677,"unit":"10^15 molecules cm^-2"},"geometry":{"type":"Polygon","coordinates":[[[-84.725,34.425],[-84.675,34.425],[-84.675,34.475],[-84.725,34.475],[-84.725,34.425]]]}},{"type":"Feature","properties":{"layer":"TEMPO NO2","transport":"Westward","timePeriod":"08:00-10:00 EDT Westward","NO2":1.89525,"unit":"10^15 molecules cm^-2"},"geometry":{"type":"Polygon","coordinates":[[[-84.675,34.425],[-84.625,34.425],[-84.625,34.475],[-84.675,34.475],[-84.675,34.425]]]}},{"type":"Feature","properties":{"layer":"TEMPO NO2","transport":"Westward","timePeriod":"08:00-10:00 EDT Westward","NO2":1.7894721,"unit":"10^15 molecules cm^-2"},"geometry":{"type":"Polygon","coordinates":[[[-84.625,34.425],[-84.575,34.425],[-84.575,34.475],[-84.625,34.475],[-84.625,34.425]]]}},{"type":"Feature","properties":{"layer":"TEMPO NO2","transport":"Westward","timePeriod":"08:00-10:00 EDT Westward","NO2":1.78115392,"unit":"10^15 molecules cm^-2"},"geometry":{"type":"Polygon","coordinates":[[[-84.575,34.425],[-84.525,34.425],[-84.525,34.475],[-84.575,34.475],[-84.575,34.425]]]}},{"type":"Feature","properties":{"layer":"TEMPO NO2","transport":"Westward","timePeriod":"08:00-10:00 EDT Westward","NO2":1.82088113,"unit":"10^15 molecules cm^-2"},"geometry":{"type":"Polygon","coordinates":[[[-84.525,34.425],[-84.475,34.425],[-84.475,34.475],[-84.525,34.475],[-84.525,34.425]]]}},{"type":"Feature","properties":{"layer":"TEMPO NO2","transport":"Westward","timePeriod":"08:00-10:00 EDT Westward","NO2":1.77777338,"unit":"10^15 molecules cm^-2"},"geometry":{"type":"Polygon","coordinates":[[[-84.475,34.425],[-84.425,34.425],[-84.425,34.475],[-84.475,34.475],[-84.475,34.425]]]}},{"type":"Feature","properties":{"layer":"TEMPO NO2","transport":"Westward","timePeriod":"08:00-10:00 EDT Westward","NO2":1.67756581,"unit":"10^15 molecules cm^-2"},"geometry":{"type":"Polygon","coordinates":[[[-84.425,34.425],[-84.375,34.425],[-84.375,34.475],[-84.425,34.475],[-84.425,34.425]]]}},{"type":"Feature","properties":{"layer":"TEMPO NO2","transport":"Westward","timePeriod":"08:00-10:00 EDT Westward","NO2":1.64464295,"unit":"10^15 molecules cm^-2"},"geometry":{"type":"Polygon","coordinates":[[[-84.375,34.425],[-84.325,34.425],[-84.325,34.475],[-84.375,34.475],[-84.375,34.425]]]}},{"type":"Feature","properties":{"layer":"TEMPO NO2","transport":"Westward","timePeriod":"08:00-10:00 EDT Westward","NO2":1.58237684,"unit":"10^15 molecules cm^-2"},"geometry":{"type":"Polygon","coordinates":[[[-84.325,34.425],[-84.275,34.425],[-84.275,34.475],[-84.325,34.475],[-84.325,34.425]]]}},{"type":"Feature","properties":{"layer":"TEMPO NO2","transport":"Westward","timePeriod":"08:00-10:00 EDT Westward","NO2":1.52882886,"unit":"10^15 molecules cm^-2"},"geometry":{"type":"Polygon","coordinates":[[[-84.275,34.425],[-84.225,34.425],[-84.225,34.475],[-84.275,34.475],[-84.275,34.425]]]}},{"type":"Feature","properties":{"layer":"TEMPO NO2","transport":"Westward","timePeriod":"08:00-10:00 EDT Westward","NO2":1.52594364,"unit":"10^15 molecules cm^-2"},"geometry":{"type":"Polygon","coordinates":[[[-84.225,34.425],[-84.175,34.425],[-84.175,34.475],[-84.225,34.475],[-84.225,34.425]]]}},{"type":"Feature","properties":{"layer":"TEMPO NO2","transport":"Westward","timePeriod":"08:00-10:00 EDT Westward","NO2":1.56049883,"unit":"10^15 molecules cm^-2"},"geometry":{"type":"Polygon","coordinates":[[[-84.175,34.425],[-84.125,34.425],[-84.125,34.475],[-84.175,34.475],[-84.175,34.425]]]}},{"type":"Feature","properties":{"layer":"TEMPO NO2","transport":"Westward","timePeriod":"08:00-10:00 EDT Westward","NO2":1.68570626,"unit":"10^15 molecules cm^-2"},"geometry":{"type":"Polygon","coordinates":[[[-84.125,34.425],[-84.075,34.425],[-84.075,34.475],[-84.125,34.475],[-84.125,34.425]]]}},{"type":"Feature","properties":{"layer":"TEMPO NO2","transport":"Westward","timePeriod":"08:00-10:00 EDT Westward","NO2":1.61716592,"unit":"10^15 molecules cm^-2"},"geometry":{"type":"Polygon","coordinates":[[[-84.075,34.425],[-84.025,34.425],[-84.025,34.475],[-84.075,34.475],[-84.075,34.425]]]}},{"type":"Feature","properties":{"layer":"TEMPO NO2","transport":"Westward","timePeriod":"08:00-10:00 EDT Westward","NO2":1.62397397,"unit":"10^15 molecules cm^-2"},"geometry":{"type":"Polygon","coordinates":[[[-84.025,34.425],[-83.975,34.425],[-83.975,34.475],[-84.025,34.475],[-84.025,34.425]]]}},{"type":"Feature","properties":{"layer":"TEMPO NO2","transport":"Westward","timePeriod":"08:00-10:00 EDT Westward","NO2":1.58458829,"unit":"10^15 molecules cm^-2"},"geometry":{"type":"Polygon","coordinates":[[[-83.975,34.425],[-83.925,34.425],[-83.925,34.475],[-83.975,34.475],[-83.975,34.425]]]}},{"type":"Feature","properties":{"layer":"TEMPO NO2","transport":"Westward","timePeriod":"08:00-10:00 EDT Westward","NO2":1.52854323,"unit":"10^15 molecules cm^-2"},"geometry":{"type":"Polygon","coordinates":[[[-83.925,34.425],[-83.875,34.425],[-83.875,34.475],[-83.925,34.475],[-83.925,34.425]]]}},{"type":"Feature","properties":{"layer":"TEMPO NO2","transport":"Westward","timePeriod":"08:00-10:00 EDT Westward","NO2":1.56487799,"unit":"10^15 molecules cm^-2"},"geometry":{"type":"Polygon","coordinates":[[[-83.875,34.425],[-83.825,34.425],[-83.825,34.475],[-83.875,34.475],[-83.875,34.425]]]}},{"type":"Feature","properties":{"layer":"TEMPO NO2","transport":"Westward","timePeriod":"08:00-10:00 EDT Westward","NO2":1.61945868,"unit":"10^15 molecules cm^-2"},"geometry":{"type":"Polygon","coordinates":[[[-83.825,34.425],[-83.775,34.425],[-83.775,34.475],[-83.825,34.475],[-83.825,34.425]]]}}]}