{"type":"FeatureCollection","features":[{"type":"Feature","properties":{"layer":"TEMPO NO2","transport":"Westward","timePeriod":"12:00-14:00 EDT Eastward","NO2":1.32722628,"unit":"10^15 molecules cm^-2"},"geometry":{"type":"Polygon","coordinates":[[[-84.975,33.125],[-84.925,33.125],[-84.925,33.175],[-84.975,33.175],[-84.975,33.125]]]}},{"type":"Feature","properties":{"layer":"TEMPO NO2","transport":"Westward","timePeriod":"12:00-14:00 EDT Eastward","NO2":1.29190373,"unit":"10^15 molecules cm^-2"},"geometry":{"type":"Polygon","coordinates":[[[-84.925,33.125],[-84.875,33.125],[-84.875,33.175],[-84.925,33.175],[-84.925,33.125]]]}},{"type":"Feature","properties":{"layer":"TEMPO NO2","transport":"Westward","timePeriod":"12:00-14:00 EDT Eastward","NO2":1.31436205,"unit":"10^15 molecules cm^-2"},"geometry":{"type":"Polygon","coordinates":[[[-84.875,33.125],[-84.825,33.125],[-84.825,33.175],[-84.875,33.175],[-84.875,33.125]]]}},{"type":"Feature","properties":{"layer":"TEMPO NO2","transport":"Westward","timePeriod":"12:00-14:00 EDT Eastward","NO2":1.41203356,"unit":"10^15 molecules cm^-2"},"geometry":{"type":"Polygon","coordinates":[[[-84.825,33.125],[-84.775,33.125],[-84.775,33.175],[-84.825,33.175],[-84.825,33.125]]]}},{"type":"Feature","properties":{"layer":"TEMPO NO2","transport":"Westward","timePeriod":"12:00-14:00 EDT Eastward","NO2":1.34306538,"unit":"10^15 molecules cm^-2"},"geometry":{"type":"Polygon","coordinates":[[[-84.775,33.125],[-84.725,33.125],[-84.725,33.175],[-84.775,33.175],[-84.775,33.125]]]}},{"type":"Feature","properties":{"layer":"TEMPO NO2","transport":"Westward","timePeriod":"12:00-14:00 EDT Eastward","NO2":1.43259978,"unit":"10^15 molecules cm^-2"},"geometry":{"type":"Polygon","coordinates":[[[-84.725,33.125],[-84.675,33.125],[-84.675,33.175],[-84.725,33.175],[-84.725,33.125]]]}},{"type":"Feature","properties":{"layer":"TEMPO NO2","transport":"Westward","timePeriod":"12:00-14:00 EDT Eastward","NO2":1.2544179,"unit":"10^15 molecules cm^-2"},"geometry":{"type":"Polygon","coordinates":[[[-84.675,33.125],[-84.625,33.125],[-84.625,33.175],[-84.675,33.175],[-84.675,33.125]]]}},{"type":"Feature","properties":{"layer":"TEMPO NO2","transport":"Westward","timePeriod":"12:00-14:00 EDT Eastward","NO2":1.17522061,"unit":"10^15 molecules cm^-2"},"geometry":{"type":"Polygon","coordinates":[[[-84.625,33.125],[-84.575,33.125],[-84.575,33.175],[-84.625,33.175],[-84.625,33.125]]]}},{"type":"Feature","properties":{"layer":"TEMPO NO2","transport":"Westward","timePeriod":"12:00-14:00 EDT Eastward","NO2":1.31431985,"unit":"10^15 molecules cm^-2"},"geometry":{"type":"Polygon","coordinates":[[[-84.575,33.125],[-84.525,33.125],[-84.525,33.175],[-84.575,33.175],[-84.575,33.125]]]}},{"type":"Feature","properties":{"layer":"TEMPO NO2","transport":"Westward","timePeriod":"12:00-14:00 EDT Eastward","NO2":1.37234306,"unit":"10^15 molecules cm^-2"},"geometry":{"type":"Polygon","coordinates":[[[-84.525,33.125],[-84.475,33.125],[-84.475,33.175],[-84.525,33.175],[-84.525,33.125]]]}},{"type":"Feature","properties":{"layer":"TEMPO NO2","transport":"Westward","timePeriod":"12:00-14:00 EDT Eastward","NO2":1.21594357,"unit":"10^15 molecules cm^-2"},"geometry":{"type":"Polygon","coordinates":[[[-84.475,33.125],[-84.425,33.125],[-84.425,33.175],[-84.475,33.175],[-84.475,33.125]]]}},{"type":"Feature","properties":{"layer":"TEMPO NO2","transport":"Westward","timePeriod":"12:00-14:00 EDT Eastward","NO2":1.45971644,"unit":"10^15 molecules cm^-2"},"geometry":{"type":"Polygon","coordinates":[[[-84.425,33.125],[-84.375,33.125],[-84.375,33.175],[-84.425,33.175],[-84.425,33.125]]]}},{"type":"Feature","properties":{"layer":"TEMPO NO2","transport":"Westward","timePeriod":"12:00-14:00 EDT Eastward","NO2":1.30977964,"unit":"10^15 molecules cm^-2"},"geometry":{"type":"Polygon","coordinates":[[[-84.375,33.125],[-84.325,33.125],[-84.325,33.175],[-84.375,33.175],[-84.375,33.125]]]}},{"type":"Feature","properties":{"layer":"TEMPO NO2","transport":"Westward","timePeriod":"12:00-14:00 EDT Eastward","NO2":1.33551776,"unit":"10^15 molecules cm^-2"},"geometry":{"type":"Polygon","coordinates":[[[-84.325,33.125],[-84.275,33.125],[-84.275,33.175],[-84.325,33.175],[-84.325,33.125]]]}},{"type":"Feature","properties":{"layer":"TEMPO NO2","transport":"Westward","timePeriod":"12:00-14:00 EDT Eastward","NO2":1.42989731,"unit":"10^15 molecules cm^-2"},"geometry":{"type":"Polygon","coordinates":[[[-84.275,33.125],[-84.225,33.125],[-84.225,33.175],[-84.275,33.175],[-84.275,33.125]]]}},{"type":"Feature","properties":{"layer":"TEMPO NO2","transport":"Westward","timePeriod":"12:00-14:00 EDT Eastward","NO2":1.44751811,"unit":"10^15 molecules cm^-2"},"geometry":{"type":"Polygon","coordinates":[[[-84.225,33.125],[-84.175,33.125],[-84.175,33.175],[-84.225,33.175],[-84.225,33.125]]]}},{"type":"Feature","properties":{"layer":"TEMPO NO2","transport":"Westward","timePeriod":"12:00-14:00 EDT Eastward","NO2":1.42327487,"unit":"10^15 molecules cm^-2"},"geometry":{"type":"Polygon","coordinates":[[[-84.175,33.125],[-84.125,33.125],[-84.125,33.175],[-84.175,33.175],[-84.175,33.125]]]}},{"type":"Feature","properties":{"layer":"TEMPO NO2","transport":"Westward","timePeriod":"12:00-14:00 EDT Eastward","NO2":1.43302739,"unit":"10^15 molecules cm^-2"},"geometry":{"type":"Polygon","coordinates":[[[-84.125,33.125],[-84.075,33.125],[-84.075,33.175],[-84.125,33.175],[-84.125,33.125]]]}},{"type":"Feature","properties":{"layer":"TEMPO NO2","transport":"Westward","timePeriod":"12:00-14:00 EDT Eastward","NO2":1.39962685,"unit":"10^15 molecules cm^-2"},"geometry":{"type":"Polygon","coordinates":[[[-84.075,33.125],[-84.025,33.125],[-84.025,33.175],[-84.075,33.175],[-84.075,33.125]]]}},{"type":"Feature","properties":{"layer":"TEMPO NO2","transport":"Westward","timePeriod":"12:00-14:00 EDT Eastward","NO2":1.65434194,"unit":"10^15 molecules cm^-2"},"geometry":{"type":"Polygon","coordinates":[[[-84.025,33.125],[-83.975,33.125],[-83.975,33.175],[-84.025,33.175],[-84.025,33.125]]]}},{"type":"Feature","properties":{"layer":"TEMPO NO2","transport":"Westward","timePeriod":"12:00-14:00 EDT Eastward","NO2":1.5608151,"unit":"10^15 molecules cm^-2"},"geometry":{"type":"Polygon","coordinates":[[[-83.975,33.125],[-83.925,33.125],[-83.925,33.175],[-83.975,33.175],[-83.975,33.125]]]}},{"type":"Feature","properties":{"layer":"TEMPO NO2","transport":"Westward","timePeriod":"12:00-14:00 EDT Eastward","NO2":1.48453093,"unit":"10^15 molecules cm^-2"},"geometry":{"type":"Polygon","coordinates":[[[-83.925,33.125],[-83.875,33.125],[-83.875,33.175],[-83.925,33.175],[-83.925,33.125]]]}},{"type":"Feature","properties":{"layer":"TEMPO NO2","transport":"Westward","timePeriod":"12:00-14:00 EDT Eastward","NO2":1.53516829,"unit":"10^15 molecules cm^-2"},"geometry":{"type":"Polygon","coordinates":[[[-83.875,33.125],[-83.825,33.125],[-83.825,33.175],[-83.875,33.175],[-83.875,33.125]]]}},{"type":"Feature","properties":{"layer":"TEMPO NO2","transport":"Westward","timePeriod":"12:00-14:00 EDT Eastward","NO2":1.69981694,"unit":"10^15 molecules cm^-2"},"geometry":{"type":"Polygon","coordinates":[[[-83.825,33.125],[-83.775,33.125],[-83.775,33.175],[-83.825,33.175],[-83.825,33.125]]]}},{"type":"Feature","properties":{"layer":"TEMPO NO2","transport":"Westward","timePeriod":"12:00-14:00 EDT Eastward","NO2":1.29980826,"unit":"10^15 molecules cm^-2"},"geometry":{"type":"Polygon","coordinates":[[[-84.975,33.175],[-84.925,33.175],[-84.925,33.225],[-84.975,33.225],[-84.975,33.175]]]}},{"type":"Feature","properties":{"layer":"TEMPO NO2","transport":"Westward","timePeriod":"12:00-14:00 EDT Eastward","NO2":1.39623237,"unit":"10^15 molecules cm^-2"},"geometry":{"type":"Polygon","coordinates":[[[-84.925,33.175],[-84.875,33.175],[-84.875,33.225],[-84.925,33.225],[-84.925,33.175]]]}},{"type":"Feature","properties":{"layer":"TEMPO NO2","transport":"Westward","timePeriod":"12:00-14:00 EDT Eastward","NO2":1.59321642,"unit":"10^15 molecules cm^-2"},"geometry":{"type":"Polygon","coordinates":[[[-84.875,33.175],[-84.825,33.175],[-84.825,33.225],[-84.875,33.225],[-84.875,33.175]]]}},{"type":"Feature","properties":{"layer":"TEMPO NO2","transport":"Westward","timePeriod":"12:00-14:00 EDT Eastward","NO2":1.45002544,"unit":"10^15 molecules cm^-2"},"geometry":{"type":"Polygon","coordinates":[[[-84.825,33.175],[-84.775,33.175],[-84.775,33.225],[-84.825,33.225],[-84.825,33.175]]]}},{"type":"Feature","properties":{"layer":"TEMPO NO2","transport":"Westward","timePeriod":"12:00-14:00 EDT Eastward","NO2":1.22093248,"unit":"10^15 molecules cm^-2"},"geometry":{"type":"Polygon","coordinates":[[[-84.775,33.175],[-84.725,33.175],[-84.725,33.225],[-84.775,33.225],[-84.775,33.175]]]}},{"type":"Feature","properties":{"layer":"TEMPO NO2","transport":"Westward","timePeriod":"12:00-14:00 EDT Eastward","NO2":1.43739557,"unit":"10^15 molecules cm^-2"},"geometry":{"type":"Polygon","coordinates":[[[-84.725,33.175],[-84.675,33.175],[-84.675,33.225],[-84.725,33.225],[-84.725,33.175]]]}},{"type":"Feature","properties":{"layer":"TEMPO NO2","transport":"Westward","timePeriod":"12:00-14:00 EDT Eastward","NO2":1.46670544,"unit":"10^15 molecules cm^-2"},"geometry":{"type":"Polygon","coordinates":[[[-84.675,33.175],[-84.625,33.175],[-84.625,33.225],[-84.675,33.225],[-84.675,33.175]]]}},{"type":"Feature","properties":{"layer":"TEMPO NO2","transport":"Westward","timePeriod":"12:00-14:00 EDT Eastward","NO2":1.47601151,"unit":"10^15 molecules cm^-2"},"geometry":{"type":"Polygon","coordinates":[[[-84.625,33.175],[-84.575,33.175],[-84.575,33.225],[-84.625,33.225],[-84.625,33.175]]]}},{"type":"Feature","properties":{"layer":"TEMPO NO2","transport":"Westward","timePeriod":"12:00-14:00 EDT Eastward","NO2":1.45004284,"unit":"10^15 molecules cm^-2"},"geometry":{"type":"Polygon","coordinates":[[[-84.575,33.175],[-84.525,33.175],[-84.525,33.225],[-84.575,33.225],[-84.575,33.175]]]}},{"type":"Feature","properties":{"layer":"TEMPO NO2","transport":"Westward","timePeriod":"12:00-14:00 EDT Eastward","NO2":1.51730132,"unit":"10^15 molecules cm^-2"},"geometry":{"type":"Polygon","coordinates":[[[-84.525,33.175],[-84.475,33.175],[-84.475,33.225],[-84.525,33.225],[-84.525,33.175]]]}},{"type":"Feature","properties":{"layer":"TEMPO NO2","transport":"Westward","timePeriod":"12:00-14:00 EDT Eastward","NO2":1.70833504,"unit":"10^15 molecules cm^-2"},"geometry":{"type":"Polygon","coordinates":[[[-84.475,33.175],[-84.425,33.175],[-84.425,33.225],[-84.475,33.225],[-84.475,33.175]]]}},{"type":"Feature","properties":{"layer":"TEMPO NO2","transport":"Westward","timePeriod":"12:00-14:00 EDT Eastward","NO2":1.56395125,"unit":"10^15 molecules cm^-2"},"geometry":{"type":"Polygon","coordinates":[[[-84.425,33.175],[-84.375,33.175],[-84.375,33.225],[-84.425,33.225],[-84.425,33.175]]]}},{"type":"Feature","properties":{"layer":"TEMPO NO2","transport":"Westward","timePeriod":"12:00-14:00 EDT Eastward","NO2":1.40335834,"unit":"10^15 molecules cm^-2"},"geometry":{"type":"Polygon","coordinates":[[[-84.375,33.175],[-84.325,33.175],[-84.325,33.225],[-84.375,33.225],[-84.375,33.175]]]}},{"type":"Feature","properties":{"layer":"TEMPO NO2","transport":"Westward","timePeriod":"12:00-14:00 EDT Eastward","NO2":1.52080572,"unit":"10^15 molecules cm^-2"},"geometry":{"type":"Polygon","coordinates":[[[-84.325,33.175],[-84.275,33.175],[-84.275,33.225],[-84.325,33.225],[-84.325,33.175]]]}},{"type":"Feature","properties":{"layer":"TEMPO NO2","transport":"Westward","timePeriod":"12:00-14:00 EDT Eastward","NO2":1.51018095,"unit":"10^15 molecules cm^-2"},"geometry":{"type":"Polygon","coordinates":[[[-84.275,33.175],[-84.225,33.175],[-84.225,33.225],[-84.275,33.225],[-84.275,33.175]]]}},{"type":"Feature","properties":{"layer":"TEMPO NO2","transport":"Westward","timePeriod":"12:00-14:00 EDT Eastward","NO2":1.47006583,"unit":"10^15 molecules cm^-2"},"geometry":{"type":"Polygon","coordinates":[[[-84.225,33.175],[-84.175,33.175],[-84.175,33.225],[-84.225,33.225],[-84.225,33.175]]]}},{"type":"Feature","properties":{"layer":"TEMPO NO2","transport":"Westward","timePeriod":"12:00-14:00 EDT Eastward","NO2":1.45745206,"unit":"10^15 molecules cm^-2"},"geometry":{"type":"Polygon","coordinates":[[[-84.175,33.175],[-84.125,33.175],[-84.125,33.225],[-84.175,33.225],[-84.175,33.175]]]}},{"type":"Feature","properties":{"layer":"TEMPO NO2","transport":"Westward","timePeriod":"12:00-14:00 EDT Eastward","NO2":1.39377773,"unit":"10^15 molecules cm^-2"},"geometry":{"type":"Polygon","coordinates":[[[-84.125,33.175],[-84.075,33.175],[-84.075,33.225],[-84.125,33.225],[-84.125,33.175]]]}},{"type":"Feature","properties":{"layer":"TEMPO NO2","transport":"Westward","timePeriod":"12:00-14:00 EDT Eastward","NO2":1.56715691,"unit":"10^15 molecules cm^-2"},"geometry":{"type":"Polygon","coordinates":[[[-84.075,33.175],[-84.025,33.175],[-84.025,33.225],[-84.075,33.225],[-84.075,33.175]]]}},{"type":"Feature","properties":{"layer":"TEMPO NO2","transport":"Westward","timePeriod":"12:00-14:00 EDT Eastward","NO2":1.53128195,"unit":"10^15 molecules cm^-2"},"geometry":{"type":"Polygon","coordinates":[[[-84.025,33.175],[-83.975,33.175],[-83.975,33.225],[-84.025,33.225],[-84.025,33.175]]]}},{"type":"Feature","properties":{"layer":"TEMPO NO2","transport":"Westward","timePeriod":"12:00-14:00 EDT Eastward","NO2":1.50803208,"unit":"10^15 molecules cm^-2"},"geometry":{"type":"Polygon","coordinates":[[[-83.975,33.175],[-83.925,33.175],[-83.925,33.225],[-83.975,33.225],[-83.975,33.175]]]}},{"type":"Feature","properties":{"layer":"TEMPO NO2","transport":"Westward","timePeriod":"12:00-14:00 EDT Eastward","NO2":1.40790522,"unit":"10^15 molecules cm^-2"},"geometry":{"type":"Polygon","coordinates":[[[-83.925,33.175],[-83.875,33.175],[-83.875,33.225],[-83.925,33.225],[-83.925,33.175]]]}},{"type":"Feature","properties":{"layer":"TEMPO NO2","transport":"Westward","timePeriod":"12:00-14:00 EDT Eastward","NO2":1.43241167,"unit":"10^15 molecules cm^-2"},"geometry":{"type":"Polygon","coordinates":[[[-83.875,33.175],[-83.825,33.175],[-83.825,33.225],[-83.875,33.225],[-83.875,33.175]]]}},{"type":"Feature","properties":{"layer":"TEMPO NO2","transport":"Westward","timePeriod":"12:00-14:00 EDT Eastward","NO2":1.50564718,"unit":"10^15 molecules cm^-2"},"geometry":{"type":"Polygon","coordinates":[[[-83.825,33.175],[-83.775,33.175],[-83.775,33.225],[-83.825,33.225],[-83.825,33.175]]]}},{"type":"Feature","properties":{"layer":"TEMPO NO2","transport":"Westward","timePeriod":"12:00-14:00 EDT Eastward","NO2":1.48781586,"unit":"10^15 molecules cm^-2"},"geometry":{"type":"Polygon","coordinates":[[[-84.975,33.225],[-84.925,33.225],[-84.925,33.275],[-84.975,33.275],[-84.975,33.225]]]}},{"type":"Feature","properties":{"layer":"TEMPO NO2","transport":"Westward","timePeriod":"12:00-14:00 EDT Eastward","NO2":1.32537556,"unit":"10^15 molecules cm^-2"},"geometry":{"type":"Polygon","coordinates":[[[-84.925,33.225],[-84.875,33.225],[-84.875,33.275],[-84.925,33.275],[-84.925,33.225]]]}},{"type":"Feature","properties":{"layer":"TEMPO NO2","transport":"Westward","timePeriod":"12:00-14:00 EDT Eastward","NO2":1.300138,"unit":"10^15 molecules cm^-2"},"geometry":{"type":"Polygon","coordinates":[[[-84.875,33.225],[-84.825,33.225],[-84.825,33.275],[-84.875,33.275],[-84.875,33.225]]]}},{"type":"Feature","properties":{"layer":"TEMPO NO2","transport":"Westward","timePeriod":"12:00-14:00 EDT Eastward","NO2":1.28509283,"unit":"10^15 molecules cm^-2"},"geometry":{"type":"Polygon","coordinates":[[[-84.825,33.225],[-84.775,33.225],[-84.775,33.275],[-84.825,33.275],[-84.825,33.225]]]}},{"type":"Feature","properties":{"layer":"TEMPO NO2","transport":"Westward","timePeriod":"12:00-14:00 EDT Eastward","NO2":1.41692376,"unit":"10^15 molecules cm^-2"},"geometry":{"type":"Polygon","coordinates":[[[-84.775,33.225],[-84.725,33.225],[-84.725,33.275],[-84.775,33.275],[-84.775,33.225]]]}},{"type":"Feature","properties":{"layer":"TEMPO NO2","transport":"Westward","timePeriod":"12:00-14:00 EDT Eastward","NO2":1.3952806,"unit":"10^15 molecules cm^-2"},"geometry":{"type":"Polygon","coordinates":[[[-84.725,33.225],[-84.675,33.225],[-84.675,33.275],[-84.725,33.275],[-84.725,33.225]]]}},{"type":"Feature","properties":{"layer":"TEMPO NO2","transport":"Westward","timePeriod":"12:00-14:00 EDT Eastward","NO2":1.33721232,"unit":"10^15 molecules cm^-2"},"geometry":{"type":"Polygon","coordinates":[[[-84.675,33.225],[-84.625,33.225],[-84.625,33.275],[-84.675,33.275],[-84.675,33.225]]]}},{"type":"Feature","properties":{"layer":"TEMPO NO2","transport":"Westward","timePeriod":"12:00-14:00 EDT Eastward","NO2":1.4522717,"unit":"10^15 molecules cm^-2"},"geometry":{"type":"Polygon","coordinates":[[[-84.625,33.225],[-84.575,33.225],[-84.575,33.275],[-84.625,33.275],[-84.625,33.225]]]}},{"type":"Feature","properties":{"layer":"TEMPO NO2","transport":"Westward","timePeriod":"12:00-14:00 EDT Eastward","NO2":1.48097205,"unit":"10^15 molecules cm^-2"},"geometry":{"type":"Polygon","coordinates":[[[-84.575,33.225],[-84.525,33.225],[-84.525,33.275],[-84.575,33.275],[-84.575,33.225]]]}},{"type":"Feature","properties":{"layer":"TEMPO NO2","transport":"Westward","timePeriod":"12:00-14:00 EDT Eastward","NO2":1.41911852,"unit":"10^15 molecules cm^-2"},"geometry":{"type":"Polygon","coordinates":[[[-84.525,33.225],[-84.475,33.225],[-84.475,33.275],[-84.525,33.275],[-84.525,33.225]]]}},{"type":"Feature","properties":{"layer":"TEMPO NO2","transport":"Westward","timePeriod":"12:00-14:00 EDT Eastward","NO2":1.63038909,"unit":"10^15 molecules cm^-2"},"geometry":{"type":"Polygon","coordinates":[[[-84.475,33.225],[-84.425,33.225],[-84.425,33.275],[-84.475,33.275],[-84.475,33.225]]]}},{"type":"Feature","properties":{"layer":"TEMPO NO2","transport":"Westward","timePeriod":"12:00-14:00 EDT Eastward","NO2":1.66888559,"unit":"10^15 molecules cm^-2"},"geometry":{"type":"Polygon","coordinates":[[[-84.425,33.225],[-84.375,33.225],[-84.375,33.275],[-84.425,33.275],[-84.425,33.225]]]}},{"type":"Feature","properties":{"layer":"TEMPO NO2","transport":"Westward","timePeriod":"12:00-14:00 EDT Eastward","NO2":1.61862206,"unit":"10^15 molecules cm^-2"},"geometry":{"type":"Polygon","coordinates":[[[-84.375,33.225],[-84.325,33.225],[-84.325,33.275],[-84.375,33.275],[-84.375,33.225]]]}},{"type":"Feature","properties":{"layer":"TEMPO NO2","transport":"Westward","timePeriod":"12:00-14:00 EDT Eastward","NO2":1.67640984,"unit":"10^15 molecules cm^-2"},"geometry":{"type":"Polygon","coordinates":[[[-84.325,33.225],[-84.275,33.225],[-84.275,33.275],[-84.325,33.275],[-84.325,33.225]]]}},{"type":"Feature","properties":{"layer":"TEMPO NO2","transport":"Westward","timePeriod":"12:00-14:00 EDT Eastward","NO2":1.59128165,"unit":"10^15 molecules cm^-2"},"geometry":{"type":"Polygon","coordinates":[[[-84.275,33.225],[-84.225,33.225],[-84.225,33.275],[-84.275,33.275],[-84.275,33.225]]]}},{"type":"Feature","properties":{"layer":"TEMPO NO2","transport":"Westward","timePeriod":"12:00-14:00 EDT Eastward","NO2":1.43660474,"unit":"10^15 molecules cm^-2"},"geometry":{"type":"Polygon","coordinates":[[[-84.225,33.225],[-84.175,33.225],[-84.175,33.275],[-84.225,33.275],[-84.225,33.225]]]}},{"type":"Feature","properties":{"layer":"TEMPO NO2","transport":"Westward","timePeriod":"12:00-14:00 EDT Eastward","NO2":1.52574956,"unit":"10^15 molecules cm^-2"},"geometry":{"type":"Polygon","coordinates":[[[-84.175,33.225],[-84.125,33.225],[-84.125,33.275],[-84.175,33.275],[-84.175,33.225]]]}},{"type":"Feature","properties":{"layer":"TEMPO NO2","transport":"Westward","timePeriod":"12:00-14:00 EDT Eastward","NO2":1.49523473,"unit":"10^15 molecules cm^-2"},"geometry":{"type":"Polygon","coordinates":[[[-84.125,33.225],[-84.075,33.225],[-84.075,33.275],[-84.125,33.275],[-84.125,33.225]]]}},{"type":"Feature","properties":{"layer":"TEMPO NO2","transport":"Westward","timePeriod":"12:00-14:00 EDT Eastward","NO2":1.59776556,"unit":"10^15 molecules cm^-2"},"geometry":{"type":"Polygon","coordinates":[[[-84.075,33.225],[-84.025,33.225],[-84.025,33.275],[-84.075,33.275],[-84.075,33.225]]]}},{"type":"Feature","properties":{"layer":"TEMPO NO2","transport":"Westward","timePeriod":"12:00-14:00 EDT Eastward","NO2":1.46645188,"unit":"10^15 molecules cm^-2"},"geometry":{"type":"Polygon","coordinates":[[[-84.025,33.225],[-83.975,33.225],[-83.975,33.275],[-84.025,33.275],[-84.025,33.225]]]}},{"type":"Feature","properties":{"layer":"TEMPO NO2","transport":"Westward","timePeriod":"12:00-14:00 EDT Eastward","NO2":1.51275969,"unit":"10^15 molecules cm^-2"},"geometry":{"type":"Polygon","coordinates":[[[-83.975,33.225],[-83.925,33.225],[-83.925,33.275],[-83.975,33.275],[-83.975,33.225]]]}},{"type":"Feature","properties":{"layer":"TEMPO NO2","transport":"Westward","timePeriod":"12:00-14:00 EDT Eastward","NO2":1.4324404,"unit":"10^15 molecules cm^-2"},"geometry":{"type":"Polygon","coordinates":[[[-83.925,33.225],[-83.875,33.225],[-83.875,33.275],[-83.925,33.275],[-83.925,33.225]]]}},{"type":"Feature","properties":{"layer":"TEMPO NO2","transport":"Westward","timePeriod":"12:00-14:00 EDT Eastward","NO2":1.43406391,"unit":"10^15 molecules cm^-2"},"geometry":{"type":"Polygon","coordinates":[[[-83.875,33.225],[-83.825,33.225],[-83.825,33.275],[-83.875,33.275],[-83.875,33.225]]]}},{"type":"Feature","properties":{"layer":"TEMPO NO2","transport":"Westward","timePeriod":"12:00-14:00 EDT Eastward","NO2":1.5579741,"unit":"10^15 molecules cm^-2"},"geometry":{"type":"Polygon","coordinates":[[[-83.825,33.225],[-83.775,33.225],[-83.775,33.275],[-83.825,33.275],[-83.825,33.225]]]}},{"type":"Feature","properties":{"layer":"TEMPO NO2","transport":"Westward","timePeriod":"12:00-14:00 EDT Eastward","NO2":1.48785317,"unit":"10^15 molecules cm^-2"},"geometry":{"type":"Polygon","coordinates":[[[-84.975,33.275],[-84.925,33.275],[-84.925,33.325],[-84.975,33.325],[-84.975,33.275]]]}},{"type":"Feature","properties":{"layer":"TEMPO NO2","transport":"Westward","timePeriod":"12:00-14:00 EDT Eastward","NO2":1.5860287,"unit":"10^15 molecules cm^-2"},"geometry":{"type":"Polygon","coordinates":[[[-84.925,33.275],[-84.875,33.275],[-84.875,33.325],[-84.925,33.325],[-84.925,33.275]]]}},{"type":"Feature","properties":{"layer":"TEMPO NO2","transport":"Westward","timePeriod":"12:00-14:00 EDT Eastward","NO2":1.4669764,"unit":"10^15 molecules cm^-2"},"geometry":{"type":"Polygon","coordinates":[[[-84.875,33.275],[-84.825,33.275],[-84.825,33.325],[-84.875,33.325],[-84.875,33.275]]]}},{"type":"Feature","properties":{"layer":"TEMPO NO2","transport":"Westward","timePeriod":"12:00-14:00 EDT Eastward","NO2":1.57607126,"unit":"10^15 molecules cm^-2"},"geometry":{"type":"Polygon","coordinates":[[[-84.825,33.275],[-84.775,33.275],[-84.775,33.325],[-84.825,33.325],[-84.825,33.275]]]}},{"type":"Feature","properties":{"layer":"TEMPO NO2","transport":"Westward","timePeriod":"12:00-14:00 EDT Eastward","NO2":1.57597959,"unit":"10^15 molecules cm^-2"},"geometry":{"type":"Polygon","coordinates":[[[-84.775,33.275],[-84.725,33.275],[-84.725,33.325],[-84.775,33.325],[-84.775,33.275]]]}},{"type":"Feature","properties":{"layer":"TEMPO NO2","transport":"Westward","timePeriod":"12:00-14:00 EDT Eastward","NO2":1.63848591,"unit":"10^15 molecules cm^-2"},"geometry":{"type":"Polygon","coordinates":[[[-84.725,33.275],[-84.675,33.275],[-84.675,33.325],[-84.725,33.325],[-84.725,33.275]]]}},{"type":"Feature","properties":{"layer":"TEMPO NO2","transport":"Westward","timePeriod":"12:00-14:00 EDT Eastward","NO2":1.62151194,"unit":"10^15 molecules cm^-2"},"geometry":{"type":"Polygon","coordinates":[[[-84.675,33.275],[-84.625,33.275],[-84.625,33.325],[-84.675,33.325],[-84.675,33.275]]]}},{"type":"Feature","properties":{"layer":"TEMPO NO2","transport":"Westward","timePeriod":"12:00-14:00 EDT Eastward","NO2":1.51823211,"unit":"10^15 molecules cm^-2"},"geometry":{"type":"Polygon","coordinates":[[[-84.625,33.275],[-84.575,33.275],[-84.575,33.325],[-84.625,33.325],[-84.625,33.275]]]}},{"type":"Feature","properties":{"layer":"TEMPO NO2","transport":"Westward","timePeriod":"12:00-14:00 EDT Eastward","NO2":1.21907377,"unit":"10^15 molecules cm^-2"},"geometry":{"type":"Polygon","coordinates":[[[-84.575,33.275],[-84.525,33.275],[-84.525,33.325],[-84.575,33.325],[-84.575,33.275]]]}},{"type":"Feature","properties":{"layer":"TEMPO NO2","transport":"Westward","timePeriod":"12:00-14:00 EDT Eastward","NO2":1.49546361,"unit":"10^15 molecules cm^-2"},"geometry":{"type":"Polygon","coordinates":[[[-84.525,33.275],[-84.475,33.275],[-84.475,33.325],[-84.525,33.325],[-84.525,33.275]]]}},{"type":"Feature","properties":{"layer":"TEMPO NO2","transport":"Westward","timePeriod":"12:00-14:00 EDT Eastward","NO2":1.53341258,"unit":"10^15 molecules cm^-2"},"geometry":{"type":"Polygon","coordinates":[[[-84.475,33.275],[-84.425,33.275],[-84.425,33.325],[-84.475,33.325],[-84.475,33.275]]]}},{"type":"Feature","properties":{"layer":"TEMPO NO2","transport":"Westward","timePeriod":"12:00-14:00 EDT Eastward","NO2":1.52640069,"unit":"10^15 molecules cm^-2"},"geometry":{"type":"Polygon","coordinates":[[[-84.425,33.275],[-84.375,33.275],[-84.375,33.325],[-84.425,33.325],[-84.425,33.275]]]}},{"type":"Feature","properties":{"layer":"TEMPO NO2","transport":"Westward","timePeriod":"12:00-14:00 EDT Eastward","NO2":1.58739913,"unit":"10^15 molecules cm^-2"},"geometry":{"type":"Polygon","coordinates":[[[-84.375,33.275],[-84.325,33.275],[-84.325,33.325],[-84.375,33.325],[-84.375,33.275]]]}},{"type":"Feature","properties":{"layer":"TEMPO NO2","transport":"Westward","timePeriod":"12:00-14:00 EDT Eastward","NO2":1.70391941,"unit":"10^15 molecules cm^-2"},"geometry":{"type":"Polygon","coordinates":[[[-84.325,33.275],[-84.275,33.275],[-84.275,33.325],[-84.325,33.325],[-84.325,33.275]]]}},{"type":"Feature","properties":{"layer":"TEMPO NO2","transport":"Westward","timePeriod":"12:00-14:00 EDT Eastward","NO2":1.63357317,"unit":"10^15 molecules cm^-2"},"geometry":{"type":"Polygon","coordinates":[[[-84.275,33.275],[-84.225,33.275],[-84.225,33.325],[-84.275,33.325],[-84.275,33.275]]]}},{"type":"Feature","properties":{"layer":"TEMPO NO2","transport":"Westward","timePeriod":"12:00-14:00 EDT Eastward","NO2":1.62583244,"unit":"10^15 molecules cm^-2"},"geometry":{"type":"Polygon","coordinates":[[[-84.225,33.275],[-84.175,33.275],[-84.175,33.325],[-84.225,33.325],[-84.225,33.275]]]}},{"type":"Feature","properties":{"layer":"TEMPO NO2","transport":"Westward","timePeriod":"12:00-14:00 EDT Eastward","NO2":1.65460455,"unit":"10^15 molecules cm^-2"},"geometry":{"type":"Polygon","coordinates":[[[-84.175,33.275],[-84.125,33.275],[-84.125,33.325],[-84.175,33.325],[-84.175,33.275]]]}},{"type":"Feature","properties":{"layer":"TEMPO NO2","transport":"Westward","timePeriod":"12:00-14:00 EDT Eastward","NO2":2.1818769,"unit":"10^15 molecules cm^-2"},"geometry":{"type":"Polygon","coordinates":[[[-84.125,33.275],[-84.075,33.275],[-84.075,33.325],[-84.125,33.325],[-84.125,33.275]]]}},{"type":"Feature","properties":{"layer":"TEMPO NO2","transport":"Westward","timePeriod":"12:00-14:00 EDT Eastward","NO2":1.66014099,"unit":"10^15 molecules cm^-2"},"geometry":{"type":"Polygon","coordinates":[[[-84.075,33.275],[-84.025,33.275],[-84.025,33.325],[-84.075,33.325],[-84.075,33.275]]]}},{"type":"Feature","properties":{"layer":"TEMPO NO2","transport":"Westward","timePeriod":"12:00-14:00 EDT Eastward","NO2":1.5129838,"unit":"10^15 molecules cm^-2"},"geometry":{"type":"Polygon","coordinates":[[[-84.025,33.275],[-83.975,33.275],[-83.975,33.325],[-84.025,33.325],[-84.025,33.275]]]}},{"type":"Feature","properties":{"layer":"TEMPO NO2","transport":"Westward","timePeriod":"12:00-14:00 EDT Eastward","NO2":1.39369535,"unit":"10^15 molecules cm^-2"},"geometry":{"type":"Polygon","coordinates":[[[-83.975,33.275],[-83.925,33.275],[-83.925,33.325],[-83.975,33.325],[-83.975,33.275]]]}},{"type":"Feature","properties":{"layer":"TEMPO NO2","transport":"Westward","timePeriod":"12:00-14:00 EDT Eastward","NO2":1.37106621,"unit":"10^15 molecules cm^-2"},"geometry":{"type":"Polygon","coordinates":[[[-83.925,33.275],[-83.875,33.275],[-83.875,33.325],[-83.925,33.325],[-83.925,33.275]]]}},{"type":"Feature","properties":{"layer":"TEMPO NO2","transport":"Westward","timePeriod":"12:00-14:00 EDT Eastward","NO2":1.56861079,"unit":"10^15 molecules cm^-2"},"geometry":{"type":"Polygon","coordinates":[[[-83.875,33.275],[-83.825,33.275],[-83.825,33.325],[-83.875,33.325],[-83.875,33.275]]]}},{"type":"Feature","properties":{"layer":"TEMPO NO2","transport":"Westward","timePeriod":"12:00-14:00 EDT Eastward","NO2":1.50721312,"unit":"10^15 molecules cm^-2"},"geometry":{"type":"Polygon","coordinates":[[[-83.825,33.275],[-83.775,33.275],[-83.775,33.325],[-83.825,33.325],[-83.825,33.275]]]}},{"type":"Feature","properties":{"layer":"TEMPO NO2","transport":"Westward","timePeriod":"12:00-14:00 EDT Eastward","NO2":1.37812841,"unit":"10^15 molecules cm^-2"},"geometry":{"type":"Polygon","coordinates":[[[-84.975,33.325],[-84.925,33.325],[-84.925,33.375],[-84.975,33.375],[-84.975,33.325]]]}},{"type":"Feature","properties":{"layer":"TEMPO NO2","transport":"Westward","timePeriod":"12:00-14:00 EDT Eastward","NO2":1.55169916,"unit":"10^15 molecules cm^-2"},"geometry":{"type":"Polygon","coordinates":[[[-84.925,33.325],[-84.875,33.325],[-84.875,33.375],[-84.925,33.375],[-84.925,33.325]]]}},{"type":"Feature","properties":{"layer":"TEMPO NO2","transport":"Westward","timePeriod":"12:00-14:00 EDT Eastward","NO2":1.38228345,"unit":"10^15 molecules cm^-2"},"geometry":{"type":"Polygon","coordinates":[[[-84.875,33.325],[-84.825,33.325],[-84.825,33.375],[-84.875,33.375],[-84.875,33.325]]]}},{"type":"Feature","properties":{"layer":"TEMPO NO2","transport":"Westward","timePeriod":"12:00-14:00 EDT Eastward","NO2":1.52262855,"unit":"10^15 molecules cm^-2"},"geometry":{"type":"Polygon","coordinates":[[[-84.825,33.325],[-84.775,33.325],[-84.775,33.375],[-84.825,33.375],[-84.825,33.325]]]}},{"type":"Feature","properties":{"layer":"TEMPO NO2","transport":"Westward","timePeriod":"12:00-14:00 EDT Eastward","NO2":1.50599849,"unit":"10^15 molecules cm^-2"},"geometry":{"type":"Polygon","coordinates":[[[-84.775,33.325],[-84.725,33.325],[-84.725,33.375],[-84.775,33.375],[-84.775,33.325]]]}},{"type":"Feature","properties":{"layer":"TEMPO NO2","transport":"Westward","timePeriod":"12:00-14:00 EDT Eastward","NO2":1.39304018,"unit":"10^15 molecules cm^-2"},"geometry":{"type":"Polygon","coordinates":[[[-84.725,33.325],[-84.675,33.325],[-84.675,33.375],[-84.725,33.375],[-84.725,33.325]]]}},{"type":"Feature","properties":{"layer":"TEMPO NO2","transport":"Westward","timePeriod":"12:00-14:00 EDT Eastward","NO2":1.62790644,"unit":"10^15 molecules cm^-2"},"geometry":{"type":"Polygon","coordinates":[[[-84.675,33.325],[-84.625,33.325],[-84.625,33.375],[-84.675,33.375],[-84.675,33.325]]]}},{"type":"Feature","properties":{"layer":"TEMPO NO2","transport":"Westward","timePeriod":"12:00-14:00 EDT Eastward","NO2":1.45947742,"unit":"10^15 molecules cm^-2"},"geometry":{"type":"Polygon","coordinates":[[[-84.625,33.325],[-84.575,33.325],[-84.575,33.375],[-84.625,33.375],[-84.625,33.325]]]}},{"type":"Feature","properties":{"layer":"TEMPO NO2","transport":"Westward","timePeriod":"12:00-14:00 EDT Eastward","NO2":1.71040881,"unit":"10^15 molecules cm^-2"},"geometry":{"type":"Polygon","coordinates":[[[-84.575,33.325],[-84.525,33.325],[-84.525,33.375],[-84.575,33.375],[-84.575,33.325]]]}},{"type":"Feature","properties":{"layer":"TEMPO NO2","transport":"Westward","timePeriod":"12:00-14:00 EDT Eastward","NO2":1.62361264,"unit":"10^15 molecules cm^-2"},"geometry":{"type":"Polygon","coordinates":[[[-84.525,33.325],[-84.475,33.325],[-84.475,33.375],[-84.525,33.375],[-84.525,33.325]]]}},{"type":"Feature","properties":{"layer":"TEMPO NO2","transport":"Westward","timePeriod":"12:00-14:00 EDT Eastward","NO2":1.5897032,"unit":"10^15 molecules cm^-2"},"geometry":{"type":"Polygon","coordinates":[[[-84.475,33.325],[-84.425,33.325],[-84.425,33.375],[-84.475,33.375],[-84.475,33.325]]]}},{"type":"Feature","properties":{"layer":"TEMPO NO2","transport":"Westward","timePeriod":"12:00-14:00 EDT Eastward","NO2":1.75495803,"unit":"10^15 molecules cm^-2"},"geometry":{"type":"Polygon","coordinates":[[[-84.425,33.325],[-84.375,33.325],[-84.375,33.375],[-84.425,33.375],[-84.425,33.325]]]}},{"type":"Feature","properties":{"layer":"TEMPO NO2","transport":"Westward","timePeriod":"12:00-14:00 EDT Eastward","NO2":1.68140733,"unit":"10^15 molecules cm^-2"},"geometry":{"type":"Polygon","coordinates":[[[-84.375,33.325],[-84.325,33.325],[-84.325,33.375],[-84.375,33.375],[-84.375,33.325]]]}},{"type":"Feature","properties":{"layer":"TEMPO NO2","transport":"Westward","timePeriod":"12:00-14:00 EDT Eastward","NO2":1.64263523,"unit":"10^15 molecules cm^-2"},"geometry":{"type":"Polygon","coordinates":[[[-84.325,33.325],[-84.275,33.325],[-84.275,33.375],[-84.325,33.375],[-84.325,33.325]]]}},{"type":"Feature","properties":{"layer":"TEMPO NO2","transport":"Westward","timePeriod":"12:00-14:00 EDT Eastward","NO2":1.74518919,"unit":"10^15 molecules cm^-2"},"geometry":{"type":"Polygon","coordinates":[[[-84.275,33.325],[-84.225,33.325],[-84.225,33.375],[-84.275,33.375],[-84.275,33.325]]]}},{"type":"Feature","properties":{"layer":"TEMPO NO2","transport":"Westward","timePeriod":"12:00-14:00 EDT Eastward","NO2":1.8256042,"unit":"10^15 molecules cm^-2"},"geometry":{"type":"Polygon","coordinates":[[[-84.225,33.325],[-84.175,33.325],[-84.175,33.375],[-84.225,33.375],[-84.225,33.325]]]}},{"type":"Feature","properties":{"layer":"TEMPO NO2","transport":"Westward","timePeriod":"12:00-14:00 EDT Eastward","NO2":1.67924428,"unit":"10^15 molecules cm^-2"},"geometry":{"type":"Polygon","coordinates":[[[-84.175,33.325],[-84.125,33.325],[-84.125,33.375],[-84.175,33.375],[-84.175,33.325]]]}},{"type":"Feature","properties":{"layer":"TEMPO NO2","transport":"Westward","timePeriod":"12:00-14:00 EDT Eastward","NO2":1.7447679,"unit":"10^15 molecules cm^-2"},"geometry":{"type":"Polygon","coordinates":[[[-84.125,33.325],[-84.075,33.325],[-84.075,33.375],[-84.125,33.375],[-84.125,33.325]]]}},{"type":"Feature","properties":{"layer":"TEMPO NO2","transport":"Westward","timePeriod":"12:00-14:00 EDT Eastward","NO2":1.63178182,"unit":"10^15 molecules cm^-2"},"geometry":{"type":"Polygon","coordinates":[[[-84.075,33.325],[-84.025,33.325],[-84.025,33.375],[-84.075,33.375],[-84.075,33.325]]]}},{"type":"Feature","properties":{"layer":"TEMPO NO2","transport":"Westward","timePeriod":"12:00-14:00 EDT Eastward","NO2":1.69705391,"unit":"10^15 molecules cm^-2"},"geometry":{"type":"Polygon","coordinates":[[[-84.025,33.325],[-83.975,33.325],[-83.975,33.375],[-84.025,33.375],[-84.025,33.325]]]}},{"type":"Feature","properties":{"layer":"TEMPO NO2","transport":"Westward","timePeriod":"12:00-14:00 EDT Eastward","NO2":1.53887391,"unit":"10^15 molecules cm^-2"},"geometry":{"type":"Polygon","coordinates":[[[-83.975,33.325],[-83.925,33.325],[-83.925,33.375],[-83.975,33.375],[-83.975,33.325]]]}},{"type":"Feature","properties":{"layer":"TEMPO NO2","transport":"Westward","timePeriod":"12:00-14:00 EDT Eastward","NO2":1.46719503,"unit":"10^15 molecules cm^-2"},"geometry":{"type":"Polygon","coordinates":[[[-83.925,33.325],[-83.875,33.325],[-83.875,33.375],[-83.925,33.375],[-83.925,33.325]]]}},{"type":"Feature","properties":{"layer":"TEMPO NO2","transport":"Westward","timePeriod":"12:00-14:00 EDT Eastward","NO2":1.43435645,"unit":"10^15 molecules cm^-2"},"geometry":{"type":"Polygon","coordinates":[[[-83.875,33.325],[-83.825,33.325],[-83.825,33.375],[-83.875,33.375],[-83.875,33.325]]]}},{"type":"Feature","properties":{"layer":"TEMPO NO2","transport":"Westward","timePeriod":"12:00-14:00 EDT Eastward","NO2":1.47633648,"unit":"10^15 molecules cm^-2"},"geometry":{"type":"Polygon","coordinates":[[[-83.825,33.325],[-83.775,33.325],[-83.775,33.375],[-83.825,33.375],[-83.825,33.325]]]}},{"type":"Feature","properties":{"layer":"TEMPO NO2","transport":"Westward","timePeriod":"12:00-14:00 EDT Eastward","NO2":1.64583969,"unit":"10^15 molecules cm^-2"},"geometry":{"type":"Polygon","coordinates":[[[-84.975,33.375],[-84.925,33.375],[-84.925,33.425],[-84.975,33.425],[-84.975,33.375]]]}},{"type":"Feature","properties":{"layer":"TEMPO NO2","transport":"Westward","timePeriod":"12:00-14:00 EDT Eastward","NO2":1.57630682,"unit":"10^15 molecules cm^-2"},"geometry":{"type":"Polygon","coordinates":[[[-84.925,33.375],[-84.875,33.375],[-84.875,33.425],[-84.925,33.425],[-84.925,33.375]]]}},{"type":"Feature","properties":{"layer":"TEMPO NO2","transport":"Westward","timePeriod":"12:00-14:00 EDT Eastward","NO2":1.62933373,"unit":"10^15 molecules cm^-2"},"geometry":{"type":"Polygon","coordinates":[[[-84.875,33.375],[-84.825,33.375],[-84.825,33.425],[-84.875,33.425],[-84.875,33.375]]]}},{"type":"Feature","properties":{"layer":"TEMPO NO2","transport":"Westward","timePeriod":"12:00-14:00 EDT Eastward","NO2":1.66940117,"unit":"10^15 molecules cm^-2"},"geometry":{"type":"Polygon","coordinates":[[[-84.825,33.375],[-84.775,33.375],[-84.775,33.425],[-84.825,33.425],[-84.825,33.375]]]}},{"type":"Feature","properties":{"layer":"TEMPO NO2","transport":"Westward","timePeriod":"12:00-14:00 EDT Eastward","NO2":1.65625429,"unit":"10^15 molecules cm^-2"},"geometry":{"type":"Polygon","coordinates":[[[-84.775,33.375],[-84.725,33.375],[-84.725,33.425],[-84.775,33.425],[-84.775,33.375]]]}},{"type":"Feature","properties":{"layer":"TEMPO NO2","transport":"Westward","timePeriod":"12:00-14:00 EDT Eastward","NO2":1.59041071,"unit":"10^15 molecules cm^-2"},"geometry":{"type":"Polygon","coordinates":[[[-84.725,33.375],[-84.675,33.375],[-84.675,33.425],[-84.725,33.425],[-84.725,33.375]]]}},{"type":"Feature","properties":{"layer":"TEMPO NO2","transport":"Westward","timePeriod":"12:00-14:00 EDT Eastward","NO2":1.71465111,"unit":"10^15 molecules cm^-2"},"geometry":{"type":"Polygon","coordinates":[[[-84.675,33.375],[-84.625,33.375],[-84.625,33.425],[-84.675,33.425],[-84.675,33.375]]]}},{"type":"Feature","properties":{"layer":"TEMPO NO2","transport":"Westward","timePeriod":"12:00-14:00 EDT Eastward","NO2":1.64178681,"unit":"10^15 molecules cm^-2"},"geometry":{"type":"Polygon","coordinates":[[[-84.625,33.375],[-84.575,33.375],[-84.575,33.425],[-84.625,33.425],[-84.625,33.375]]]}},{"type":"Feature","properties":{"layer":"TEMPO NO2","transport":"Westward","timePeriod":"12:00-14:00 EDT Eastward","NO2":1.6071595,"unit":"10^15 molecules cm^-2"},"geometry":{"type":"Polygon","coordinates":[[[-84.575,33.375],[-84.525,33.375],[-84.525,33.425],[-84.575,33.425],[-84.575,33.375]]]}},{"type":"Feature","properties":{"layer":"TEMPO NO2","transport":"Westward","timePeriod":"12:00-14:00 EDT Eastward","NO2":1.81622922,"unit":"10^15 molecules cm^-2"},"geometry":{"type":"Polygon","coordinates":[[[-84.525,33.375],[-84.475,33.375],[-84.475,33.425],[-84.525,33.425],[-84.525,33.375]]]}},{"type":"Feature","properties":{"layer":"TEMPO NO2","transport":"Westward","timePeriod":"12:00-14:00 EDT Eastward","NO2":1.74144375,"unit":"10^15 molecules cm^-2"},"geometry":{"type":"Polygon","coordinates":[[[-84.475,33.375],[-84.425,33.375],[-84.425,33.425],[-84.475,33.425],[-84.475,33.375]]]}},{"type":"Feature","properties":{"layer":"TEMPO NO2","transport":"Westward","timePeriod":"12:00-14:00 EDT Eastward","NO2":1.71202326,"unit":"10^15 molecules cm^-2"},"geometry":{"type":"Polygon","coordinates":[[[-84.425,33.375],[-84.375,33.375],[-84.375,33.425],[-84.425,33.425],[-84.425,33.375]]]}},{"type":"Feature","properties":{"layer":"TEMPO NO2","transport":"Westward","timePeriod":"12:00-14:00 EDT Eastward","NO2":1.89367843,"unit":"10^15 molecules cm^-2"},"geometry":{"type":"Polygon","coordinates":[[[-84.375,33.375],[-84.325,33.375],[-84.325,33.425],[-84.375,33.425],[-84.375,33.375]]]}},{"type":"Feature","properties":{"layer":"TEMPO NO2","transport":"Westward","timePeriod":"12:00-14:00 EDT Eastward","NO2":1.82919061,"unit":"10^15 molecules cm^-2"},"geometry":{"type":"Polygon","coordinates":[[[-84.325,33.375],[-84.275,33.375],[-84.275,33.425],[-84.325,33.425],[-84.325,33.375]]]}},{"type":"Feature","properties":{"layer":"TEMPO NO2","transport":"Westward","timePeriod":"12:00-14:00 EDT Eastward","NO2":1.56099033,"unit":"10^15 molecules cm^-2"},"geometry":{"type":"Polygon","coordinates":[[[-84.275,33.375],[-84.225,33.375],[-84.225,33.425],[-84.275,33.425],[-84.275,33.375]]]}},{"type":"Feature","properties":{"layer":"TEMPO NO2","transport":"Westward","timePeriod":"12:00-14:00 EDT Eastward","NO2":1.6864109,"unit":"10^15 molecules cm^-2"},"geometry":{"type":"Polygon","coordinates":[[[-84.225,33.375],[-84.175,33.375],[-84.175,33.425],[-84.225,33.425],[-84.225,33.375]]]}},{"type":"Feature","properties":{"layer":"TEMPO NO2","transport":"Westward","timePeriod":"12:00-14:00 EDT Eastward","NO2":1.66346502,"unit":"10^15 molecules cm^-2"},"geometry":{"type":"Polygon","coordinates":[[[-84.175,33.375],[-84.125,33.375],[-84.125,33.425],[-84.175,33.425],[-84.175,33.375]]]}},{"type":"Feature","properties":{"layer":"TEMPO NO2","transport":"Westward","timePeriod":"12:00-14:00 EDT Eastward","NO2":2.0722537,"unit":"10^15 molecules cm^-2"},"geometry":{"type":"Polygon","coordinates":[[[-84.125,33.375],[-84.075,33.375],[-84.075,33.425],[-84.125,33.425],[-84.125,33.375]]]}},{"type":"Feature","properties":{"layer":"TEMPO NO2","transport":"Westward","timePeriod":"12:00-14:00 EDT Eastward","NO2":1.98426712,"unit":"10^15 molecules cm^-2"},"geometry":{"type":"Polygon","coordinates":[[[-84.075,33.375],[-84.025,33.375],[-84.025,33.425],[-84.075,33.425],[-84.075,33.375]]]}},{"type":"Feature","properties":{"layer":"TEMPO NO2","transport":"Westward","timePeriod":"12:00-14:00 EDT Eastward","NO2":1.84156251,"unit":"10^15 molecules cm^-2"},"geometry":{"type":"Polygon","coordinates":[[[-84.025,33.375],[-83.975,33.375],[-83.975,33.425],[-84.025,33.425],[-84.025,33.375]]]}},{"type":"Feature","properties":{"layer":"TEMPO NO2","transport":"Westward","timePeriod":"12:00-14:00 EDT Eastward","NO2":1.91105926,"unit":"10^15 molecules cm^-2"},"geometry":{"type":"Polygon","coordinates":[[[-83.975,33.375],[-83.925,33.375],[-83.925,33.425],[-83.975,33.425],[-83.975,33.375]]]}},{"type":"Feature","properties":{"layer":"TEMPO NO2","transport":"Westward","timePeriod":"12:00-14:00 EDT Eastward","NO2":1.71380961,"unit":"10^15 molecules cm^-2"},"geometry":{"type":"Polygon","coordinates":[[[-83.925,33.375],[-83.875,33.375],[-83.875,33.425],[-83.925,33.425],[-83.925,33.375]]]}},{"type":"Feature","properties":{"layer":"TEMPO NO2","transport":"Westward","timePeriod":"12:00-14:00 EDT Eastward","NO2":1.51781726,"unit":"10^15 molecules cm^-2"},"geometry":{"type":"Polygon","coordinates":[[[-83.875,33.375],[-83.825,33.375],[-83.825,33.425],[-83.875,33.425],[-83.875,33.375]]]}},{"type":"Feature","properties":{"layer":"TEMPO NO2","transport":"Westward","timePeriod":"12:00-14:00 EDT Eastward","NO2":1.50038993,"unit":"10^15 molecules cm^-2"},"geometry":{"type":"Polygon","coordinates":[[[-83.825,33.375],[-83.775,33.375],[-83.775,33.425],[-83.825,33.425],[-83.825,33.375]]]}},{"type":"Feature","properties":{"layer":"TEMPO NO2","transport":"Westward","timePeriod":"12:00-14:00 EDT Eastward","NO2":1.47911274,"unit":"10^15 molecules cm^-2"},"geometry":{"type":"Polygon","coordinates":[[[-84.975,33.425],[-84.925,33.425],[-84.925,33.475],[-84.975,33.475],[-84.975,33.425]]]}},{"type":"Feature","properties":{"layer":"TEMPO NO2","transport":"Westward","timePeriod":"12:00-14:00 EDT Eastward","NO2":1.57614768,"unit":"10^15 molecules cm^-2"},"geometry":{"type":"Polygon","coordinates":[[[-84.925,33.425],[-84.875,33.425],[-84.875,33.475],[-84.925,33.475],[-84.925,33.425]]]}},{"type":"Feature","properties":{"layer":"TEMPO NO2","transport":"Westward","timePeriod":"12:00-14:00 EDT Eastward","NO2":1.65657926,"unit":"10^15 molecules cm^-2"},"geometry":{"type":"Polygon","coordinates":[[[-84.875,33.425],[-84.825,33.425],[-84.825,33.475],[-84.875,33.475],[-84.875,33.425]]]}},{"type":"Feature","properties":{"layer":"TEMPO NO2","transport":"Westward","timePeriod":"12:00-14:00 EDT Eastward","NO2":1.60648596,"unit":"10^15 molecules cm^-2"},"geometry":{"type":"Polygon","coordinates":[[[-84.825,33.425],[-84.775,33.425],[-84.775,33.475],[-84.825,33.475],[-84.825,33.425]]]}},{"type":"Feature","properties":{"layer":"TEMPO NO2","transport":"Westward","timePeriod":"12:00-14:00 EDT Eastward","NO2":1.9226464,"unit":"10^15 molecules cm^-2"},"geometry":{"type":"Polygon","coordinates":[[[-84.775,33.425],[-84.725,33.425],[-84.725,33.475],[-84.775,33.475],[-84.775,33.425]]]}},{"type":"Feature","properties":{"layer":"TEMPO NO2","transport":"Westward","timePeriod":"12:00-14:00 EDT Eastward","NO2":1.65479875,"unit":"10^15 molecules cm^-2"},"geometry":{"type":"Polygon","coordinates":[[[-84.725,33.425],[-84.675,33.425],[-84.675,33.475],[-84.725,33.475],[-84.725,33.425]]]}},{"type":"Feature","properties":{"layer":"TEMPO NO2","transport":"Westward","timePeriod":"12:00-14:00 EDT Eastward","NO2":1.59828234,"unit":"10^15 molecules cm^-2"},"geometry":{"type":"Polygon","coordinates":[[[-84.675,33.425],[-84.625,33.425],[-84.625,33.475],[-84.675,33.475],[-84.675,33.425]]]}},{"type":"Feature","properties":{"layer":"TEMPO NO2","transport":"Westward","timePeriod":"12:00-14:00 EDT Eastward","NO2":1.68550861,"unit":"10^15 molecules cm^-2"},"geometry":{"type":"Polygon","coordinates":[[[-84.625,33.425],[-84.575,33.425],[-84.575,33.475],[-84.625,33.475],[-84.625,33.425]]]}},{"type":"Feature","properties":{"layer":"TEMPO NO2","transport":"Westward","timePeriod":"12:00-14:00 EDT Eastward","NO2":1.80893648,"unit":"10^15 molecules cm^-2"},"geometry":{"type":"Polygon","coordinates":[[[-84.575,33.425],[-84.525,33.425],[-84.525,33.475],[-84.575,33.475],[-84.575,33.425]]]}},{"type":"Feature","properties":{"layer":"TEMPO NO2","transport":"Westward","timePeriod":"12:00-14:00 EDT Eastward","NO2":1.90632832,"unit":"10^15 molecules cm^-2"},"geometry":{"type":"Polygon","coordinates":[[[-84.525,33.425],[-84.475,33.425],[-84.475,33.475],[-84.525,33.475],[-84.525,33.425]]]}},{"type":"Feature","properties":{"layer":"TEMPO NO2","transport":"Westward","timePeriod":"12:00-14:00 EDT Eastward","NO2":1.7944572,"unit":"10^15 molecules cm^-2"},"geometry":{"type":"Polygon","coordinates":[[[-84.475,33.425],[-84.425,33.425],[-84.425,33.475],[-84.475,33.475],[-84.475,33.425]]]}},{"type":"Feature","properties":{"layer":"TEMPO NO2","transport":"Westward","timePeriod":"12:00-14:00 EDT Eastward","NO2":1.75436556,"unit":"10^15 molecules cm^-2"},"geometry":{"type":"Polygon","coordinates":[[[-84.425,33.425],[-84.375,33.425],[-84.375,33.475],[-84.425,33.475],[-84.425,33.425]]]}},{"type":"Feature","properties":{"layer":"TEMPO NO2","transport":"Westward","timePeriod":"12:00-14:00 EDT Eastward","NO2":1.756464,"unit":"10^15 molecules cm^-2"},"geometry":{"type":"Polygon","coordinates":[[[-84.375,33.425],[-84.325,33.425],[-84.325,33.475],[-84.375,33.475],[-84.375,33.425]]]}},{"type":"Feature","properties":{"layer":"TEMPO NO2","transport":"Westward","timePeriod":"12:00-14:00 EDT Eastward","NO2":1.95800793,"unit":"10^15 molecules cm^-2"},"geometry":{"type":"Polygon","coordinates":[[[-84.325,33.425],[-84.275,33.425],[-84.275,33.475],[-84.325,33.475],[-84.325,33.425]]]}},{"type":"Feature","properties":{"layer":"TEMPO NO2","transport":"Westward","timePeriod":"12:00-14:00 EDT Eastward","NO2":2.1005342,"unit":"10^15 molecules cm^-2"},"geometry":{"type":"Polygon","coordinates":[[[-84.275,33.425],[-84.225,33.425],[-84.225,33.475],[-84.275,33.475],[-84.275,33.425]]]}},{"type":"Feature","properties":{"layer":"TEMPO NO2","transport":"Westward","timePeriod":"12:00-14:00 EDT Eastward","NO2":2.31275034,"unit":"10^15 molecules cm^-2"},"geometry":{"type":"Polygon","coordinates":[[[-84.225,33.425],[-84.175,33.425],[-84.175,33.475],[-84.225,33.475],[-84.225,33.425]]]}},{"type":"Feature","properties":{"layer":"TEMPO NO2","transport":"Westward","timePeriod":"12:00-14:00 EDT Eastward","NO2":2.56215096,"unit":"10^15 molecules cm^-2"},"geometry":{"type":"Polygon","coordinates":[[[-84.175,33.425],[-84.125,33.425],[-84.125,33.475],[-84.175,33.475],[-84.175,33.425]]]}},{"type":"Feature","properties":{"layer":"TEMPO NO2","transport":"Westward","timePeriod":"12:00-14:00 EDT Eastward","NO2":2.11792231,"unit":"10^15 molecules cm^-2"},"geometry":{"type":"Polygon","coordinates":[[[-84.125,33.425],[-84.075,33.425],[-84.075,33.475],[-84.125,33.475],[-84.125,33.425]]]}},{"type":"Feature","properties":{"layer":"TEMPO NO2","transport":"Westward","timePeriod":"12:00-14:00 EDT Eastward","NO2":1.84172571,"unit":"10^15 molecules cm^-2"},"geometry":{"type":"Polygon","coordinates":[[[-84.075,33.425],[-84.025,33.425],[-84.025,33.475],[-84.075,33.475],[-84.075,33.425]]]}},{"type":"Feature","properties":{"layer":"TEMPO NO2","transport":"Westward","timePeriod":"12:00-14:00 EDT Eastward","NO2":1.87234259,"unit":"10^15 molecules cm^-2"},"geometry":{"type":"Polygon","coordinates":[[[-84.025,33.425],[-83.975,33.425],[-83.975,33.475],[-84.025,33.475],[-84.025,33.425]]]}},{"type":"Feature","properties":{"layer":"TEMPO NO2","transport":"Westward","timePeriod":"12:00-14:00 EDT Eastward","NO2":1.8053478,"unit":"10^15 molecules cm^-2"},"geometry":{"type":"Polygon","coordinates":[[[-83.975,33.425],[-83.925,33.425],[-83.925,33.475],[-83.975,33.475],[-83.975,33.425]]]}},{"type":"Feature","properties":{"layer":"TEMPO NO2","transport":"Westward","timePeriod":"12:00-14:00 EDT Eastward","NO2":1.71016133,"unit":"10^15 molecules cm^-2"},"geometry":{"type":"Polygon","coordinates":[[[-83.925,33.425],[-83.875,33.425],[-83.875,33.475],[-83.925,33.475],[-83.925,33.425]]]}},{"type":"Feature","properties":{"layer":"TEMPO NO2","transport":"Westward","timePeriod":"12:00-14:00 EDT Eastward","NO2":1.73195195,"unit":"10^15 molecules cm^-2"},"geometry":{"type":"Polygon","coordinates":[[[-83.875,33.425],[-83.825,33.425],[-83.825,33.475],[-83.875,33.475],[-83.875,33.425]]]}},{"type":"Feature","properties":{"layer":"TEMPO NO2","transport":"Westward","timePeriod":"12:00-14:00 EDT Eastward","NO2":1.61149704,"unit":"10^15 molecules cm^-2"},"geometry":{"type":"Polygon","coordinates":[[[-83.825,33.425],[-83.775,33.425],[-83.775,33.475],[-83.825,33.475],[-83.825,33.425]]]}},{"type":"Feature","properties":{"layer":"TEMPO NO2","transport":"Westward","timePeriod":"12:00-14:00 EDT Eastward","NO2":1.49428105,"unit":"10^15 molecules cm^-2"},"geometry":{"type":"Polygon","coordinates":[[[-84.975,33.475],[-84.925,33.475],[-84.925,33.525],[-84.975,33.525],[-84.975,33.475]]]}},{"type":"Feature","properties":{"layer":"TEMPO NO2","transport":"Westward","timePeriod":"12:00-14:00 EDT Eastward","NO2":1.78138161,"unit":"10^15 molecules cm^-2"},"geometry":{"type":"Polygon","coordinates":[[[-84.925,33.475],[-84.875,33.475],[-84.875,33.525],[-84.925,33.525],[-84.925,33.475]]]}},{"type":"Feature","properties":{"layer":"TEMPO NO2","transport":"Westward","timePeriod":"12:00-14:00 EDT Eastward","NO2":1.7505455,"unit":"10^15 molecules cm^-2"},"geometry":{"type":"Polygon","coordinates":[[[-84.875,33.475],[-84.825,33.475],[-84.825,33.525],[-84.875,33.525],[-84.875,33.475]]]}},{"type":"Feature","properties":{"layer":"TEMPO NO2","transport":"Westward","timePeriod":"12:00-14:00 EDT Eastward","NO2":1.67775333,"unit":"10^15 molecules cm^-2"},"geometry":{"type":"Polygon","coordinates":[[[-84.825,33.475],[-84.775,33.475],[-84.775,33.525],[-84.825,33.525],[-84.825,33.475]]]}},{"type":"Feature","properties":{"layer":"TEMPO NO2","transport":"Westward","timePeriod":"12:00-14:00 EDT Eastward","NO2":1.7171855,"unit":"10^15 molecules cm^-2"},"geometry":{"type":"Polygon","coordinates":[[[-84.775,33.475],[-84.725,33.475],[-84.725,33.525],[-84.775,33.525],[-84.775,33.475]]]}},{"type":"Feature","properties":{"layer":"TEMPO NO2","transport":"Westward","timePeriod":"12:00-14:00 EDT Eastward","NO2":1.68241346,"unit":"10^15 molecules cm^-2"},"geometry":{"type":"Polygon","coordinates":[[[-84.725,33.475],[-84.675,33.475],[-84.675,33.525],[-84.725,33.525],[-84.725,33.475]]]}},{"type":"Feature","properties":{"layer":"TEMPO NO2","transport":"Westward","timePeriod":"12:00-14:00 EDT Eastward","NO2":1.79782021,"unit":"10^15 molecules cm^-2"},"geometry":{"type":"Polygon","coordinates":[[[-84.675,33.475],[-84.625,33.475],[-84.625,33.525],[-84.675,33.525],[-84.675,33.475]]]}},{"type":"Feature","properties":{"layer":"TEMPO NO2","transport":"Westward","timePeriod":"12:00-14:00 EDT Eastward","NO2":1.80179369,"unit":"10^15 molecules cm^-2"},"geometry":{"type":"Polygon","coordinates":[[[-84.625,33.475],[-84.575,33.475],[-84.575,33.525],[-84.625,33.525],[-84.625,33.475]]]}},{"type":"Feature","properties":{"layer":"TEMPO NO2","transport":"Westward","timePeriod":"12:00-14:00 EDT Eastward","NO2":1.85600901,"unit":"10^15 molecules cm^-2"},"geometry":{"type":"Polygon","coordinates":[[[-84.575,33.475],[-84.525,33.475],[-84.525,33.525],[-84.575,33.525],[-84.575,33.475]]]}},{"type":"Feature","properties":{"layer":"TEMPO NO2","transport":"Westward","timePeriod":"12:00-14:00 EDT Eastward","NO2":2.12210345,"unit":"10^15 molecules cm^-2"},"geometry":{"type":"Polygon","coordinates":[[[-84.525,33.475],[-84.475,33.475],[-84.475,33.525],[-84.525,33.525],[-84.525,33.475]]]}},{"type":"Feature","properties":{"layer":"TEMPO NO2","transport":"Westward","timePeriod":"12:00-14:00 EDT Eastward","NO2":2.19431806,"unit":"10^15 molecules cm^-2"},"geometry":{"type":"Polygon","coordinates":[[[-84.475,33.475],[-84.425,33.475],[-84.425,33.525],[-84.475,33.525],[-84.475,33.475]]]}},{"type":"Feature","properties":{"layer":"TEMPO NO2","transport":"Westward","timePeriod":"12:00-14:00 EDT Eastward","NO2":2.17420435,"unit":"10^15 molecules cm^-2"},"geometry":{"type":"Polygon","coordinates":[[[-84.425,33.475],[-84.375,33.475],[-84.375,33.525],[-84.425,33.525],[-84.425,33.475]]]}},{"type":"Feature","properties":{"layer":"TEMPO NO2","transport":"Westward","timePeriod":"12:00-14:00 EDT Eastward","NO2":2.19568276,"unit":"10^15 molecules cm^-2"},"geometry":{"type":"Polygon","coordinates":[[[-84.375,33.475],[-84.325,33.475],[-84.325,33.525],[-84.375,33.525],[-84.375,33.475]]]}},{"type":"Feature","properties":{"layer":"TEMPO NO2","transport":"Westward","timePeriod":"12:00-14:00 EDT Eastward","NO2":2.05819106,"unit":"10^15 molecules cm^-2"},"geometry":{"type":"Polygon","coordinates":[[[-84.325,33.475],[-84.275,33.475],[-84.275,33.525],[-84.325,33.525],[-84.325,33.475]]]}},{"type":"Feature","properties":{"layer":"TEMPO NO2","transport":"Westward","timePeriod":"12:00-14:00 EDT Eastward","NO2":2.36389184,"unit":"10^15 molecules cm^-2"},"geometry":{"type":"Polygon","coordinates":[[[-84.275,33.475],[-84.225,33.475],[-84.225,33.525],[-84.275,33.525],[-84.275,33.475]]]}},{"type":"Feature","properties":{"layer":"TEMPO NO2","transport":"Westward","timePeriod":"12:00-14:00 EDT Eastward","NO2":2.42069817,"unit":"10^15 molecules cm^-2"},"geometry":{"type":"Polygon","coordinates":[[[-84.225,33.475],[-84.175,33.475],[-84.175,33.525],[-84.225,33.525],[-84.225,33.475]]]}},{"type":"Feature","properties":{"layer":"TEMPO NO2","transport":"Westward","timePeriod":"12:00-14:00 EDT Eastward","NO2":2.41008449,"unit":"10^15 molecules cm^-2"},"geometry":{"type":"Polygon","coordinates":[[[-84.175,33.475],[-84.125,33.475],[-84.125,33.525],[-84.175,33.525],[-84.175,33.475]]]}},{"type":"Feature","properties":{"layer":"TEMPO NO2","transport":"Westward","timePeriod":"12:00-14:00 EDT Eastward","NO2":2.29800487,"unit":"10^15 molecules cm^-2"},"geometry":{"type":"Polygon","coordinates":[[[-84.125,33.475],[-84.075,33.475],[-84.075,33.525],[-84.125,33.525],[-84.125,33.475]]]}},{"type":"Feature","properties":{"layer":"TEMPO NO2","transport":"Westward","timePeriod":"12:00-14:00 EDT Eastward","NO2":2.07003117,"unit":"10^15 molecules cm^-2"},"geometry":{"type":"Polygon","coordinates":[[[-84.075,33.475],[-84.025,33.475],[-84.025,33.525],[-84.075,33.525],[-84.075,33.475]]]}},{"type":"Feature","properties":{"layer":"TEMPO NO2","transport":"Westward","timePeriod":"12:00-14:00 EDT Eastward","NO2":1.73313761,"unit":"10^15 molecules cm^-2"},"geometry":{"type":"Polygon","coordinates":[[[-84.025,33.475],[-83.975,33.475],[-83.975,33.525],[-84.025,33.525],[-84.025,33.475]]]}},{"type":"Feature","properties":{"layer":"TEMPO NO2","transport":"Westward","timePeriod":"12:00-14:00 EDT Eastward","NO2":1.67745447,"unit":"10^15 molecules cm^-2"},"geometry":{"type":"Polygon","coordinates":[[[-83.975,33.475],[-83.925,33.475],[-83.925,33.525],[-83.975,33.525],[-83.975,33.475]]]}},{"type":"Feature","properties":{"layer":"TEMPO NO2","transport":"Westward","timePeriod":"12:00-14:00 EDT Eastward","NO2":1.74148,"unit":"10^15 molecules cm^-2"},"geometry":{"type":"Polygon","coordinates":[[[-83.925,33.475],[-83.875,33.475],[-83.875,33.525],[-83.925,33.525],[-83.925,33.475]]]}},{"type":"Feature","properties":{"layer":"TEMPO NO2","transport":"Westward","timePeriod":"12:00-14:00 EDT Eastward","NO2":1.6008625,"unit":"10^15 molecules cm^-2"},"geometry":{"type":"Polygon","coordinates":[[[-83.875,33.475],[-83.825,33.475],[-83.825,33.525],[-83.875,33.525],[-83.875,33.475]]]}},{"type":"Feature","properties":{"layer":"TEMPO NO2","transport":"Westward","timePeriod":"12:00-14:00 EDT Eastward","NO2":1.48582,"unit":"10^15 molecules cm^-2"},"geometry":{"type":"Polygon","coordinates":[[[-83.825,33.475],[-83.775,33.475],[-83.775,33.525],[-83.825,33.525],[-83.825,33.475]]]}},{"type":"Feature","properties":{"layer":"TEMPO NO2","transport":"Westward","timePeriod":"12:00-14:00 EDT Eastward","NO2":1.43884516,"unit":"10^15 molecules cm^-2"},"geometry":{"type":"Polygon","coordinates":[[[-84.975,33.525],[-84.925,33.525],[-84.925,33.575],[-84.975,33.575],[-84.975,33.525]]]}},{"type":"Feature","properties":{"layer":"TEMPO NO2","transport":"Westward","timePeriod":"12:00-14:00 EDT Eastward","NO2":1.50229752,"unit":"10^15 molecules cm^-2"},"geometry":{"type":"Polygon","coordinates":[[[-84.925,33.525],[-84.875,33.525],[-84.875,33.575],[-84.925,33.575],[-84.925,33.525]]]}},{"type":"Feature","properties":{"layer":"TEMPO NO2","transport":"Westward","timePeriod":"12:00-14:00 EDT Eastward","NO2":1.58984125,"unit":"10^15 molecules cm^-2"},"geometry":{"type":"Polygon","coordinates":[[[-84.875,33.525],[-84.825,33.525],[-84.825,33.575],[-84.875,33.575],[-84.875,33.525]]]}},{"type":"Feature","properties":{"layer":"TEMPO NO2","transport":"Westward","timePeriod":"12:00-14:00 EDT Eastward","NO2":1.58942902,"unit":"10^15 molecules cm^-2"},"geometry":{"type":"Polygon","coordinates":[[[-84.825,33.525],[-84.775,33.525],[-84.775,33.575],[-84.825,33.575],[-84.825,33.525]]]}},{"type":"Feature","properties":{"layer":"TEMPO NO2","transport":"Westward","timePeriod":"12:00-14:00 EDT Eastward","NO2":1.63826108,"unit":"10^15 molecules cm^-2"},"geometry":{"type":"Polygon","coordinates":[[[-84.775,33.525],[-84.725,33.525],[-84.725,33.575],[-84.775,33.575],[-84.775,33.525]]]}},{"type":"Feature","properties":{"layer":"TEMPO NO2","transport":"Westward","timePeriod":"12:00-14:00 EDT Eastward","NO2":1.69197273,"unit":"10^15 molecules cm^-2"},"geometry":{"type":"Polygon","coordinates":[[[-84.725,33.525],[-84.675,33.525],[-84.675,33.575],[-84.725,33.575],[-84.725,33.525]]]}},{"type":"Feature","properties":{"layer":"TEMPO NO2","transport":"Westward","timePeriod":"12:00-14:00 EDT Eastward","NO2":1.94923532,"unit":"10^15 molecules cm^-2"},"geometry":{"type":"Polygon","coordinates":[[[-84.675,33.525],[-84.625,33.525],[-84.625,33.575],[-84.675,33.575],[-84.675,33.525]]]}},{"type":"Feature","properties":{"layer":"TEMPO NO2","transport":"Westward","timePeriod":"12:00-14:00 EDT Eastward","NO2":1.73239946,"unit":"10^15 molecules cm^-2"},"geometry":{"type":"Polygon","coordinates":[[[-84.625,33.525],[-84.575,33.525],[-84.575,33.575],[-84.625,33.575],[-84.625,33.525]]]}},{"type":"Feature","properties":{"layer":"TEMPO NO2","transport":"Westward","timePeriod":"12:00-14:00 EDT Eastward","NO2":1.71724391,"unit":"10^15 molecules cm^-2"},"geometry":{"type":"Polygon","coordinates":[[[-84.575,33.525],[-84.525,33.525],[-84.525,33.575],[-84.575,33.575],[-84.575,33.525]]]}},{"type":"Feature","properties":{"layer":"TEMPO NO2","transport":"Westward","timePeriod":"12:00-14:00 EDT Eastward","NO2":2.09911704,"unit":"10^15 molecules cm^-2"},"geometry":{"type":"Polygon","coordinates":[[[-84.525,33.525],[-84.475,33.525],[-84.475,33.575],[-84.525,33.575],[-84.525,33.525]]]}},{"type":"Feature","properties":{"layer":"TEMPO NO2","transport":"Westward","timePeriod":"12:00-14:00 EDT Eastward","NO2":2.33420777,"unit":"10^15 molecules cm^-2"},"geometry":{"type":"Polygon","coordinates":[[[-84.475,33.525],[-84.425,33.525],[-84.425,33.575],[-84.475,33.575],[-84.475,33.525]]]}},{"type":"Feature","properties":{"layer":"TEMPO NO2","transport":"Westward","timePeriod":"12:00-14:00 EDT Eastward","NO2":2.33589125,"unit":"10^15 molecules cm^-2"},"geometry":{"type":"Polygon","coordinates":[[[-84.425,33.525],[-84.375,33.525],[-84.375,33.575],[-84.425,33.575],[-84.425,33.525]]]}},{"type":"Feature","properties":{"layer":"TEMPO NO2","transport":"Westward","timePeriod":"12:00-14:00 EDT Eastward","NO2":2.40498066,"unit":"10^15 molecules cm^-2"},"geometry":{"type":"Polygon","coordinates":[[[-84.375,33.525],[-84.325,33.525],[-84.325,33.575],[-84.375,33.575],[-84.375,33.525]]]}},{"type":"Feature","properties":{"layer":"TEMPO NO2","transport":"Westward","timePeriod":"12:00-14:00 EDT Eastward","NO2":2.37672138,"unit":"10^15 molecules cm^-2"},"geometry":{"type":"Polygon","coordinates":[[[-84.325,33.525],[-84.275,33.525],[-84.275,33.575],[-84.325,33.575],[-84.325,33.525]]]}},{"type":"Feature","properties":{"layer":"TEMPO NO2","transport":"Westward","timePeriod":"12:00-14:00 EDT Eastward","NO2":2.56145477,"unit":"10^15 molecules cm^-2"},"geometry":{"type":"Polygon","coordinates":[[[-84.275,33.525],[-84.225,33.525],[-84.225,33.575],[-84.275,33.575],[-84.275,33.525]]]}},{"type":"Feature","properties":{"layer":"TEMPO NO2","transport":"Westward","timePeriod":"12:00-14:00 EDT Eastward","NO2":2.57451034,"unit":"10^15 molecules cm^-2"},"geometry":{"type":"Polygon","coordinates":[[[-84.225,33.525],[-84.175,33.525],[-84.175,33.575],[-84.225,33.575],[-84.225,33.525]]]}},{"type":"Feature","properties":{"layer":"TEMPO NO2","transport":"Westward","timePeriod":"12:00-14:00 EDT Eastward","NO2":2.19295502,"unit":"10^15 molecules cm^-2"},"geometry":{"type":"Polygon","coordinates":[[[-84.175,33.525],[-84.125,33.525],[-84.125,33.575],[-84.175,33.575],[-84.175,33.525]]]}},{"type":"Feature","properties":{"layer":"TEMPO NO2","transport":"Westward","timePeriod":"12:00-14:00 EDT Eastward","NO2":2.25909615,"unit":"10^15 molecules cm^-2"},"geometry":{"type":"Polygon","coordinates":[[[-84.125,33.525],[-84.075,33.525],[-84.075,33.575],[-84.125,33.575],[-84.125,33.525]]]}},{"type":"Feature","properties":{"layer":"TEMPO NO2","transport":"Westward","timePeriod":"12:00-14:00 EDT Eastward","NO2":2.06010723,"unit":"10^15 molecules cm^-2"},"geometry":{"type":"Polygon","coordinates":[[[-84.075,33.525],[-84.025,33.525],[-84.025,33.575],[-84.075,33.575],[-84.075,33.525]]]}},{"type":"Feature","properties":{"layer":"TEMPO NO2","transport":"Westward","timePeriod":"12:00-14:00 EDT Eastward","NO2":2.00005388,"unit":"10^15 molecules cm^-2"},"geometry":{"type":"Polygon","coordinates":[[[-84.025,33.525],[-83.975,33.525],[-83.975,33.575],[-84.025,33.575],[-84.025,33.525]]]}},{"type":"Feature","properties":{"layer":"TEMPO NO2","transport":"Westward","timePeriod":"12:00-14:00 EDT Eastward","NO2":1.81554055,"unit":"10^15 molecules cm^-2"},"geometry":{"type":"Polygon","coordinates":[[[-83.975,33.525],[-83.925,33.525],[-83.925,33.575],[-83.975,33.575],[-83.975,33.525]]]}},{"type":"Feature","properties":{"layer":"TEMPO NO2","transport":"Westward","timePeriod":"12:00-14:00 EDT Eastward","NO2":1.63086307,"unit":"10^15 molecules cm^-2"},"geometry":{"type":"Polygon","coordinates":[[[-83.925,33.525],[-83.875,33.525],[-83.875,33.575],[-83.925,33.575],[-83.925,33.525]]]}},{"type":"Feature","properties":{"layer":"TEMPO NO2","transport":"Westward","timePeriod":"12:00-14:00 EDT Eastward","NO2":1.64390814,"unit":"10^15 molecules cm^-2"},"geometry":{"type":"Polygon","coordinates":[[[-83.875,33.525],[-83.825,33.525],[-83.825,33.575],[-83.875,33.575],[-83.875,33.525]]]}},{"type":"Feature","properties":{"layer":"TEMPO NO2","transport":"Westward","timePeriod":"12:00-14:00 EDT Eastward","NO2":1.64313662,"unit":"10^15 molecules cm^-2"},"geometry":{"type":"Polygon","coordinates":[[[-83.825,33.525],[-83.775,33.525],[-83.775,33.575],[-83.825,33.575],[-83.825,33.525]]]}},{"type":"Feature","properties":{"layer":"TEMPO NO2","transport":"Westward","timePeriod":"12:00-14:00 EDT Eastward","NO2":1.69174314,"unit":"10^15 molecules cm^-2"},"geometry":{"type":"Polygon","coordinates":[[[-84.975,33.575],[-84.925,33.575],[-84.925,33.625],[-84.975,33.625],[-84.975,33.575]]]}},{"type":"Feature","properties":{"layer":"TEMPO NO2","transport":"Westward","timePeriod":"12:00-14:00 EDT Eastward","NO2":1.54881358,"unit":"10^15 molecules cm^-2"},"geometry":{"type":"Polygon","coordinates":[[[-84.925,33.575],[-84.875,33.575],[-84.875,33.625],[-84.925,33.625],[-84.925,33.575]]]}},{"type":"Feature","properties":{"layer":"TEMPO NO2","transport":"Westward","timePeriod":"12:00-14:00 EDT Eastward","NO2":1.41821051,"unit":"10^15 molecules cm^-2"},"geometry":{"type":"Polygon","coordinates":[[[-84.875,33.575],[-84.825,33.575],[-84.825,33.625],[-84.875,33.625],[-84.875,33.575]]]}},{"type":"Feature","properties":{"layer":"TEMPO NO2","transport":"Westward","timePeriod":"12:00-14:00 EDT Eastward","NO2":1.44663298,"unit":"10^15 molecules cm^-2"},"geometry":{"type":"Polygon","coordinates":[[[-84.825,33.575],[-84.775,33.575],[-84.775,33.625],[-84.825,33.625],[-84.825,33.575]]]}},{"type":"Feature","properties":{"layer":"TEMPO NO2","transport":"Westward","timePeriod":"12:00-14:00 EDT Eastward","NO2":1.52231705,"unit":"10^15 molecules cm^-2"},"geometry":{"type":"Polygon","coordinates":[[[-84.775,33.575],[-84.725,33.575],[-84.725,33.625],[-84.775,33.625],[-84.775,33.575]]]}},{"type":"Feature","properties":{"layer":"TEMPO NO2","transport":"Westward","timePeriod":"12:00-14:00 EDT Eastward","NO2":1.58991194,"unit":"10^15 molecules cm^-2"},"geometry":{"type":"Polygon","coordinates":[[[-84.725,33.575],[-84.675,33.575],[-84.675,33.625],[-84.725,33.625],[-84.725,33.575]]]}},{"type":"Feature","properties":{"layer":"TEMPO NO2","transport":"Westward","timePeriod":"12:00-14:00 EDT Eastward","NO2":1.79777837,"unit":"10^15 molecules cm^-2"},"geometry":{"type":"Polygon","coordinates":[[[-84.675,33.575],[-84.625,33.575],[-84.625,33.625],[-84.675,33.625],[-84.675,33.575]]]}},{"type":"Feature","properties":{"layer":"TEMPO NO2","transport":"Westward","timePeriod":"12:00-14:00 EDT Eastward","NO2":2.025563,"unit":"10^15 molecules cm^-2"},"geometry":{"type":"Polygon","coordinates":[[[-84.625,33.575],[-84.575,33.575],[-84.575,33.625],[-84.625,33.625],[-84.625,33.575]]]}},{"type":"Feature","properties":{"layer":"TEMPO NO2","transport":"Westward","timePeriod":"12:00-14:00 EDT Eastward","NO2":2.55534172,"unit":"10^15 molecules cm^-2"},"geometry":{"type":"Polygon","coordinates":[[[-84.575,33.575],[-84.525,33.575],[-84.525,33.625],[-84.575,33.625],[-84.575,33.575]]]}},{"type":"Feature","properties":{"layer":"TEMPO NO2","transport":"Westward","timePeriod":"12:00-14:00 EDT Eastward","NO2":2.52578378,"unit":"10^15 molecules cm^-2"},"geometry":{"type":"Polygon","coordinates":[[[-84.525,33.575],[-84.475,33.575],[-84.475,33.625],[-84.525,33.625],[-84.525,33.575]]]}},{"type":"Feature","properties":{"layer":"TEMPO NO2","transport":"Westward","timePeriod":"12:00-14:00 EDT Eastward","NO2":2.26103544,"unit":"10^15 molecules cm^-2"},"geometry":{"type":"Polygon","coordinates":[[[-84.475,33.575],[-84.425,33.575],[-84.425,33.625],[-84.475,33.625],[-84.475,33.575]]]}},{"type":"Feature","properties":{"layer":"TEMPO NO2","transport":"Westward","timePeriod":"12:00-14:00 EDT Eastward","NO2":2.76029968,"unit":"10^15 molecules cm^-2"},"geometry":{"type":"Polygon","coordinates":[[[-84.425,33.575],[-84.375,33.575],[-84.375,33.625],[-84.425,33.625],[-84.425,33.575]]]}},{"type":"Feature","properties":{"layer":"TEMPO NO2","transport":"Westward","timePeriod":"12:00-14:00 EDT Eastward","NO2":3.41240501,"unit":"10^15 molecules cm^-2"},"geometry":{"type":"Polygon","coordinates":[[[-84.375,33.575],[-84.325,33.575],[-84.325,33.625],[-84.375,33.625],[-84.375,33.575]]]}},{"type":"Feature","properties":{"layer":"TEMPO NO2","transport":"Westward","timePeriod":"12:00-14:00 EDT Eastward","NO2":3.12356067,"unit":"10^15 molecules cm^-2"},"geometry":{"type":"Polygon","coordinates":[[[-84.325,33.575],[-84.275,33.575],[-84.275,33.625],[-84.325,33.625],[-84.325,33.575]]]}},{"type":"Feature","properties":{"layer":"TEMPO NO2","transport":"Westward","timePeriod":"12:00-14:00 EDT Eastward","NO2":2.5794735,"unit":"10^15 molecules cm^-2"},"geometry":{"type":"Polygon","coordinates":[[[-84.275,33.575],[-84.225,33.575],[-84.225,33.625],[-84.275,33.625],[-84.275,33.575]]]}},{"type":"Feature","properties":{"layer":"TEMPO NO2","transport":"Westward","timePeriod":"12:00-14:00 EDT Eastward","NO2":2.30707765,"unit":"10^15 molecules cm^-2"},"geometry":{"type":"Polygon","coordinates":[[[-84.225,33.575],[-84.175,33.575],[-84.175,33.625],[-84.225,33.625],[-84.225,33.575]]]}},{"type":"Feature","properties":{"layer":"TEMPO NO2","transport":"Westward","timePeriod":"12:00-14:00 EDT Eastward","NO2":2.35145974,"unit":"10^15 molecules cm^-2"},"geometry":{"type":"Polygon","coordinates":[[[-84.175,33.575],[-84.125,33.575],[-84.125,33.625],[-84.175,33.625],[-84.175,33.575]]]}},{"type":"Feature","properties":{"layer":"TEMPO NO2","transport":"Westward","timePeriod":"12:00-14:00 EDT Eastward","NO2":2.22778034,"unit":"10^15 molecules cm^-2"},"geometry":{"type":"Polygon","coordinates":[[[-84.125,33.575],[-84.075,33.575],[-84.075,33.625],[-84.125,33.625],[-84.125,33.575]]]}},{"type":"Feature","properties":{"layer":"TEMPO NO2","transport":"Westward","timePeriod":"12:00-14:00 EDT Eastward","NO2":1.89828897,"unit":"10^15 molecules cm^-2"},"geometry":{"type":"Polygon","coordinates":[[[-84.075,33.575],[-84.025,33.575],[-84.025,33.625],[-84.075,33.625],[-84.075,33.575]]]}},{"type":"Feature","properties":{"layer":"TEMPO NO2","transport":"Westward","timePeriod":"12:00-14:00 EDT Eastward","NO2":2.00458527,"unit":"10^15 molecules cm^-2"},"geometry":{"type":"Polygon","coordinates":[[[-84.025,33.575],[-83.975,33.575],[-83.975,33.625],[-84.025,33.625],[-84.025,33.575]]]}},{"type":"Feature","properties":{"layer":"TEMPO NO2","transport":"Westward","timePeriod":"12:00-14:00 EDT Eastward","NO2":2.06276202,"unit":"10^15 molecules cm^-2"},"geometry":{"type":"Polygon","coordinates":[[[-83.975,33.575],[-83.925,33.575],[-83.925,33.625],[-83.975,33.625],[-83.975,33.575]]]}},{"type":"Feature","properties":{"layer":"TEMPO NO2","transport":"Westward","timePeriod":"12:00-14:00 EDT Eastward","NO2":1.87690246,"unit":"10^15 molecules cm^-2"},"geometry":{"type":"Polygon","coordinates":[[[-83.925,33.575],[-83.875,33.575],[-83.875,33.625],[-83.925,33.625],[-83.925,33.575]]]}},{"type":"Feature","properties":{"layer":"TEMPO NO2","transport":"Westward","timePeriod":"12:00-14:00 EDT Eastward","NO2":1.89939475,"unit":"10^15 molecules cm^-2"},"geometry":{"type":"Polygon","coordinates":[[[-83.875,33.575],[-83.825,33.575],[-83.825,33.625],[-83.875,33.625],[-83.875,33.575]]]}},{"type":"Feature","properties":{"layer":"TEMPO NO2","transport":"Westward","timePeriod":"12:00-14:00 EDT Eastward","NO2":1.72705042,"unit":"10^15 molecules cm^-2"},"geometry":{"type":"Polygon","coordinates":[[[-83.825,33.575],[-83.775,33.575],[-83.775,33.625],[-83.825,33.625],[-83.825,33.575]]]}},{"type":"Feature","properties":{"layer":"TEMPO NO2","transport":"Westward","timePeriod":"12:00-14:00 EDT Eastward","NO2":1.51023734,"unit":"10^15 molecules cm^-2"},"geometry":{"type":"Polygon","coordinates":[[[-84.975,33.625],[-84.925,33.625],[-84.925,33.675],[-84.975,33.675],[-84.975,33.625]]]}},{"type":"Feature","properties":{"layer":"TEMPO NO2","transport":"Westward","timePeriod":"12:00-14:00 EDT Eastward","NO2":1.61223817,"unit":"10^15 molecules cm^-2"},"geometry":{"type":"Polygon","coordinates":[[[-84.925,33.625],[-84.875,33.625],[-84.875,33.675],[-84.925,33.675],[-84.925,33.625]]]}},{"type":"Feature","properties":{"layer":"TEMPO NO2","transport":"Westward","timePeriod":"12:00-14:00 EDT Eastward","NO2":1.53050613,"unit":"10^15 molecules cm^-2"},"geometry":{"type":"Polygon","coordinates":[[[-84.875,33.625],[-84.825,33.625],[-84.825,33.675],[-84.875,33.675],[-84.875,33.625]]]}},{"type":"Feature","properties":{"layer":"TEMPO NO2","transport":"Westward","timePeriod":"12:00-14:00 EDT Eastward","NO2":1.62248921,"unit":"10^15 molecules cm^-2"},"geometry":{"type":"Polygon","coordinates":[[[-84.825,33.625],[-84.775,33.625],[-84.775,33.675],[-84.825,33.675],[-84.825,33.625]]]}},{"type":"Feature","properties":{"layer":"TEMPO NO2","transport":"Westward","timePeriod":"12:00-14:00 EDT Eastward","NO2":1.69241893,"unit":"10^15 molecules cm^-2"},"geometry":{"type":"Polygon","coordinates":[[[-84.775,33.625],[-84.725,33.625],[-84.725,33.675],[-84.775,33.675],[-84.775,33.625]]]}},{"type":"Feature","properties":{"layer":"TEMPO NO2","transport":"Westward","timePeriod":"12:00-14:00 EDT Eastward","NO2":1.62644172,"unit":"10^15 molecules cm^-2"},"geometry":{"type":"Polygon","coordinates":[[[-84.725,33.625],[-84.675,33.625],[-84.675,33.675],[-84.725,33.675],[-84.725,33.625]]]}},{"type":"Feature","properties":{"layer":"TEMPO NO2","transport":"Westward","timePeriod":"12:00-14:00 EDT Eastward","NO2":1.74331141,"unit":"10^15 molecules cm^-2"},"geometry":{"type":"Polygon","coordinates":[[[-84.675,33.625],[-84.625,33.625],[-84.625,33.675],[-84.675,33.675],[-84.675,33.625]]]}},{"type":"Feature","properties":{"layer":"TEMPO NO2","transport":"Westward","timePeriod":"12:00-14:00 EDT Eastward","NO2":2.14168739,"unit":"10^15 molecules cm^-2"},"geometry":{"type":"Polygon","coordinates":[[[-84.625,33.625],[-84.575,33.625],[-84.575,33.675],[-84.625,33.675],[-84.625,33.625]]]}},{"type":"Feature","properties":{"layer":"TEMPO NO2","transport":"Westward","timePeriod":"12:00-14:00 EDT Eastward","NO2":2.43931222,"unit":"10^15 molecules cm^-2"},"geometry":{"type":"Polygon","coordinates":[[[-84.575,33.625],[-84.525,33.625],[-84.525,33.675],[-84.575,33.675],[-84.575,33.625]]]}},{"type":"Feature","properties":{"layer":"TEMPO NO2","transport":"Westward","timePeriod":"12:00-14:00 EDT Eastward","NO2":2.7194984,"unit":"10^15 molecules cm^-2"},"geometry":{"type":"Polygon","coordinates":[[[-84.525,33.625],[-84.475,33.625],[-84.475,33.675],[-84.525,33.675],[-84.525,33.625]]]}},{"type":"Feature","properties":{"layer":"TEMPO NO2","transport":"Westward","timePeriod":"12:00-14:00 EDT Eastward","NO2":3.47997022,"unit":"10^15 molecules cm^-2"},"geometry":{"type":"Polygon","coordinates":[[[-84.475,33.625],[-84.425,33.625],[-84.425,33.675],[-84.475,33.675],[-84.475,33.625]]]}},{"type":"Feature","properties":{"layer":"TEMPO NO2","transport":"Westward","timePeriod":"12:00-14:00 EDT Eastward","NO2":3.93818498,"unit":"10^15 molecules cm^-2"},"geometry":{"type":"Polygon","coordinates":[[[-84.425,33.625],[-84.375,33.625],[-84.375,33.675],[-84.425,33.675],[-84.425,33.625]]]}},{"type":"Feature","properties":{"layer":"TEMPO NO2","transport":"Westward","timePeriod":"12:00-14:00 EDT Eastward","NO2":4.3566041,"unit":"10^15 molecules cm^-2"},"geometry":{"type":"Polygon","coordinates":[[[-84.375,33.625],[-84.325,33.625],[-84.325,33.675],[-84.375,33.675],[-84.375,33.625]]]}},{"type":"Feature","properties":{"layer":"TEMPO NO2","transport":"Westward","timePeriod":"12:00-14:00 EDT Eastward","NO2":3.81485391,"unit":"10^15 molecules cm^-2"},"geometry":{"type":"Polygon","coordinates":[[[-84.325,33.625],[-84.275,33.625],[-84.275,33.675],[-84.325,33.675],[-84.325,33.625]]]}},{"type":"Feature","properties":{"layer":"TEMPO NO2","transport":"Westward","timePeriod":"12:00-14:00 EDT Eastward","NO2":2.69388556,"unit":"10^15 molecules cm^-2"},"geometry":{"type":"Polygon","coordinates":[[[-84.275,33.625],[-84.225,33.625],[-84.225,33.675],[-84.275,33.675],[-84.275,33.625]]]}},{"type":"Feature","properties":{"layer":"TEMPO NO2","transport":"Westward","timePeriod":"12:00-14:00 EDT Eastward","NO2":2.47384381,"unit":"10^15 molecules cm^-2"},"geometry":{"type":"Polygon","coordinates":[[[-84.225,33.625],[-84.175,33.625],[-84.175,33.675],[-84.225,33.675],[-84.225,33.625]]]}},{"type":"Feature","properties":{"layer":"TEMPO NO2","transport":"Westward","timePeriod":"12:00-14:00 EDT Eastward","NO2":2.32932663,"unit":"10^15 molecules cm^-2"},"geometry":{"type":"Polygon","coordinates":[[[-84.175,33.625],[-84.125,33.625],[-84.125,33.675],[-84.175,33.675],[-84.175,33.625]]]}},{"type":"Feature","properties":{"layer":"TEMPO NO2","transport":"Westward","timePeriod":"12:00-14:00 EDT Eastward","NO2":2.3200736,"unit":"10^15 molecules cm^-2"},"geometry":{"type":"Polygon","coordinates":[[[-84.125,33.625],[-84.075,33.625],[-84.075,33.675],[-84.125,33.675],[-84.125,33.625]]]}},{"type":"Feature","properties":{"layer":"TEMPO NO2","transport":"Westward","timePeriod":"12:00-14:00 EDT Eastward","NO2":2.24576211,"unit":"10^15 molecules cm^-2"},"geometry":{"type":"Polygon","coordinates":[[[-84.075,33.625],[-84.025,33.625],[-84.025,33.675],[-84.075,33.675],[-84.075,33.625]]]}},{"type":"Feature","properties":{"layer":"TEMPO NO2","transport":"Westward","timePeriod":"12:00-14:00 EDT Eastward","NO2":2.09213853,"unit":"10^15 molecules cm^-2"},"geometry":{"type":"Polygon","coordinates":[[[-84.025,33.625],[-83.975,33.625],[-83.975,33.675],[-84.025,33.675],[-84.025,33.625]]]}},{"type":"Feature","properties":{"layer":"TEMPO NO2","transport":"Westward","timePeriod":"12:00-14:00 EDT Eastward","NO2":2.00141668,"unit":"10^15 molecules cm^-2"},"geometry":{"type":"Polygon","coordinates":[[[-83.975,33.625],[-83.925,33.625],[-83.925,33.675],[-83.975,33.675],[-83.975,33.625]]]}},{"type":"Feature","properties":{"layer":"TEMPO NO2","transport":"Westward","timePeriod":"12:00-14:00 EDT Eastward","NO2":2.17808723,"unit":"10^15 molecules cm^-2"},"geometry":{"type":"Polygon","coordinates":[[[-83.925,33.625],[-83.875,33.625],[-83.875,33.675],[-83.925,33.675],[-83.925,33.625]]]}},{"type":"Feature","properties":{"layer":"TEMPO NO2","transport":"Westward","timePeriod":"12:00-14:00 EDT Eastward","NO2":2.5403285,"unit":"10^15 molecules cm^-2"},"geometry":{"type":"Polygon","coordinates":[[[-83.875,33.625],[-83.825,33.625],[-83.825,33.675],[-83.875,33.675],[-83.875,33.625]]]}},{"type":"Feature","properties":{"layer":"TEMPO NO2","transport":"Westward","timePeriod":"12:00-14:00 EDT Eastward","NO2":2.07150197,"unit":"10^15 molecules cm^-2"},"geometry":{"type":"Polygon","coordinates":[[[-83.825,33.625],[-83.775,33.625],[-83.775,33.675],[-83.825,33.675],[-83.825,33.625]]]}},{"type":"Feature","properties":{"layer":"TEMPO NO2","transport":"Westward","timePeriod":"12:00-14:00 EDT Eastward","NO2":1.56106126,"unit":"10^15 molecules cm^-2"},"geometry":{"type":"Polygon","coordinates":[[[-84.975,33.675],[-84.925,33.675],[-84.925,33.725],[-84.975,33.725],[-84.975,33.675]]]}},{"type":"Feature","properties":{"layer":"TEMPO NO2","transport":"Westward","timePeriod":"12:00-14:00 EDT Eastward","NO2":1.46650982,"unit":"10^15 molecules cm^-2"},"geometry":{"type":"Polygon","coordinates":[[[-84.925,33.675],[-84.875,33.675],[-84.875,33.725],[-84.925,33.725],[-84.925,33.675]]]}},{"type":"Feature","properties":{"layer":"TEMPO NO2","transport":"Westward","timePeriod":"12:00-14:00 EDT Eastward","NO2":1.52930415,"unit":"10^15 molecules cm^-2"},"geometry":{"type":"Polygon","coordinates":[[[-84.875,33.675],[-84.825,33.675],[-84.825,33.725],[-84.875,33.725],[-84.875,33.675]]]}},{"type":"Feature","properties":{"layer":"TEMPO NO2","transport":"Westward","timePeriod":"12:00-14:00 EDT Eastward","NO2":1.7297672,"unit":"10^15 molecules cm^-2"},"geometry":{"type":"Polygon","coordinates":[[[-84.825,33.675],[-84.775,33.675],[-84.775,33.725],[-84.825,33.725],[-84.825,33.675]]]}},{"type":"Feature","properties":{"layer":"TEMPO NO2","transport":"Westward","timePeriod":"12:00-14:00 EDT Eastward","NO2":1.46183598,"unit":"10^15 molecules cm^-2"},"geometry":{"type":"Polygon","coordinates":[[[-84.775,33.675],[-84.725,33.675],[-84.725,33.725],[-84.775,33.725],[-84.775,33.675]]]}},{"type":"Feature","properties":{"layer":"TEMPO NO2","transport":"Westward","timePeriod":"12:00-14:00 EDT Eastward","NO2":1.59829676,"unit":"10^15 molecules cm^-2"},"geometry":{"type":"Polygon","coordinates":[[[-84.725,33.675],[-84.675,33.675],[-84.675,33.725],[-84.725,33.725],[-84.725,33.675]]]}},{"type":"Feature","properties":{"layer":"TEMPO NO2","transport":"Westward","timePeriod":"12:00-14:00 EDT Eastward","NO2":1.72399461,"unit":"10^15 molecules cm^-2"},"geometry":{"type":"Polygon","coordinates":[[[-84.675,33.675],[-84.625,33.675],[-84.625,33.725],[-84.675,33.725],[-84.675,33.675]]]}},{"type":"Feature","properties":{"layer":"TEMPO NO2","transport":"Westward","timePeriod":"12:00-14:00 EDT Eastward","NO2":2.15490985,"unit":"10^15 molecules cm^-2"},"geometry":{"type":"Polygon","coordinates":[[[-84.625,33.675],[-84.575,33.675],[-84.575,33.725],[-84.625,33.725],[-84.625,33.675]]]}},{"type":"Feature","properties":{"layer":"TEMPO NO2","transport":"Westward","timePeriod":"12:00-14:00 EDT Eastward","NO2":2.35250497,"unit":"10^15 molecules cm^-2"},"geometry":{"type":"Polygon","coordinates":[[[-84.575,33.675],[-84.525,33.675],[-84.525,33.725],[-84.575,33.725],[-84.575,33.675]]]}},{"type":"Feature","properties":{"layer":"TEMPO NO2","transport":"Westward","timePeriod":"12:00-14:00 EDT Eastward","NO2":2.73903012,"unit":"10^15 molecules cm^-2"},"geometry":{"type":"Polygon","coordinates":[[[-84.525,33.675],[-84.475,33.675],[-84.475,33.725],[-84.525,33.725],[-84.525,33.675]]]}},{"type":"Feature","properties":{"layer":"TEMPO NO2","transport":"Westward","timePeriod":"12:00-14:00 EDT Eastward","NO2":3.08559394,"unit":"10^15 molecules cm^-2"},"geometry":{"type":"Polygon","coordinates":[[[-84.475,33.675],[-84.425,33.675],[-84.425,33.725],[-84.475,33.725],[-84.475,33.675]]]}},{"type":"Feature","properties":{"layer":"TEMPO NO2","transport":"Westward","timePeriod":"12:00-14:00 EDT Eastward","NO2":3.29225326,"unit":"10^15 molecules cm^-2"},"geometry":{"type":"Polygon","coordinates":[[[-84.425,33.675],[-84.375,33.675],[-84.375,33.725],[-84.425,33.725],[-84.425,33.675]]]}},{"type":"Feature","properties":{"layer":"TEMPO NO2","transport":"Westward","timePeriod":"12:00-14:00 EDT Eastward","NO2":3.46615744,"unit":"10^15 molecules cm^-2"},"geometry":{"type":"Polygon","coordinates":[[[-84.375,33.675],[-84.325,33.675],[-84.325,33.725],[-84.375,33.725],[-84.375,33.675]]]}},{"type":"Feature","properties":{"layer":"TEMPO NO2","transport":"Westward","timePeriod":"12:00-14:00 EDT Eastward","NO2":3.28445148,"unit":"10^15 molecules cm^-2"},"geometry":{"type":"Polygon","coordinates":[[[-84.325,33.675],[-84.275,33.675],[-84.275,33.725],[-84.325,33.725],[-84.325,33.675]]]}},{"type":"Feature","properties":{"layer":"TEMPO NO2","transport":"Westward","timePeriod":"12:00-14:00 EDT Eastward","NO2":3.10043359,"unit":"10^15 molecules cm^-2"},"geometry":{"type":"Polygon","coordinates":[[[-84.275,33.675],[-84.225,33.675],[-84.225,33.725],[-84.275,33.725],[-84.275,33.675]]]}},{"type":"Feature","properties":{"layer":"TEMPO NO2","transport":"Westward","timePeriod":"12:00-14:00 EDT Eastward","NO2":2.78365,"unit":"10^15 molecules cm^-2"},"geometry":{"type":"Polygon","coordinates":[[[-84.225,33.675],[-84.175,33.675],[-84.175,33.725],[-84.225,33.725],[-84.225,33.675]]]}},{"type":"Feature","properties":{"layer":"TEMPO NO2","transport":"Westward","timePeriod":"12:00-14:00 EDT Eastward","NO2":2.44322062,"unit":"10^15 molecules cm^-2"},"geometry":{"type":"Polygon","coordinates":[[[-84.175,33.675],[-84.125,33.675],[-84.125,33.725],[-84.175,33.725],[-84.175,33.675]]]}},{"type":"Feature","properties":{"layer":"TEMPO NO2","transport":"Westward","timePeriod":"12:00-14:00 EDT Eastward","NO2":2.22334123,"unit":"10^15 molecules cm^-2"},"geometry":{"type":"Polygon","coordinates":[[[-84.125,33.675],[-84.075,33.675],[-84.075,33.725],[-84.125,33.725],[-84.125,33.675]]]}},{"type":"Feature","properties":{"layer":"TEMPO NO2","transport":"Westward","timePeriod":"12:00-14:00 EDT Eastward","NO2":2.3537066,"unit":"10^15 molecules cm^-2"},"geometry":{"type":"Polygon","coordinates":[[[-84.075,33.675],[-84.025,33.675],[-84.025,33.725],[-84.075,33.725],[-84.075,33.675]]]}},{"type":"Feature","properties":{"layer":"TEMPO NO2","transport":"Westward","timePeriod":"12:00-14:00 EDT Eastward","NO2":2.40391016,"unit":"10^15 molecules cm^-2"},"geometry":{"type":"Polygon","coordinates":[[[-84.025,33.675],[-83.975,33.675],[-83.975,33.725],[-84.025,33.725],[-84.025,33.675]]]}},{"type":"Feature","properties":{"layer":"TEMPO NO2","transport":"Westward","timePeriod":"12:00-14:00 EDT Eastward","NO2":2.39073229,"unit":"10^15 molecules cm^-2"},"geometry":{"type":"Polygon","coordinates":[[[-83.975,33.675],[-83.925,33.675],[-83.925,33.725],[-83.975,33.725],[-83.975,33.675]]]}},{"type":"Feature","properties":{"layer":"TEMPO NO2","transport":"Westward","timePeriod":"12:00-14:00 EDT Eastward","NO2":2.11194229,"unit":"10^15 molecules cm^-2"},"geometry":{"type":"Polygon","coordinates":[[[-83.925,33.675],[-83.875,33.675],[-83.875,33.725],[-83.925,33.725],[-83.925,33.675]]]}},{"type":"Feature","properties":{"layer":"TEMPO NO2","transport":"Westward","timePeriod":"12:00-14:00 EDT Eastward","NO2":2.07753944,"unit":"10^15 molecules cm^-2"},"geometry":{"type":"Polygon","coordinates":[[[-83.875,33.675],[-83.825,33.675],[-83.825,33.725],[-83.875,33.725],[-83.875,33.675]]]}},{"type":"Feature","properties":{"layer":"TEMPO NO2","transport":"Westward","timePeriod":"12:00-14:00 EDT Eastward","NO2":1.93291044,"unit":"10^15 molecules cm^-2"},"geometry":{"type":"Polygon","coordinates":[[[-83.825,33.675],[-83.775,33.675],[-83.775,33.725],[-83.825,33.725],[-83.825,33.675]]]}},{"type":"Feature","properties":{"layer":"TEMPO NO2","transport":"Westward","timePeriod":"12:00-14:00 EDT Eastward","NO2":1.59687471,"unit":"10^15 molecules cm^-2"},"geometry":{"type":"Polygon","coordinates":[[[-84.975,33.725],[-84.925,33.725],[-84.925,33.775],[-84.975,33.775],[-84.975,33.725]]]}},{"type":"Feature","properties":{"layer":"TEMPO NO2","transport":"Westward","timePeriod":"12:00-14:00 EDT Eastward","NO2":1.66399217,"unit":"10^15 molecules cm^-2"},"geometry":{"type":"Polygon","coordinates":[[[-84.925,33.725],[-84.875,33.725],[-84.875,33.775],[-84.925,33.775],[-84.925,33.725]]]}},{"type":"Feature","properties":{"layer":"TEMPO NO2","transport":"Westward","timePeriod":"12:00-14:00 EDT Eastward","NO2":1.46844971,"unit":"10^15 molecules cm^-2"},"geometry":{"type":"Polygon","coordinates":[[[-84.875,33.725],[-84.825,33.725],[-84.825,33.775],[-84.875,33.775],[-84.875,33.725]]]}},{"type":"Feature","properties":{"layer":"TEMPO NO2","transport":"Westward","timePeriod":"12:00-14:00 EDT Eastward","NO2":1.81477678,"unit":"10^15 molecules cm^-2"},"geometry":{"type":"Polygon","coordinates":[[[-84.825,33.725],[-84.775,33.725],[-84.775,33.775],[-84.825,33.775],[-84.825,33.725]]]}},{"type":"Feature","properties":{"layer":"TEMPO NO2","transport":"Westward","timePeriod":"12:00-14:00 EDT Eastward","NO2":1.83757532,"unit":"10^15 molecules cm^-2"},"geometry":{"type":"Polygon","coordinates":[[[-84.775,33.725],[-84.725,33.725],[-84.725,33.775],[-84.775,33.775],[-84.775,33.725]]]}},{"type":"Feature","properties":{"layer":"TEMPO NO2","transport":"Westward","timePeriod":"12:00-14:00 EDT Eastward","NO2":1.56525981,"unit":"10^15 molecules cm^-2"},"geometry":{"type":"Polygon","coordinates":[[[-84.725,33.725],[-84.675,33.725],[-84.675,33.775],[-84.725,33.775],[-84.725,33.725]]]}},{"type":"Feature","properties":{"layer":"TEMPO NO2","transport":"Westward","timePeriod":"12:00-14:00 EDT Eastward","NO2":1.80834031,"unit":"10^15 molecules cm^-2"},"geometry":{"type":"Polygon","coordinates":[[[-84.675,33.725],[-84.625,33.725],[-84.625,33.775],[-84.675,33.775],[-84.675,33.725]]]}},{"type":"Feature","properties":{"layer":"TEMPO NO2","transport":"Westward","timePeriod":"12:00-14:00 EDT Eastward","NO2":2.57779312,"unit":"10^15 molecules cm^-2"},"geometry":{"type":"Polygon","coordinates":[[[-84.625,33.725],[-84.575,33.725],[-84.575,33.775],[-84.625,33.775],[-84.625,33.725]]]}},{"type":"Feature","properties":{"layer":"TEMPO NO2","transport":"Westward","timePeriod":"12:00-14:00 EDT Eastward","NO2":2.44015694,"unit":"10^15 molecules cm^-2"},"geometry":{"type":"Polygon","coordinates":[[[-84.575,33.725],[-84.525,33.725],[-84.525,33.775],[-84.575,33.775],[-84.575,33.725]]]}},{"type":"Feature","properties":{"layer":"TEMPO NO2","transport":"Westward","timePeriod":"12:00-14:00 EDT Eastward","NO2":2.36717677,"unit":"10^15 molecules cm^-2"},"geometry":{"type":"Polygon","coordinates":[[[-84.525,33.725],[-84.475,33.725],[-84.475,33.775],[-84.525,33.775],[-84.525,33.725]]]}},{"type":"Feature","properties":{"layer":"TEMPO NO2","transport":"Westward","timePeriod":"12:00-14:00 EDT Eastward","NO2":2.57975841,"unit":"10^15 molecules cm^-2"},"geometry":{"type":"Polygon","coordinates":[[[-84.475,33.725],[-84.425,33.725],[-84.425,33.775],[-84.475,33.775],[-84.475,33.725]]]}},{"type":"Feature","properties":{"layer":"TEMPO NO2","transport":"Westward","timePeriod":"12:00-14:00 EDT Eastward","NO2":2.99499393,"unit":"10^15 molecules cm^-2"},"geometry":{"type":"Polygon","coordinates":[[[-84.425,33.725],[-84.375,33.725],[-84.375,33.775],[-84.425,33.775],[-84.425,33.725]]]}},{"type":"Feature","properties":{"layer":"TEMPO NO2","transport":"Westward","timePeriod":"12:00-14:00 EDT Eastward","NO2":2.80822062,"unit":"10^15 molecules cm^-2"},"geometry":{"type":"Polygon","coordinates":[[[-84.375,33.725],[-84.325,33.725],[-84.325,33.775],[-84.375,33.775],[-84.375,33.725]]]}},{"type":"Feature","properties":{"layer":"TEMPO NO2","transport":"Westward","timePeriod":"12:00-14:00 EDT Eastward","NO2":2.73836708,"unit":"10^15 molecules cm^-2"},"geometry":{"type":"Polygon","coordinates":[[[-84.325,33.725],[-84.275,33.725],[-84.275,33.775],[-84.325,33.775],[-84.325,33.725]]]}},{"type":"Feature","properties":{"layer":"TEMPO NO2","transport":"Westward","timePeriod":"12:00-14:00 EDT Eastward","NO2":2.74040675,"unit":"10^15 molecules cm^-2"},"geometry":{"type":"Polygon","coordinates":[[[-84.275,33.725],[-84.225,33.725],[-84.225,33.775],[-84.275,33.775],[-84.275,33.725]]]}},{"type":"Feature","properties":{"layer":"TEMPO NO2","transport":"Westward","timePeriod":"12:00-14:00 EDT Eastward","NO2":3.0264976,"unit":"10^15 molecules cm^-2"},"geometry":{"type":"Polygon","coordinates":[[[-84.225,33.725],[-84.175,33.725],[-84.175,33.775],[-84.225,33.775],[-84.225,33.725]]]}},{"type":"Feature","properties":{"layer":"TEMPO NO2","transport":"Westward","timePeriod":"12:00-14:00 EDT Eastward","NO2":3.07664299,"unit":"10^15 molecules cm^-2"},"geometry":{"type":"Polygon","coordinates":[[[-84.175,33.725],[-84.125,33.725],[-84.125,33.775],[-84.175,33.775],[-84.175,33.725]]]}},{"type":"Feature","properties":{"layer":"TEMPO NO2","transport":"Westward","timePeriod":"12:00-14:00 EDT Eastward","NO2":2.61195016,"unit":"10^15 molecules cm^-2"},"geometry":{"type":"Polygon","coordinates":[[[-84.125,33.725],[-84.075,33.725],[-84.075,33.775],[-84.125,33.775],[-84.125,33.725]]]}},{"type":"Feature","properties":{"layer":"TEMPO NO2","transport":"Westward","timePeriod":"12:00-14:00 EDT Eastward","NO2":2.15095043,"unit":"10^15 molecules cm^-2"},"geometry":{"type":"Polygon","coordinates":[[[-84.075,33.725],[-84.025,33.725],[-84.025,33.775],[-84.075,33.775],[-84.075,33.725]]]}},{"type":"Feature","properties":{"layer":"TEMPO NO2","transport":"Westward","timePeriod":"12:00-14:00 EDT Eastward","NO2":2.16900945,"unit":"10^15 molecules cm^-2"},"geometry":{"type":"Polygon","coordinates":[[[-84.025,33.725],[-83.975,33.725],[-83.975,33.775],[-84.025,33.775],[-84.025,33.725]]]}},{"type":"Feature","properties":{"layer":"TEMPO NO2","transport":"Westward","timePeriod":"12:00-14:00 EDT Eastward","NO2":2.24370313,"unit":"10^15 molecules cm^-2"},"geometry":{"type":"Polygon","coordinates":[[[-83.975,33.725],[-83.925,33.725],[-83.925,33.775],[-83.975,33.775],[-83.975,33.725]]]}},{"type":"Feature","properties":{"layer":"TEMPO NO2","transport":"Westward","timePeriod":"12:00-14:00 EDT Eastward","NO2":2.1156559,"unit":"10^15 molecules cm^-2"},"geometry":{"type":"Polygon","coordinates":[[[-83.925,33.725],[-83.875,33.725],[-83.875,33.775],[-83.925,33.775],[-83.925,33.725]]]}},{"type":"Feature","properties":{"layer":"TEMPO NO2","transport":"Westward","timePeriod":"12:00-14:00 EDT Eastward","NO2":1.78308296,"unit":"10^15 molecules cm^-2"},"geometry":{"type":"Polygon","coordinates":[[[-83.875,33.725],[-83.825,33.725],[-83.825,33.775],[-83.875,33.775],[-83.875,33.725]]]}},{"type":"Feature","properties":{"layer":"TEMPO NO2","transport":"Westward","timePeriod":"12:00-14:00 EDT Eastward","NO2":1.742419,"unit":"10^15 molecules cm^-2"},"geometry":{"type":"Polygon","coordinates":[[[-83.825,33.725],[-83.775,33.725],[-83.775,33.775],[-83.825,33.775],[-83.825,33.725]]]}},{"type":"Feature","properties":{"layer":"TEMPO NO2","transport":"Westward","timePeriod":"12:00-14:00 EDT Eastward","NO2":1.40113485,"unit":"10^15 molecules cm^-2"},"geometry":{"type":"Polygon","coordinates":[[[-84.975,33.775],[-84.925,33.775],[-84.925,33.825],[-84.975,33.825],[-84.975,33.775]]]}},{"type":"Feature","properties":{"layer":"TEMPO NO2","transport":"Westward","timePeriod":"12:00-14:00 EDT Eastward","NO2":1.63102198,"unit":"10^15 molecules cm^-2"},"geometry":{"type":"Polygon","coordinates":[[[-84.925,33.775],[-84.875,33.775],[-84.875,33.825],[-84.925,33.825],[-84.925,33.775]]]}},{"type":"Feature","properties":{"layer":"TEMPO NO2","transport":"Westward","timePeriod":"12:00-14:00 EDT Eastward","NO2":1.56867635,"unit":"10^15 molecules cm^-2"},"geometry":{"type":"Polygon","coordinates":[[[-84.875,33.775],[-84.825,33.775],[-84.825,33.825],[-84.875,33.825],[-84.875,33.775]]]}},{"type":"Feature","properties":{"layer":"TEMPO NO2","transport":"Westward","timePeriod":"12:00-14:00 EDT Eastward","NO2":1.51073515,"unit":"10^15 molecules cm^-2"},"geometry":{"type":"Polygon","coordinates":[[[-84.825,33.775],[-84.775,33.775],[-84.775,33.825],[-84.825,33.825],[-84.825,33.775]]]}},{"type":"Feature","properties":{"layer":"TEMPO NO2","transport":"Westward","timePeriod":"12:00-14:00 EDT Eastward","NO2":1.85860491,"unit":"10^15 molecules cm^-2"},"geometry":{"type":"Polygon","coordinates":[[[-84.775,33.775],[-84.725,33.775],[-84.725,33.825],[-84.775,33.825],[-84.775,33.775]]]}},{"type":"Feature","properties":{"layer":"TEMPO NO2","transport":"Westward","timePeriod":"12:00-14:00 EDT Eastward","NO2":1.86950397,"unit":"10^15 molecules cm^-2"},"geometry":{"type":"Polygon","coordinates":[[[-84.725,33.775],[-84.675,33.775],[-84.675,33.825],[-84.725,33.825],[-84.725,33.775]]]}},{"type":"Feature","properties":{"layer":"TEMPO NO2","transport":"Westward","timePeriod":"12:00-14:00 EDT Eastward","NO2":2.10784912,"unit":"10^15 molecules cm^-2"},"geometry":{"type":"Polygon","coordinates":[[[-84.675,33.775],[-84.625,33.775],[-84.625,33.825],[-84.675,33.825],[-84.675,33.775]]]}},{"type":"Feature","properties":{"layer":"TEMPO NO2","transport":"Westward","timePeriod":"12:00-14:00 EDT Eastward","NO2":2.79641652,"unit":"10^15 molecules cm^-2"},"geometry":{"type":"Polygon","coordinates":[[[-84.625,33.775],[-84.575,33.775],[-84.575,33.825],[-84.625,33.825],[-84.625,33.775]]]}},{"type":"Feature","properties":{"layer":"TEMPO NO2","transport":"Westward","timePeriod":"12:00-14:00 EDT Eastward","NO2":3.22402167,"unit":"10^15 molecules cm^-2"},"geometry":{"type":"Polygon","coordinates":[[[-84.575,33.775],[-84.525,33.775],[-84.525,33.825],[-84.575,33.825],[-84.575,33.775]]]}},{"type":"Feature","properties":{"layer":"TEMPO NO2","transport":"Westward","timePeriod":"12:00-14:00 EDT Eastward","NO2":2.69305634,"unit":"10^15 molecules cm^-2"},"geometry":{"type":"Polygon","coordinates":[[[-84.525,33.775],[-84.475,33.775],[-84.475,33.825],[-84.525,33.825],[-84.525,33.775]]]}},{"type":"Feature","properties":{"layer":"TEMPO NO2","transport":"Westward","timePeriod":"12:00-14:00 EDT Eastward","NO2":2.70684123,"unit":"10^15 molecules cm^-2"},"geometry":{"type":"Polygon","coordinates":[[[-84.475,33.775],[-84.425,33.775],[-84.425,33.825],[-84.475,33.825],[-84.475,33.775]]]}},{"type":"Feature","properties":{"layer":"TEMPO NO2","transport":"Westward","timePeriod":"12:00-14:00 EDT Eastward","NO2":3.19855833,"unit":"10^15 molecules cm^-2"},"geometry":{"type":"Polygon","coordinates":[[[-84.425,33.775],[-84.375,33.775],[-84.375,33.825],[-84.425,33.825],[-84.425,33.775]]]}},{"type":"Feature","properties":{"layer":"TEMPO NO2","transport":"Westward","timePeriod":"12:00-14:00 EDT Eastward","NO2":3.10994482,"unit":"10^15 molecules cm^-2"},"geometry":{"type":"Polygon","coordinates":[[[-84.375,33.775],[-84.325,33.775],[-84.325,33.825],[-84.375,33.825],[-84.375,33.775]]]}},{"type":"Feature","properties":{"layer":"TEMPO NO2","transport":"Westward","timePeriod":"12:00-14:00 EDT Eastward","NO2":2.77280593,"unit":"10^15 molecules cm^-2"},"geometry":{"type":"Polygon","coordinates":[[[-84.325,33.775],[-84.275,33.775],[-84.275,33.825],[-84.325,33.825],[-84.325,33.775]]]}},{"type":"Feature","properties":{"layer":"TEMPO NO2","transport":"Westward","timePeriod":"12:00-14:00 EDT Eastward","NO2":2.57329345,"unit":"10^15 molecules cm^-2"},"geometry":{"type":"Polygon","coordinates":[[[-84.275,33.775],[-84.225,33.775],[-84.225,33.825],[-84.275,33.825],[-84.275,33.775]]]}},{"type":"Feature","properties":{"layer":"TEMPO NO2","transport":"Westward","timePeriod":"12:00-14:00 EDT Eastward","NO2":2.71000791,"unit":"10^15 molecules cm^-2"},"geometry":{"type":"Polygon","coordinates":[[[-84.225,33.775],[-84.175,33.775],[-84.175,33.825],[-84.225,33.825],[-84.225,33.775]]]}},{"type":"Feature","properties":{"layer":"TEMPO NO2","transport":"Westward","timePeriod":"12:00-14:00 EDT Eastward","NO2":2.61761284,"unit":"10^15 molecules cm^-2"},"geometry":{"type":"Polygon","coordinates":[[[-84.175,33.775],[-84.125,33.775],[-84.125,33.825],[-84.175,33.825],[-84.175,33.775]]]}},{"type":"Feature","properties":{"layer":"TEMPO NO2","transport":"Westward","timePeriod":"12:00-14:00 EDT Eastward","NO2":2.56825566,"unit":"10^15 molecules cm^-2"},"geometry":{"type":"Polygon","coordinates":[[[-84.125,33.775],[-84.075,33.775],[-84.075,33.825],[-84.125,33.825],[-84.125,33.775]]]}},{"type":"Feature","properties":{"layer":"TEMPO NO2","transport":"Westward","timePeriod":"12:00-14:00 EDT Eastward","NO2":2.35331345,"unit":"10^15 molecules cm^-2"},"geometry":{"type":"Polygon","coordinates":[[[-84.075,33.775],[-84.025,33.775],[-84.025,33.825],[-84.075,33.825],[-84.075,33.775]]]}},{"type":"Feature","properties":{"layer":"TEMPO NO2","transport":"Westward","timePeriod":"12:00-14:00 EDT Eastward","NO2":2.08368254,"unit":"10^15 molecules cm^-2"},"geometry":{"type":"Polygon","coordinates":[[[-84.025,33.775],[-83.975,33.775],[-83.975,33.825],[-84.025,33.825],[-84.025,33.775]]]}},{"type":"Feature","properties":{"layer":"TEMPO NO2","transport":"Westward","timePeriod":"12:00-14:00 EDT Eastward","NO2":2.12577939,"unit":"10^15 molecules cm^-2"},"geometry":{"type":"Polygon","coordinates":[[[-83.975,33.775],[-83.925,33.775],[-83.925,33.825],[-83.975,33.825],[-83.975,33.775]]]}},{"type":"Feature","properties":{"layer":"TEMPO NO2","transport":"Westward","timePeriod":"12:00-14:00 EDT Eastward","NO2":2.03774071,"unit":"10^15 molecules cm^-2"},"geometry":{"type":"Polygon","coordinates":[[[-83.925,33.775],[-83.875,33.775],[-83.875,33.825],[-83.925,33.825],[-83.925,33.775]]]}},{"type":"Feature","properties":{"layer":"TEMPO NO2","transport":"Westward","timePeriod":"12:00-14:00 EDT Eastward","NO2":1.94400907,"unit":"10^15 molecules cm^-2"},"geometry":{"type":"Polygon","coordinates":[[[-83.875,33.775],[-83.825,33.775],[-83.825,33.825],[-83.875,33.825],[-83.875,33.775]]]}},{"type":"Feature","properties":{"layer":"TEMPO NO2","transport":"Westward","timePeriod":"12:00-14:00 EDT Eastward","NO2":1.70919931,"unit":"10^15 molecules cm^-2"},"geometry":{"type":"Polygon","coordinates":[[[-83.825,33.775],[-83.775,33.775],[-83.775,33.825],[-83.825,33.825],[-83.825,33.775]]]}},{"type":"Feature","properties":{"layer":"TEMPO NO2","transport":"Westward","timePeriod":"12:00-14:00 EDT Eastward","NO2":1.42896354,"unit":"10^15 molecules cm^-2"},"geometry":{"type":"Polygon","coordinates":[[[-84.975,33.825],[-84.925,33.825],[-84.925,33.875],[-84.975,33.875],[-84.975,33.825]]]}},{"type":"Feature","properties":{"layer":"TEMPO NO2","transport":"Westward","timePeriod":"12:00-14:00 EDT Eastward","NO2":1.38963747,"unit":"10^15 molecules cm^-2"},"geometry":{"type":"Polygon","coordinates":[[[-84.925,33.825],[-84.875,33.825],[-84.875,33.875],[-84.925,33.875],[-84.925,33.825]]]}},{"type":"Feature","properties":{"layer":"TEMPO NO2","transport":"Westward","timePeriod":"12:00-14:00 EDT Eastward","NO2":1.69969344,"unit":"10^15 molecules cm^-2"},"geometry":{"type":"Polygon","coordinates":[[[-84.875,33.825],[-84.825,33.825],[-84.825,33.875],[-84.875,33.875],[-84.875,33.825]]]}},{"type":"Feature","properties":{"layer":"TEMPO NO2","transport":"Westward","timePeriod":"12:00-14:00 EDT Eastward","NO2":1.6224401,"unit":"10^15 molecules cm^-2"},"geometry":{"type":"Polygon","coordinates":[[[-84.825,33.825],[-84.775,33.825],[-84.775,33.875],[-84.825,33.875],[-84.825,33.825]]]}},{"type":"Feature","properties":{"layer":"TEMPO NO2","transport":"Westward","timePeriod":"12:00-14:00 EDT Eastward","NO2":1.60463178,"unit":"10^15 molecules cm^-2"},"geometry":{"type":"Polygon","coordinates":[[[-84.775,33.825],[-84.725,33.825],[-84.725,33.875],[-84.775,33.875],[-84.775,33.825]]]}},{"type":"Feature","properties":{"layer":"TEMPO NO2","transport":"Westward","timePeriod":"12:00-14:00 EDT Eastward","NO2":1.73257458,"unit":"10^15 molecules cm^-2"},"geometry":{"type":"Polygon","coordinates":[[[-84.725,33.825],[-84.675,33.825],[-84.675,33.875],[-84.725,33.875],[-84.725,33.825]]]}},{"type":"Feature","properties":{"layer":"TEMPO NO2","transport":"Westward","timePeriod":"12:00-14:00 EDT Eastward","NO2":1.91050875,"unit":"10^15 molecules cm^-2"},"geometry":{"type":"Polygon","coordinates":[[[-84.675,33.825],[-84.625,33.825],[-84.625,33.875],[-84.675,33.875],[-84.675,33.825]]]}},{"type":"Feature","properties":{"layer":"TEMPO NO2","transport":"Westward","timePeriod":"12:00-14:00 EDT Eastward","NO2":2.02905,"unit":"10^15 molecules cm^-2"},"geometry":{"type":"Polygon","coordinates":[[[-84.625,33.825],[-84.575,33.825],[-84.575,33.875],[-84.625,33.875],[-84.625,33.825]]]}},{"type":"Feature","properties":{"layer":"TEMPO NO2","transport":"Westward","timePeriod":"12:00-14:00 EDT Eastward","NO2":2.44106507,"unit":"10^15 molecules cm^-2"},"geometry":{"type":"Polygon","coordinates":[[[-84.575,33.825],[-84.525,33.825],[-84.525,33.875],[-84.575,33.875],[-84.575,33.825]]]}},{"type":"Feature","properties":{"layer":"TEMPO NO2","transport":"Westward","timePeriod":"12:00-14:00 EDT Eastward","NO2":2.58355951,"unit":"10^15 molecules cm^-2"},"geometry":{"type":"Polygon","coordinates":[[[-84.525,33.825],[-84.475,33.825],[-84.475,33.875],[-84.525,33.875],[-84.525,33.825]]]}},{"type":"Feature","properties":{"layer":"TEMPO NO2","transport":"Westward","timePeriod":"12:00-14:00 EDT Eastward","NO2":2.67057776,"unit":"10^15 molecules cm^-2"},"geometry":{"type":"Polygon","coordinates":[[[-84.475,33.825],[-84.425,33.825],[-84.425,33.875],[-84.475,33.875],[-84.475,33.825]]]}},{"type":"Feature","properties":{"layer":"TEMPO NO2","transport":"Westward","timePeriod":"12:00-14:00 EDT Eastward","NO2":2.98768973,"unit":"10^15 molecules cm^-2"},"geometry":{"type":"Polygon","coordinates":[[[-84.425,33.825],[-84.375,33.825],[-84.375,33.875],[-84.425,33.875],[-84.425,33.825]]]}},{"type":"Feature","properties":{"layer":"TEMPO NO2","transport":"Westward","timePeriod":"12:00-14:00 EDT Eastward","NO2":2.8376379,"unit":"10^15 molecules cm^-2"},"geometry":{"type":"Polygon","coordinates":[[[-84.375,33.825],[-84.325,33.825],[-84.325,33.875],[-84.375,33.875],[-84.375,33.825]]]}},{"type":"Feature","properties":{"layer":"TEMPO NO2","transport":"Westward","timePeriod":"12:00-14:00 EDT Eastward","NO2":2.48406672,"unit":"10^15 molecules cm^-2"},"geometry":{"type":"Polygon","coordinates":[[[-84.325,33.825],[-84.275,33.825],[-84.275,33.875],[-84.325,33.875],[-84.325,33.825]]]}},{"type":"Feature","properties":{"layer":"TEMPO NO2","transport":"Westward","timePeriod":"12:00-14:00 EDT Eastward","NO2":2.63884807,"unit":"10^15 molecules cm^-2"},"geometry":{"type":"Polygon","coordinates":[[[-84.275,33.825],[-84.225,33.825],[-84.225,33.875],[-84.275,33.875],[-84.275,33.825]]]}},{"type":"Feature","properties":{"layer":"TEMPO NO2","transport":"Westward","timePeriod":"12:00-14:00 EDT Eastward","NO2":2.62282681,"unit":"10^15 molecules cm^-2"},"geometry":{"type":"Polygon","coordinates":[[[-84.225,33.825],[-84.175,33.825],[-84.175,33.875],[-84.225,33.875],[-84.225,33.825]]]}},{"type":"Feature","properties":{"layer":"TEMPO NO2","transport":"Westward","timePeriod":"12:00-14:00 EDT Eastward","NO2":2.31214,"unit":"10^15 molecules cm^-2"},"geometry":{"type":"Polygon","coordinates":[[[-84.175,33.825],[-84.125,33.825],[-84.125,33.875],[-84.175,33.875],[-84.175,33.825]]]}},{"type":"Feature","properties":{"layer":"TEMPO NO2","transport":"Westward","timePeriod":"12:00-14:00 EDT Eastward","NO2":2.59502792,"unit":"10^15 molecules cm^-2"},"geometry":{"type":"Polygon","coordinates":[[[-84.125,33.825],[-84.075,33.825],[-84.075,33.875],[-84.125,33.875],[-84.125,33.825]]]}},{"type":"Feature","properties":{"layer":"TEMPO NO2","transport":"Westward","timePeriod":"12:00-14:00 EDT Eastward","NO2":2.17813969,"unit":"10^15 molecules cm^-2"},"geometry":{"type":"Polygon","coordinates":[[[-84.075,33.825],[-84.025,33.825],[-84.025,33.875],[-84.075,33.875],[-84.075,33.825]]]}},{"type":"Feature","properties":{"layer":"TEMPO NO2","transport":"Westward","timePeriod":"12:00-14:00 EDT Eastward","NO2":1.90376639,"unit":"10^15 molecules cm^-2"},"geometry":{"type":"Polygon","coordinates":[[[-84.025,33.825],[-83.975,33.825],[-83.975,33.875],[-84.025,33.875],[-84.025,33.825]]]}},{"type":"Feature","properties":{"layer":"TEMPO NO2","transport":"Westward","timePeriod":"12:00-14:00 EDT Eastward","NO2":1.88962841,"unit":"10^15 molecules cm^-2"},"geometry":{"type":"Polygon","coordinates":[[[-83.975,33.825],[-83.925,33.825],[-83.925,33.875],[-83.975,33.875],[-83.975,33.825]]]}},{"type":"Feature","properties":{"layer":"TEMPO NO2","transport":"Westward","timePeriod":"12:00-14:00 EDT Eastward","NO2":1.90410733,"unit":"10^15 molecules cm^-2"},"geometry":{"type":"Polygon","coordinates":[[[-83.925,33.825],[-83.875,33.825],[-83.875,33.875],[-83.925,33.875],[-83.925,33.825]]]}},{"type":"Feature","properties":{"layer":"TEMPO NO2","transport":"Westward","timePeriod":"12:00-14:00 EDT Eastward","NO2":1.8562665,"unit":"10^15 molecules cm^-2"},"geometry":{"type":"Polygon","coordinates":[[[-83.875,33.825],[-83.825,33.825],[-83.825,33.875],[-83.875,33.875],[-83.875,33.825]]]}},{"type":"Feature","properties":{"layer":"TEMPO NO2","transport":"Westward","timePeriod":"12:00-14:00 EDT Eastward","NO2":1.80931902,"unit":"10^15 molecules cm^-2"},"geometry":{"type":"Polygon","coordinates":[[[-83.825,33.825],[-83.775,33.825],[-83.775,33.875],[-83.825,33.875],[-83.825,33.825]]]}},{"type":"Feature","properties":{"layer":"TEMPO NO2","transport":"Westward","timePeriod":"12:00-14:00 EDT Eastward","NO2":1.59023845,"unit":"10^15 molecules cm^-2"},"geometry":{"type":"Polygon","coordinates":[[[-84.975,33.875],[-84.925,33.875],[-84.925,33.925],[-84.975,33.925],[-84.975,33.875]]]}},{"type":"Feature","properties":{"layer":"TEMPO NO2","transport":"Westward","timePeriod":"12:00-14:00 EDT Eastward","NO2":1.77697945,"unit":"10^15 molecules cm^-2"},"geometry":{"type":"Polygon","coordinates":[[[-84.925,33.875],[-84.875,33.875],[-84.875,33.925],[-84.925,33.925],[-84.925,33.875]]]}},{"type":"Feature","properties":{"layer":"TEMPO NO2","transport":"Westward","timePeriod":"12:00-14:00 EDT Eastward","NO2":1.57413638,"unit":"10^15 molecules cm^-2"},"geometry":{"type":"Polygon","coordinates":[[[-84.875,33.875],[-84.825,33.875],[-84.825,33.925],[-84.875,33.925],[-84.875,33.875]]]}},{"type":"Feature","properties":{"layer":"TEMPO NO2","transport":"Westward","timePeriod":"12:00-14:00 EDT Eastward","NO2":1.69825256,"unit":"10^15 molecules cm^-2"},"geometry":{"type":"Polygon","coordinates":[[[-84.825,33.875],[-84.775,33.875],[-84.775,33.925],[-84.825,33.925],[-84.825,33.875]]]}},{"type":"Feature","properties":{"layer":"TEMPO NO2","transport":"Westward","timePeriod":"12:00-14:00 EDT Eastward","NO2":1.81256855,"unit":"10^15 molecules cm^-2"},"geometry":{"type":"Polygon","coordinates":[[[-84.775,33.875],[-84.725,33.875],[-84.725,33.925],[-84.775,33.925],[-84.775,33.875]]]}},{"type":"Feature","properties":{"layer":"TEMPO NO2","transport":"Westward","timePeriod":"12:00-14:00 EDT Eastward","NO2":1.66727233,"unit":"10^15 molecules cm^-2"},"geometry":{"type":"Polygon","coordinates":[[[-84.725,33.875],[-84.675,33.875],[-84.675,33.925],[-84.725,33.925],[-84.725,33.875]]]}},{"type":"Feature","properties":{"layer":"TEMPO NO2","transport":"Westward","timePeriod":"12:00-14:00 EDT Eastward","NO2":1.94136405,"unit":"10^15 molecules cm^-2"},"geometry":{"type":"Polygon","coordinates":[[[-84.675,33.875],[-84.625,33.875],[-84.625,33.925],[-84.675,33.925],[-84.675,33.875]]]}},{"type":"Feature","properties":{"layer":"TEMPO NO2","transport":"Westward","timePeriod":"12:00-14:00 EDT Eastward","NO2":2.10834,"unit":"10^15 molecules cm^-2"},"geometry":{"type":"Polygon","coordinates":[[[-84.625,33.875],[-84.575,33.875],[-84.575,33.925],[-84.625,33.925],[-84.625,33.875]]]}},{"type":"Feature","properties":{"layer":"TEMPO NO2","transport":"Westward","timePeriod":"12:00-14:00 EDT Eastward","NO2":2.04307842,"unit":"10^15 molecules cm^-2"},"geometry":{"type":"Polygon","coordinates":[[[-84.575,33.875],[-84.525,33.875],[-84.525,33.925],[-84.575,33.925],[-84.575,33.875]]]}},{"type":"Feature","properties":{"layer":"TEMPO NO2","transport":"Westward","timePeriod":"12:00-14:00 EDT Eastward","NO2":2.24974036,"unit":"10^15 molecules cm^-2"},"geometry":{"type":"Polygon","coordinates":[[[-84.525,33.875],[-84.475,33.875],[-84.475,33.925],[-84.525,33.925],[-84.525,33.875]]]}},{"type":"Feature","properties":{"layer":"TEMPO NO2","transport":"Westward","timePeriod":"12:00-14:00 EDT Eastward","NO2":2.27517414,"unit":"10^15 molecules cm^-2"},"geometry":{"type":"Polygon","coordinates":[[[-84.475,33.875],[-84.425,33.875],[-84.425,33.925],[-84.475,33.925],[-84.475,33.875]]]}},{"type":"Feature","properties":{"layer":"TEMPO NO2","transport":"Westward","timePeriod":"12:00-14:00 EDT Eastward","NO2":2.36581922,"unit":"10^15 molecules cm^-2"},"geometry":{"type":"Polygon","coordinates":[[[-84.425,33.875],[-84.375,33.875],[-84.375,33.925],[-84.425,33.925],[-84.425,33.875]]]}},{"type":"Feature","properties":{"layer":"TEMPO NO2","transport":"Westward","timePeriod":"12:00-14:00 EDT Eastward","NO2":2.36920667,"unit":"10^15 molecules cm^-2"},"geometry":{"type":"Polygon","coordinates":[[[-84.375,33.875],[-84.325,33.875],[-84.325,33.925],[-84.375,33.925],[-84.375,33.875]]]}},{"type":"Feature","properties":{"layer":"TEMPO NO2","transport":"Westward","timePeriod":"12:00-14:00 EDT Eastward","NO2":2.42162728,"unit":"10^15 molecules cm^-2"},"geometry":{"type":"Polygon","coordinates":[[[-84.325,33.875],[-84.275,33.875],[-84.275,33.925],[-84.325,33.925],[-84.325,33.875]]]}},{"type":"Feature","properties":{"layer":"TEMPO NO2","transport":"Westward","timePeriod":"12:00-14:00 EDT Eastward","NO2":2.50897431,"unit":"10^15 molecules cm^-2"},"geometry":{"type":"Polygon","coordinates":[[[-84.275,33.875],[-84.225,33.875],[-84.225,33.925],[-84.275,33.925],[-84.275,33.875]]]}},{"type":"Feature","properties":{"layer":"TEMPO NO2","transport":"Westward","timePeriod":"12:00-14:00 EDT Eastward","NO2":2.54086041,"unit":"10^15 molecules cm^-2"},"geometry":{"type":"Polygon","coordinates":[[[-84.225,33.875],[-84.175,33.875],[-84.175,33.925],[-84.225,33.925],[-84.225,33.875]]]}},{"type":"Feature","properties":{"layer":"TEMPO NO2","transport":"Westward","timePeriod":"12:00-14:00 EDT Eastward","NO2":2.32924461,"unit":"10^15 molecules cm^-2"},"geometry":{"type":"Polygon","coordinates":[[[-84.175,33.875],[-84.125,33.875],[-84.125,33.925],[-84.175,33.925],[-84.175,33.875]]]}},{"type":"Feature","properties":{"layer":"TEMPO NO2","transport":"Westward","timePeriod":"12:00-14:00 EDT Eastward","NO2":2.43306828,"unit":"10^15 molecules cm^-2"},"geometry":{"type":"Polygon","coordinates":[[[-84.125,33.875],[-84.075,33.875],[-84.075,33.925],[-84.125,33.925],[-84.125,33.875]]]}},{"type":"Feature","properties":{"layer":"TEMPO NO2","transport":"Westward","timePeriod":"12:00-14:00 EDT Eastward","NO2":2.38771677,"unit":"10^15 molecules cm^-2"},"geometry":{"type":"Polygon","coordinates":[[[-84.075,33.875],[-84.025,33.875],[-84.025,33.925],[-84.075,33.925],[-84.075,33.875]]]}},{"type":"Feature","properties":{"layer":"TEMPO NO2","transport":"Westward","timePeriod":"12:00-14:00 EDT Eastward","NO2":2.38882,"unit":"10^15 molecules cm^-2"},"geometry":{"type":"Polygon","coordinates":[[[-84.025,33.875],[-83.975,33.875],[-83.975,33.925],[-84.025,33.925],[-84.025,33.875]]]}},{"type":"Feature","properties":{"layer":"TEMPO NO2","transport":"Westward","timePeriod":"12:00-14:00 EDT Eastward","NO2":2.29006672,"unit":"10^15 molecules cm^-2"},"geometry":{"type":"Polygon","coordinates":[[[-83.975,33.875],[-83.925,33.875],[-83.925,33.925],[-83.975,33.925],[-83.975,33.875]]]}},{"type":"Feature","properties":{"layer":"TEMPO NO2","transport":"Westward","timePeriod":"12:00-14:00 EDT Eastward","NO2":2.164644,"unit":"10^15 molecules cm^-2"},"geometry":{"type":"Polygon","coordinates":[[[-83.925,33.875],[-83.875,33.875],[-83.875,33.925],[-83.925,33.925],[-83.925,33.875]]]}},{"type":"Feature","properties":{"layer":"TEMPO NO2","transport":"Westward","timePeriod":"12:00-14:00 EDT Eastward","NO2":1.90877032,"unit":"10^15 molecules cm^-2"},"geometry":{"type":"Polygon","coordinates":[[[-83.875,33.875],[-83.825,33.875],[-83.825,33.925],[-83.875,33.925],[-83.875,33.875]]]}},{"type":"Feature","properties":{"layer":"TEMPO NO2","transport":"Westward","timePeriod":"12:00-14:00 EDT Eastward","NO2":1.81071401,"unit":"10^15 molecules cm^-2"},"geometry":{"type":"Polygon","coordinates":[[[-83.825,33.875],[-83.775,33.875],[-83.775,33.925],[-83.825,33.925],[-83.825,33.875]]]}},{"type":"Feature","properties":{"layer":"TEMPO NO2","transport":"Westward","timePeriod":"12:00-14:00 EDT Eastward","NO2":1.53520501,"unit":"10^15 molecules cm^-2"},"geometry":{"type":"Polygon","coordinates":[[[-84.975,33.925],[-84.925,33.925],[-84.925,33.975],[-84.975,33.975],[-84.975,33.925]]]}},{"type":"Feature","properties":{"layer":"TEMPO NO2","transport":"Westward","timePeriod":"12:00-14:00 EDT Eastward","NO2":1.78732765,"unit":"10^15 molecules cm^-2"},"geometry":{"type":"Polygon","coordinates":[[[-84.925,33.925],[-84.875,33.925],[-84.875,33.975],[-84.925,33.975],[-84.925,33.925]]]}},{"type":"Feature","properties":{"layer":"TEMPO NO2","transport":"Westward","timePeriod":"12:00-14:00 EDT Eastward","NO2":1.91896784,"unit":"10^15 molecules cm^-2"},"geometry":{"type":"Polygon","coordinates":[[[-84.875,33.925],[-84.825,33.925],[-84.825,33.975],[-84.875,33.975],[-84.875,33.925]]]}},{"type":"Feature","properties":{"layer":"TEMPO NO2","transport":"Westward","timePeriod":"12:00-14:00 EDT Eastward","NO2":1.88412273,"unit":"10^15 molecules cm^-2"},"geometry":{"type":"Polygon","coordinates":[[[-84.825,33.925],[-84.775,33.925],[-84.775,33.975],[-84.825,33.975],[-84.825,33.925]]]}},{"type":"Feature","properties":{"layer":"TEMPO NO2","transport":"Westward","timePeriod":"12:00-14:00 EDT Eastward","NO2":1.87777412,"unit":"10^15 molecules cm^-2"},"geometry":{"type":"Polygon","coordinates":[[[-84.775,33.925],[-84.725,33.925],[-84.725,33.975],[-84.775,33.975],[-84.775,33.925]]]}},{"type":"Feature","properties":{"layer":"TEMPO NO2","transport":"Westward","timePeriod":"12:00-14:00 EDT Eastward","NO2":1.77932584,"unit":"10^15 molecules cm^-2"},"geometry":{"type":"Polygon","coordinates":[[[-84.725,33.925],[-84.675,33.925],[-84.675,33.975],[-84.725,33.975],[-84.725,33.925]]]}},{"type":"Feature","properties":{"layer":"TEMPO NO2","transport":"Westward","timePeriod":"12:00-14:00 EDT Eastward","NO2":2.0000546,"unit":"10^15 molecules cm^-2"},"geometry":{"type":"Polygon","coordinates":[[[-84.675,33.925],[-84.625,33.925],[-84.625,33.975],[-84.675,33.975],[-84.675,33.925]]]}},{"type":"Feature","properties":{"layer":"TEMPO NO2","transport":"Westward","timePeriod":"12:00-14:00 EDT Eastward","NO2":1.98813808,"unit":"10^15 molecules cm^-2"},"geometry":{"type":"Polygon","coordinates":[[[-84.625,33.925],[-84.575,33.925],[-84.575,33.975],[-84.625,33.975],[-84.625,33.925]]]}},{"type":"Feature","properties":{"layer":"TEMPO NO2","transport":"Westward","timePeriod":"12:00-14:00 EDT Eastward","NO2":2.31301761,"unit":"10^15 molecules cm^-2"},"geometry":{"type":"Polygon","coordinates":[[[-84.575,33.925],[-84.525,33.925],[-84.525,33.975],[-84.575,33.975],[-84.575,33.925]]]}},{"type":"Feature","properties":{"layer":"TEMPO NO2","transport":"Westward","timePeriod":"12:00-14:00 EDT Eastward","NO2":2.37596083,"unit":"10^15 molecules cm^-2"},"geometry":{"type":"Polygon","coordinates":[[[-84.525,33.925],[-84.475,33.925],[-84.475,33.975],[-84.525,33.975],[-84.525,33.925]]]}},{"type":"Feature","properties":{"layer":"TEMPO NO2","transport":"Westward","timePeriod":"12:00-14:00 EDT Eastward","NO2":2.35962248,"unit":"10^15 molecules cm^-2"},"geometry":{"type":"Polygon","coordinates":[[[-84.475,33.925],[-84.425,33.925],[-84.425,33.975],[-84.475,33.975],[-84.475,33.925]]]}},{"type":"Feature","properties":{"layer":"TEMPO NO2","transport":"Westward","timePeriod":"12:00-14:00 EDT Eastward","NO2":2.28860426,"unit":"10^15 molecules cm^-2"},"geometry":{"type":"Polygon","coordinates":[[[-84.425,33.925],[-84.375,33.925],[-84.375,33.975],[-84.425,33.975],[-84.425,33.925]]]}},{"type":"Feature","properties":{"layer":"TEMPO NO2","transport":"Westward","timePeriod":"12:00-14:00 EDT Eastward","NO2":2.60908222,"unit":"10^15 molecules cm^-2"},"geometry":{"type":"Polygon","coordinates":[[[-84.375,33.925],[-84.325,33.925],[-84.325,33.975],[-84.375,33.975],[-84.375,33.925]]]}},{"type":"Feature","properties":{"layer":"TEMPO NO2","transport":"Westward","timePeriod":"12:00-14:00 EDT Eastward","NO2":2.57499671,"unit":"10^15 molecules cm^-2"},"geometry":{"type":"Polygon","coordinates":[[[-84.325,33.925],[-84.275,33.925],[-84.275,33.975],[-84.325,33.975],[-84.325,33.925]]]}},{"type":"Feature","properties":{"layer":"TEMPO NO2","transport":"Westward","timePeriod":"12:00-14:00 EDT Eastward","NO2":2.92855501,"unit":"10^15 molecules cm^-2"},"geometry":{"type":"Polygon","coordinates":[[[-84.275,33.925],[-84.225,33.925],[-84.225,33.975],[-84.275,33.975],[-84.275,33.925]]]}},{"type":"Feature","properties":{"layer":"TEMPO NO2","transport":"Westward","timePeriod":"12:00-14:00 EDT Eastward","NO2":2.61760187,"unit":"10^15 molecules cm^-2"},"geometry":{"type":"Polygon","coordinates":[[[-84.225,33.925],[-84.175,33.925],[-84.175,33.975],[-84.225,33.975],[-84.225,33.925]]]}},{"type":"Feature","properties":{"layer":"TEMPO NO2","transport":"Westward","timePeriod":"12:00-14:00 EDT Eastward","NO2":2.49469686,"unit":"10^15 molecules cm^-2"},"geometry":{"type":"Polygon","coordinates":[[[-84.175,33.925],[-84.125,33.925],[-84.125,33.975],[-84.175,33.975],[-84.175,33.925]]]}},{"type":"Feature","properties":{"layer":"TEMPO NO2","transport":"Westward","timePeriod":"12:00-14:00 EDT Eastward","NO2":2.24573708,"unit":"10^15 molecules cm^-2"},"geometry":{"type":"Polygon","coordinates":[[[-84.125,33.925],[-84.075,33.925],[-84.075,33.975],[-84.125,33.975],[-84.125,33.925]]]}},{"type":"Feature","properties":{"layer":"TEMPO NO2","transport":"Westward","timePeriod":"12:00-14:00 EDT Eastward","NO2":2.17096019,"unit":"10^15 molecules cm^-2"},"geometry":{"type":"Polygon","coordinates":[[[-84.075,33.925],[-84.025,33.925],[-84.025,33.975],[-84.075,33.975],[-84.075,33.925]]]}},{"type":"Feature","properties":{"layer":"TEMPO NO2","transport":"Westward","timePeriod":"12:00-14:00 EDT Eastward","NO2":2.14319944,"unit":"10^15 molecules cm^-2"},"geometry":{"type":"Polygon","coordinates":[[[-84.025,33.925],[-83.975,33.925],[-83.975,33.975],[-84.025,33.975],[-84.025,33.925]]]}},{"type":"Feature","properties":{"layer":"TEMPO NO2","transport":"Westward","timePeriod":"12:00-14:00 EDT Eastward","NO2":1.99075842,"unit":"10^15 molecules cm^-2"},"geometry":{"type":"Polygon","coordinates":[[[-83.975,33.925],[-83.925,33.925],[-83.925,33.975],[-83.975,33.975],[-83.975,33.925]]]}},{"type":"Feature","properties":{"layer":"TEMPO NO2","transport":"Westward","timePeriod":"12:00-14:00 EDT Eastward","NO2":2.11642194,"unit":"10^15 molecules cm^-2"},"geometry":{"type":"Polygon","coordinates":[[[-83.925,33.925],[-83.875,33.925],[-83.875,33.975],[-83.925,33.975],[-83.925,33.925]]]}},{"type":"Feature","properties":{"layer":"TEMPO NO2","transport":"Westward","timePeriod":"12:00-14:00 EDT Eastward","NO2":1.98354292,"unit":"10^15 molecules cm^-2"},"geometry":{"type":"Polygon","coordinates":[[[-83.875,33.925],[-83.825,33.925],[-83.825,33.975],[-83.875,33.975],[-83.875,33.925]]]}},{"type":"Feature","properties":{"layer":"TEMPO NO2","transport":"Westward","timePeriod":"12:00-14:00 EDT Eastward","NO2":1.92451155,"unit":"10^15 molecules cm^-2"},"geometry":{"type":"Polygon","coordinates":[[[-83.825,33.925],[-83.775,33.925],[-83.775,33.975],[-83.825,33.975],[-83.825,33.925]]]}},{"type":"Feature","properties":{"layer":"TEMPO NO2","transport":"Westward","timePeriod":"12:00-14:00 EDT Eastward","NO2":1.51208806,"unit":"10^15 molecules cm^-2"},"geometry":{"type":"Polygon","coordinates":[[[-84.975,33.975],[-84.925,33.975],[-84.925,34.025],[-84.975,34.025],[-84.975,33.975]]]}},{"type":"Feature","properties":{"layer":"TEMPO NO2","transport":"Westward","timePeriod":"12:00-14:00 EDT Eastward","NO2":1.72858369,"unit":"10^15 molecules cm^-2"},"geometry":{"type":"Polygon","coordinates":[[[-84.925,33.975],[-84.875,33.975],[-84.875,34.025],[-84.925,34.025],[-84.925,33.975]]]}},{"type":"Feature","properties":{"layer":"TEMPO NO2","transport":"Westward","timePeriod":"12:00-14:00 EDT Eastward","NO2":1.91238725,"unit":"10^15 molecules cm^-2"},"geometry":{"type":"Polygon","coordinates":[[[-84.875,33.975],[-84.825,33.975],[-84.825,34.025],[-84.875,34.025],[-84.875,33.975]]]}},{"type":"Feature","properties":{"layer":"TEMPO NO2","transport":"Westward","timePeriod":"12:00-14:00 EDT Eastward","NO2":2.09277415,"unit":"10^15 molecules cm^-2"},"geometry":{"type":"Polygon","coordinates":[[[-84.825,33.975],[-84.775,33.975],[-84.775,34.025],[-84.825,34.025],[-84.825,33.975]]]}},{"type":"Feature","properties":{"layer":"TEMPO NO2","transport":"Westward","timePeriod":"12:00-14:00 EDT Eastward","NO2":1.83014452,"unit":"10^15 molecules cm^-2"},"geometry":{"type":"Polygon","coordinates":[[[-84.775,33.975],[-84.725,33.975],[-84.725,34.025],[-84.775,34.025],[-84.775,33.975]]]}},{"type":"Feature","properties":{"layer":"TEMPO NO2","transport":"Westward","timePeriod":"12:00-14:00 EDT Eastward","NO2":1.78303635,"unit":"10^15 molecules cm^-2"},"geometry":{"type":"Polygon","coordinates":[[[-84.725,33.975],[-84.675,33.975],[-84.675,34.025],[-84.725,34.025],[-84.725,33.975]]]}},{"type":"Feature","properties":{"layer":"TEMPO NO2","transport":"Westward","timePeriod":"12:00-14:00 EDT Eastward","NO2":1.86886179,"unit":"10^15 molecules cm^-2"},"geometry":{"type":"Polygon","coordinates":[[[-84.675,33.975],[-84.625,33.975],[-84.625,34.025],[-84.675,34.025],[-84.675,33.975]]]}},{"type":"Feature","properties":{"layer":"TEMPO NO2","transport":"Westward","timePeriod":"12:00-14:00 EDT Eastward","NO2":1.9937315,"unit":"10^15 molecules cm^-2"},"geometry":{"type":"Polygon","coordinates":[[[-84.625,33.975],[-84.575,33.975],[-84.575,34.025],[-84.625,34.025],[-84.625,33.975]]]}},{"type":"Feature","properties":{"layer":"TEMPO NO2","transport":"Westward","timePeriod":"12:00-14:00 EDT Eastward","NO2":2.33530045,"unit":"10^15 molecules cm^-2"},"geometry":{"type":"Polygon","coordinates":[[[-84.575,33.975],[-84.525,33.975],[-84.525,34.025],[-84.575,34.025],[-84.575,33.975]]]}},{"type":"Feature","properties":{"layer":"TEMPO NO2","transport":"Westward","timePeriod":"12:00-14:00 EDT Eastward","NO2":2.18161201,"unit":"10^15 molecules cm^-2"},"geometry":{"type":"Polygon","coordinates":[[[-84.525,33.975],[-84.475,33.975],[-84.475,34.025],[-84.525,34.025],[-84.525,33.975]]]}},{"type":"Feature","properties":{"layer":"TEMPO NO2","transport":"Westward","timePeriod":"12:00-14:00 EDT Eastward","NO2":2.07187939,"unit":"10^15 molecules cm^-2"},"geometry":{"type":"Polygon","coordinates":[[[-84.475,33.975],[-84.425,33.975],[-84.425,34.025],[-84.475,34.025],[-84.475,33.975]]]}},{"type":"Feature","properties":{"layer":"TEMPO NO2","transport":"Westward","timePeriod":"12:00-14:00 EDT Eastward","NO2":2.07202888,"unit":"10^15 molecules cm^-2"},"geometry":{"type":"Polygon","coordinates":[[[-84.425,33.975],[-84.375,33.975],[-84.375,34.025],[-84.425,34.025],[-84.425,33.975]]]}},{"type":"Feature","properties":{"layer":"TEMPO NO2","transport":"Westward","timePeriod":"12:00-14:00 EDT Eastward","NO2":2.09550214,"unit":"10^15 molecules cm^-2"},"geometry":{"type":"Polygon","coordinates":[[[-84.375,33.975],[-84.325,33.975],[-84.325,34.025],[-84.375,34.025],[-84.375,33.975]]]}},{"type":"Feature","properties":{"layer":"TEMPO NO2","transport":"Westward","timePeriod":"12:00-14:00 EDT Eastward","NO2":2.00033545,"unit":"10^15 molecules cm^-2"},"geometry":{"type":"Polygon","coordinates":[[[-84.325,33.975],[-84.275,33.975],[-84.275,34.025],[-84.325,34.025],[-84.325,33.975]]]}},{"type":"Feature","properties":{"layer":"TEMPO NO2","transport":"Westward","timePeriod":"12:00-14:00 EDT Eastward","NO2":2.30239129,"unit":"10^15 molecules cm^-2"},"geometry":{"type":"Polygon","coordinates":[[[-84.275,33.975],[-84.225,33.975],[-84.225,34.025],[-84.275,34.025],[-84.275,33.975]]]}},{"type":"Feature","properties":{"layer":"TEMPO NO2","transport":"Westward","timePeriod":"12:00-14:00 EDT Eastward","NO2":2.51507783,"unit":"10^15 molecules cm^-2"},"geometry":{"type":"Polygon","coordinates":[[[-84.225,33.975],[-84.175,33.975],[-84.175,34.025],[-84.225,34.025],[-84.225,33.975]]]}},{"type":"Feature","properties":{"layer":"TEMPO NO2","transport":"Westward","timePeriod":"12:00-14:00 EDT Eastward","NO2":2.34927893,"unit":"10^15 molecules cm^-2"},"geometry":{"type":"Polygon","coordinates":[[[-84.175,33.975],[-84.125,33.975],[-84.125,34.025],[-84.175,34.025],[-84.175,33.975]]]}},{"type":"Feature","properties":{"layer":"TEMPO NO2","transport":"Westward","timePeriod":"12:00-14:00 EDT Eastward","NO2":2.59890461,"unit":"10^15 molecules cm^-2"},"geometry":{"type":"Polygon","coordinates":[[[-84.125,33.975],[-84.075,33.975],[-84.075,34.025],[-84.125,34.025],[-84.125,33.975]]]}},{"type":"Feature","properties":{"layer":"TEMPO NO2","transport":"Westward","timePeriod":"12:00-14:00 EDT Eastward","NO2":2.46250129,"unit":"10^15 molecules cm^-2"},"geometry":{"type":"Polygon","coordinates":[[[-84.075,33.975],[-84.025,33.975],[-84.025,34.025],[-84.075,34.025],[-84.075,33.975]]]}},{"type":"Feature","properties":{"layer":"TEMPO NO2","transport":"Westward","timePeriod":"12:00-14:00 EDT Eastward","NO2":2.69989276,"unit":"10^15 molecules cm^-2"},"geometry":{"type":"Polygon","coordinates":[[[-84.025,33.975],[-83.975,33.975],[-83.975,34.025],[-84.025,34.025],[-84.025,33.975]]]}},{"type":"Feature","properties":{"layer":"TEMPO NO2","transport":"Westward","timePeriod":"12:00-14:00 EDT Eastward","NO2":2.24670434,"unit":"10^15 molecules cm^-2"},"geometry":{"type":"Polygon","coordinates":[[[-83.975,33.975],[-83.925,33.975],[-83.925,34.025],[-83.975,34.025],[-83.975,33.975]]]}},{"type":"Feature","properties":{"layer":"TEMPO NO2","transport":"Westward","timePeriod":"12:00-14:00 EDT Eastward","NO2":2.00051761,"unit":"10^15 molecules cm^-2"},"geometry":{"type":"Polygon","coordinates":[[[-83.925,33.975],[-83.875,33.975],[-83.875,34.025],[-83.925,34.025],[-83.925,33.975]]]}},{"type":"Feature","properties":{"layer":"TEMPO NO2","transport":"Westward","timePeriod":"12:00-14:00 EDT Eastward","NO2":2.01280808,"unit":"10^15 molecules cm^-2"},"geometry":{"type":"Polygon","coordinates":[[[-83.875,33.975],[-83.825,33.975],[-83.825,34.025],[-83.875,34.025],[-83.875,33.975]]]}},{"type":"Feature","properties":{"layer":"TEMPO NO2","transport":"Westward","timePeriod":"12:00-14:00 EDT Eastward","NO2":2.00669837,"unit":"10^15 molecules cm^-2"},"geometry":{"type":"Polygon","coordinates":[[[-83.825,33.975],[-83.775,33.975],[-83.775,34.025],[-83.825,34.025],[-83.825,33.975]]]}},{"type":"Feature","properties":{"layer":"TEMPO NO2","transport":"Westward","timePeriod":"12:00-14:00 EDT Eastward","NO2":1.49345398,"unit":"10^15 molecules cm^-2"},"geometry":{"type":"Polygon","coordinates":[[[-84.975,34.025],[-84.925,34.025],[-84.925,34.075],[-84.975,34.075],[-84.975,34.025]]]}},{"type":"Feature","properties":{"layer":"TEMPO NO2","transport":"Westward","timePeriod":"12:00-14:00 EDT Eastward","NO2":1.79220498,"unit":"10^15 molecules cm^-2"},"geometry":{"type":"Polygon","coordinates":[[[-84.925,34.025],[-84.875,34.025],[-84.875,34.075],[-84.925,34.075],[-84.925,34.025]]]}},{"type":"Feature","properties":{"layer":"TEMPO NO2","transport":"Westward","timePeriod":"12:00-14:00 EDT Eastward","NO2":1.74861276,"unit":"10^15 molecules cm^-2"},"geometry":{"type":"Polygon","coordinates":[[[-84.875,34.025],[-84.825,34.025],[-84.825,34.075],[-84.875,34.075],[-84.875,34.025]]]}},{"type":"Feature","properties":{"layer":"TEMPO NO2","transport":"Westward","timePeriod":"12:00-14:00 EDT Eastward","NO2":1.91341972,"unit":"10^15 molecules cm^-2"},"geometry":{"type":"Polygon","coordinates":[[[-84.825,34.025],[-84.775,34.025],[-84.775,34.075],[-84.825,34.075],[-84.825,34.025]]]}},{"type":"Feature","properties":{"layer":"TEMPO NO2","transport":"Westward","timePeriod":"12:00-14:00 EDT Eastward","NO2":1.99184966,"unit":"10^15 molecules cm^-2"},"geometry":{"type":"Polygon","coordinates":[[[-84.775,34.025],[-84.725,34.025],[-84.725,34.075],[-84.775,34.075],[-84.775,34.025]]]}},{"type":"Feature","properties":{"layer":"TEMPO NO2","transport":"Westward","timePeriod":"12:00-14:00 EDT Eastward","NO2":1.61640203,"unit":"10^15 molecules cm^-2"},"geometry":{"type":"Polygon","coordinates":[[[-84.725,34.025],[-84.675,34.025],[-84.675,34.075],[-84.725,34.075],[-84.725,34.025]]]}},{"type":"Feature","properties":{"layer":"TEMPO NO2","transport":"Westward","timePeriod":"12:00-14:00 EDT Eastward","NO2":1.87474012,"unit":"10^15 molecules cm^-2"},"geometry":{"type":"Polygon","coordinates":[[[-84.675,34.025],[-84.625,34.025],[-84.625,34.075],[-84.675,34.075],[-84.675,34.025]]]}},{"type":"Feature","properties":{"layer":"TEMPO NO2","transport":"Westward","timePeriod":"12:00-14:00 EDT Eastward","NO2":2.324682,"unit":"10^15 molecules cm^-2"},"geometry":{"type":"Polygon","coordinates":[[[-84.625,34.025],[-84.575,34.025],[-84.575,34.075],[-84.625,34.075],[-84.625,34.025]]]}},{"type":"Feature","properties":{"layer":"TEMPO NO2","transport":"Westward","timePeriod":"12:00-14:00 EDT Eastward","NO2":2.23041964,"unit":"10^15 molecules cm^-2"},"geometry":{"type":"Polygon","coordinates":[[[-84.575,34.025],[-84.525,34.025],[-84.525,34.075],[-84.575,34.075],[-84.575,34.025]]]}},{"type":"Feature","properties":{"layer":"TEMPO NO2","transport":"Westward","timePeriod":"12:00-14:00 EDT Eastward","NO2":1.88280153,"unit":"10^15 molecules cm^-2"},"geometry":{"type":"Polygon","coordinates":[[[-84.525,34.025],[-84.475,34.025],[-84.475,34.075],[-84.525,34.075],[-84.525,34.025]]]}},{"type":"Feature","properties":{"layer":"TEMPO NO2","transport":"Westward","timePeriod":"12:00-14:00 EDT Eastward","NO2":1.91577566,"unit":"10^15 molecules cm^-2"},"geometry":{"type":"Polygon","coordinates":[[[-84.475,34.025],[-84.425,34.025],[-84.425,34.075],[-84.475,34.075],[-84.475,34.025]]]}},{"type":"Feature","properties":{"layer":"TEMPO NO2","transport":"Westward","timePeriod":"12:00-14:00 EDT Eastward","NO2":1.96539235,"unit":"10^15 molecules cm^-2"},"geometry":{"type":"Polygon","coordinates":[[[-84.425,34.025],[-84.375,34.025],[-84.375,34.075],[-84.425,34.075],[-84.425,34.025]]]}},{"type":"Feature","properties":{"layer":"TEMPO NO2","transport":"Westward","timePeriod":"12:00-14:00 EDT Eastward","NO2":2.07321143,"unit":"10^15 molecules cm^-2"},"geometry":{"type":"Polygon","coordinates":[[[-84.375,34.025],[-84.325,34.025],[-84.325,34.075],[-84.375,34.075],[-84.375,34.025]]]}},{"type":"Feature","properties":{"layer":"TEMPO NO2","transport":"Westward","timePeriod":"12:00-14:00 EDT Eastward","NO2":2.03816915,"unit":"10^15 molecules cm^-2"},"geometry":{"type":"Polygon","coordinates":[[[-84.325,34.025],[-84.275,34.025],[-84.275,34.075],[-84.325,34.075],[-84.325,34.025]]]}},{"type":"Feature","properties":{"layer":"TEMPO NO2","transport":"Westward","timePeriod":"12:00-14:00 EDT Eastward","NO2":2.01072121,"unit":"10^15 molecules cm^-2"},"geometry":{"type":"Polygon","coordinates":[[[-84.275,34.025],[-84.225,34.025],[-84.225,34.075],[-84.275,34.075],[-84.275,34.025]]]}},{"type":"Feature","properties":{"layer":"TEMPO NO2","transport":"Westward","timePeriod":"12:00-14:00 EDT Eastward","NO2":2.10543346,"unit":"10^15 molecules cm^-2"},"geometry":{"type":"Polygon","coordinates":[[[-84.225,34.025],[-84.175,34.025],[-84.175,34.075],[-84.225,34.075],[-84.225,34.025]]]}},{"type":"Feature","properties":{"layer":"TEMPO NO2","transport":"Westward","timePeriod":"12:00-14:00 EDT Eastward","NO2":2.41367316,"unit":"10^15 molecules cm^-2"},"geometry":{"type":"Polygon","coordinates":[[[-84.175,34.025],[-84.125,34.025],[-84.125,34.075],[-84.175,34.075],[-84.175,34.025]]]}},{"type":"Feature","properties":{"layer":"TEMPO NO2","transport":"Westward","timePeriod":"12:00-14:00 EDT Eastward","NO2":2.16280818,"unit":"10^15 molecules cm^-2"},"geometry":{"type":"Polygon","coordinates":[[[-84.125,34.025],[-84.075,34.025],[-84.075,34.075],[-84.125,34.075],[-84.125,34.025]]]}},{"type":"Feature","properties":{"layer":"TEMPO NO2","transport":"Westward","timePeriod":"12:00-14:00 EDT Eastward","NO2":2.20350266,"unit":"10^15 molecules cm^-2"},"geometry":{"type":"Polygon","coordinates":[[[-84.075,34.025],[-84.025,34.025],[-84.025,34.075],[-84.075,34.075],[-84.075,34.025]]]}},{"type":"Feature","properties":{"layer":"TEMPO NO2","transport":"Westward","timePeriod":"12:00-14:00 EDT Eastward","NO2":1.8181392,"unit":"10^15 molecules cm^-2"},"geometry":{"type":"Polygon","coordinates":[[[-84.025,34.025],[-83.975,34.025],[-83.975,34.075],[-84.025,34.075],[-84.025,34.025]]]}},{"type":"Feature","properties":{"layer":"TEMPO NO2","transport":"Westward","timePeriod":"12:00-14:00 EDT Eastward","NO2":2.33051,"unit":"10^15 molecules cm^-2"},"geometry":{"type":"Polygon","coordinates":[[[-83.975,34.025],[-83.925,34.025],[-83.925,34.075],[-83.975,34.075],[-83.975,34.025]]]}},{"type":"Feature","properties":{"layer":"TEMPO NO2","transport":"Westward","timePeriod":"12:00-14:00 EDT Eastward","NO2":2.04967976,"unit":"10^15 molecules cm^-2"},"geometry":{"type":"Polygon","coordinates":[[[-83.925,34.025],[-83.875,34.025],[-83.875,34.075],[-83.925,34.075],[-83.925,34.025]]]}},{"type":"Feature","properties":{"layer":"TEMPO NO2","transport":"Westward","timePeriod":"12:00-14:00 EDT Eastward","NO2":1.95315802,"unit":"10^15 molecules cm^-2"},"geometry":{"type":"Polygon","coordinates":[[[-83.875,34.025],[-83.825,34.025],[-83.825,34.075],[-83.875,34.075],[-83.875,34.025]]]}},{"type":"Feature","properties":{"layer":"TEMPO NO2","transport":"Westward","timePeriod":"12:00-14:00 EDT Eastward","NO2":1.86160898,"unit":"10^15 molecules cm^-2"},"geometry":{"type":"Polygon","coordinates":[[[-83.825,34.025],[-83.775,34.025],[-83.775,34.075],[-83.825,34.075],[-83.825,34.025]]]}},{"type":"Feature","properties":{"layer":"TEMPO NO2","transport":"Westward","timePeriod":"12:00-14:00 EDT Eastward","NO2":1.80548036,"unit":"10^15 molecules cm^-2"},"geometry":{"type":"Polygon","coordinates":[[[-84.975,34.075],[-84.925,34.075],[-84.925,34.125],[-84.975,34.125],[-84.975,34.075]]]}},{"type":"Feature","properties":{"layer":"TEMPO NO2","transport":"Westward","timePeriod":"12:00-14:00 EDT Eastward","NO2":1.80859458,"unit":"10^15 molecules cm^-2"},"geometry":{"type":"Polygon","coordinates":[[[-84.925,34.075],[-84.875,34.075],[-84.875,34.125],[-84.925,34.125],[-84.925,34.075]]]}},{"type":"Feature","properties":{"layer":"TEMPO NO2","transport":"Westward","timePeriod":"12:00-14:00 EDT Eastward","NO2":2.09008694,"unit":"10^15 molecules cm^-2"},"geometry":{"type":"Polygon","coordinates":[[[-84.875,34.075],[-84.825,34.075],[-84.825,34.125],[-84.875,34.125],[-84.875,34.075]]]}},{"type":"Feature","properties":{"layer":"TEMPO NO2","transport":"Westward","timePeriod":"12:00-14:00 EDT Eastward","NO2":1.99752271,"unit":"10^15 molecules cm^-2"},"geometry":{"type":"Polygon","coordinates":[[[-84.825,34.075],[-84.775,34.075],[-84.775,34.125],[-84.825,34.125],[-84.825,34.075]]]}},{"type":"Feature","properties":{"layer":"TEMPO NO2","transport":"Westward","timePeriod":"12:00-14:00 EDT Eastward","NO2":2.10591984,"unit":"10^15 molecules cm^-2"},"geometry":{"type":"Polygon","coordinates":[[[-84.775,34.075],[-84.725,34.075],[-84.725,34.125],[-84.775,34.125],[-84.775,34.075]]]}},{"type":"Feature","properties":{"layer":"TEMPO NO2","transport":"Westward","timePeriod":"12:00-14:00 EDT Eastward","NO2":2.10283923,"unit":"10^15 molecules cm^-2"},"geometry":{"type":"Polygon","coordinates":[[[-84.725,34.075],[-84.675,34.075],[-84.675,34.125],[-84.725,34.125],[-84.725,34.075]]]}},{"type":"Feature","properties":{"layer":"TEMPO NO2","transport":"Westward","timePeriod":"12:00-14:00 EDT Eastward","NO2":2.20130396,"unit":"10^15 molecules cm^-2"},"geometry":{"type":"Polygon","coordinates":[[[-84.675,34.075],[-84.625,34.075],[-84.625,34.125],[-84.675,34.125],[-84.675,34.075]]]}},{"type":"Feature","properties":{"layer":"TEMPO NO2","transport":"Westward","timePeriod":"12:00-14:00 EDT Eastward","NO2":1.9910382,"unit":"10^15 molecules cm^-2"},"geometry":{"type":"Polygon","coordinates":[[[-84.625,34.075],[-84.575,34.075],[-84.575,34.125],[-84.625,34.125],[-84.625,34.075]]]}},{"type":"Feature","properties":{"layer":"TEMPO NO2","transport":"Westward","timePeriod":"12:00-14:00 EDT Eastward","NO2":2.00144434,"unit":"10^15 molecules cm^-2"},"geometry":{"type":"Polygon","coordinates":[[[-84.575,34.075],[-84.525,34.075],[-84.525,34.125],[-84.575,34.125],[-84.575,34.075]]]}},{"type":"Feature","properties":{"layer":"TEMPO NO2","transport":"Westward","timePeriod":"12:00-14:00 EDT Eastward","NO2":1.9264648,"unit":"10^15 molecules cm^-2"},"geometry":{"type":"Polygon","coordinates":[[[-84.525,34.075],[-84.475,34.075],[-84.475,34.125],[-84.525,34.125],[-84.525,34.075]]]}},{"type":"Feature","properties":{"layer":"TEMPO NO2","transport":"Westward","timePeriod":"12:00-14:00 EDT Eastward","NO2":1.82192314,"unit":"10^15 molecules cm^-2"},"geometry":{"type":"Polygon","coordinates":[[[-84.475,34.075],[-84.425,34.075],[-84.425,34.125],[-84.475,34.125],[-84.475,34.075]]]}},{"type":"Feature","properties":{"layer":"TEMPO NO2","transport":"Westward","timePeriod":"12:00-14:00 EDT Eastward","NO2":1.96785116,"unit":"10^15 molecules cm^-2"},"geometry":{"type":"Polygon","coordinates":[[[-84.425,34.075],[-84.375,34.075],[-84.375,34.125],[-84.425,34.125],[-84.425,34.075]]]}},{"type":"Feature","properties":{"layer":"TEMPO NO2","transport":"Westward","timePeriod":"12:00-14:00 EDT Eastward","NO2":2.00203705,"unit":"10^15 molecules cm^-2"},"geometry":{"type":"Polygon","coordinates":[[[-84.375,34.075],[-84.325,34.075],[-84.325,34.125],[-84.375,34.125],[-84.375,34.075]]]}},{"type":"Feature","properties":{"layer":"TEMPO NO2","transport":"Westward","timePeriod":"12:00-14:00 EDT Eastward","NO2":2.21821284,"unit":"10^15 molecules cm^-2"},"geometry":{"type":"Polygon","coordinates":[[[-84.325,34.075],[-84.275,34.075],[-84.275,34.125],[-84.325,34.125],[-84.325,34.075]]]}},{"type":"Feature","properties":{"layer":"TEMPO NO2","transport":"Westward","timePeriod":"12:00-14:00 EDT Eastward","NO2":2.11000371,"unit":"10^15 molecules cm^-2"},"geometry":{"type":"Polygon","coordinates":[[[-84.275,34.075],[-84.225,34.075],[-84.225,34.125],[-84.275,34.125],[-84.275,34.075]]]}},{"type":"Feature","properties":{"layer":"TEMPO NO2","transport":"Westward","timePeriod":"12:00-14:00 EDT Eastward","NO2":1.98596215,"unit":"10^15 molecules cm^-2"},"geometry":{"type":"Polygon","coordinates":[[[-84.225,34.075],[-84.175,34.075],[-84.175,34.125],[-84.225,34.125],[-84.225,34.075]]]}},{"type":"Feature","properties":{"layer":"TEMPO NO2","transport":"Westward","timePeriod":"12:00-14:00 EDT Eastward","NO2":2.19477391,"unit":"10^15 molecules cm^-2"},"geometry":{"type":"Polygon","coordinates":[[[-84.175,34.075],[-84.125,34.075],[-84.125,34.125],[-84.175,34.125],[-84.175,34.075]]]}},{"type":"Feature","properties":{"layer":"TEMPO NO2","transport":"Westward","timePeriod":"12:00-14:00 EDT Eastward","NO2":2.01827645,"unit":"10^15 molecules cm^-2"},"geometry":{"type":"Polygon","coordinates":[[[-84.125,34.075],[-84.075,34.075],[-84.075,34.125],[-84.125,34.125],[-84.125,34.075]]]}},{"type":"Feature","properties":{"layer":"TEMPO NO2","transport":"Westward","timePeriod":"12:00-14:00 EDT Eastward","NO2":2.16720486,"unit":"10^15 molecules cm^-2"},"geometry":{"type":"Polygon","coordinates":[[[-84.075,34.075],[-84.025,34.075],[-84.025,34.125],[-84.075,34.125],[-84.075,34.075]]]}},{"type":"Feature","properties":{"layer":"TEMPO NO2","transport":"Westward","timePeriod":"12:00-14:00 EDT Eastward","NO2":2.11224914,"unit":"10^15 molecules cm^-2"},"geometry":{"type":"Polygon","coordinates":[[[-84.025,34.075],[-83.975,34.075],[-83.975,34.125],[-84.025,34.125],[-84.025,34.075]]]}},{"type":"Feature","properties":{"layer":"TEMPO NO2","transport":"Westward","timePeriod":"12:00-14:00 EDT Eastward","NO2":2.05401826,"unit":"10^15 molecules cm^-2"},"geometry":{"type":"Polygon","coordinates":[[[-83.975,34.075],[-83.925,34.075],[-83.925,34.125],[-83.975,34.125],[-83.975,34.075]]]}},{"type":"Feature","properties":{"layer":"TEMPO NO2","transport":"Westward","timePeriod":"12:00-14:00 EDT Eastward","NO2":2.11688018,"unit":"10^15 molecules cm^-2"},"geometry":{"type":"Polygon","coordinates":[[[-83.925,34.075],[-83.875,34.075],[-83.875,34.125],[-83.925,34.125],[-83.925,34.075]]]}},{"type":"Feature","properties":{"layer":"TEMPO NO2","transport":"Westward","timePeriod":"12:00-14:00 EDT Eastward","NO2":1.85882175,"unit":"10^15 molecules cm^-2"},"geometry":{"type":"Polygon","coordinates":[[[-83.875,34.075],[-83.825,34.075],[-83.825,34.125],[-83.875,34.125],[-83.875,34.075]]]}},{"type":"Feature","properties":{"layer":"TEMPO NO2","transport":"Westward","timePeriod":"12:00-14:00 EDT Eastward","NO2":1.78077281,"unit":"10^15 molecules cm^-2"},"geometry":{"type":"Polygon","coordinates":[[[-83.825,34.075],[-83.775,34.075],[-83.775,34.125],[-83.825,34.125],[-83.825,34.075]]]}},{"type":"Feature","properties":{"layer":"TEMPO NO2","transport":"Westward","timePeriod":"12:00-14:00 EDT Eastward","NO2":1.6278019,"unit":"10^15 molecules cm^-2"},"geometry":{"type":"Polygon","coordinates":[[[-84.975,34.125],[-84.925,34.125],[-84.925,34.175],[-84.975,34.175],[-84.975,34.125]]]}},{"type":"Feature","properties":{"layer":"TEMPO NO2","transport":"Westward","timePeriod":"12:00-14:00 EDT Eastward","NO2":2.20618,"unit":"10^15 molecules cm^-2"},"geometry":{"type":"Polygon","coordinates":[[[-84.925,34.125],[-84.875,34.125],[-84.875,34.175],[-84.925,34.175],[-84.925,34.125]]]}},{"type":"Feature","properties":{"layer":"TEMPO NO2","transport":"Westward","timePeriod":"12:00-14:00 EDT Eastward","NO2":2.14303517,"unit":"10^15 molecules cm^-2"},"geometry":{"type":"Polygon","coordinates":[[[-84.875,34.125],[-84.825,34.125],[-84.825,34.175],[-84.875,34.175],[-84.875,34.125]]]}},{"type":"Feature","properties":{"layer":"TEMPO NO2","transport":"Westward","timePeriod":"12:00-14:00 EDT Eastward","NO2":1.80627894,"unit":"10^15 molecules cm^-2"},"geometry":{"type":"Polygon","coordinates":[[[-84.825,34.125],[-84.775,34.125],[-84.775,34.175],[-84.825,34.175],[-84.825,34.125]]]}},{"type":"Feature","properties":{"layer":"TEMPO NO2","transport":"Westward","timePeriod":"12:00-14:00 EDT Eastward","NO2":1.86781108,"unit":"10^15 molecules cm^-2"},"geometry":{"type":"Polygon","coordinates":[[[-84.775,34.125],[-84.725,34.125],[-84.725,34.175],[-84.775,34.175],[-84.775,34.125]]]}},{"type":"Feature","properties":{"layer":"TEMPO NO2","transport":"Westward","timePeriod":"12:00-14:00 EDT Eastward","NO2":1.89094841,"unit":"10^15 molecules cm^-2"},"geometry":{"type":"Polygon","coordinates":[[[-84.725,34.125],[-84.675,34.125],[-84.675,34.175],[-84.725,34.175],[-84.725,34.125]]]}},{"type":"Feature","properties":{"layer":"TEMPO NO2","transport":"Westward","timePeriod":"12:00-14:00 EDT Eastward","NO2":1.9211154,"unit":"10^15 molecules cm^-2"},"geometry":{"type":"Polygon","coordinates":[[[-84.675,34.125],[-84.625,34.125],[-84.625,34.175],[-84.675,34.175],[-84.675,34.125]]]}},{"type":"Feature","properties":{"layer":"TEMPO NO2","transport":"Westward","timePeriod":"12:00-14:00 EDT Eastward","NO2":2.07418799,"unit":"10^15 molecules cm^-2"},"geometry":{"type":"Polygon","coordinates":[[[-84.625,34.125],[-84.575,34.125],[-84.575,34.175],[-84.625,34.175],[-84.625,34.125]]]}},{"type":"Feature","properties":{"layer":"TEMPO NO2","transport":"Westward","timePeriod":"12:00-14:00 EDT Eastward","NO2":1.85197878,"unit":"10^15 molecules cm^-2"},"geometry":{"type":"Polygon","coordinates":[[[-84.575,34.125],[-84.525,34.125],[-84.525,34.175],[-84.575,34.175],[-84.575,34.125]]]}},{"type":"Feature","properties":{"layer":"TEMPO NO2","transport":"Westward","timePeriod":"12:00-14:00 EDT Eastward","NO2":1.63758039,"unit":"10^15 molecules cm^-2"},"geometry":{"type":"Polygon","coordinates":[[[-84.525,34.125],[-84.475,34.125],[-84.475,34.175],[-84.525,34.175],[-84.525,34.125]]]}},{"type":"Feature","properties":{"layer":"TEMPO NO2","transport":"Westward","timePeriod":"12:00-14:00 EDT Eastward","NO2":1.64263618,"unit":"10^15 molecules cm^-2"},"geometry":{"type":"Polygon","coordinates":[[[-84.475,34.125],[-84.425,34.125],[-84.425,34.175],[-84.475,34.175],[-84.475,34.125]]]}},{"type":"Feature","properties":{"layer":"TEMPO NO2","transport":"Westward","timePeriod":"12:00-14:00 EDT Eastward","NO2":1.80665684,"unit":"10^15 molecules cm^-2"},"geometry":{"type":"Polygon","coordinates":[[[-84.425,34.125],[-84.375,34.125],[-84.375,34.175],[-84.425,34.175],[-84.425,34.125]]]}},{"type":"Feature","properties":{"layer":"TEMPO NO2","transport":"Westward","timePeriod":"12:00-14:00 EDT Eastward","NO2":1.73180115,"unit":"10^15 molecules cm^-2"},"geometry":{"type":"Polygon","coordinates":[[[-84.375,34.125],[-84.325,34.125],[-84.325,34.175],[-84.375,34.175],[-84.375,34.125]]]}},{"type":"Feature","properties":{"layer":"TEMPO NO2","transport":"Westward","timePeriod":"12:00-14:00 EDT Eastward","NO2":1.76423883,"unit":"10^15 molecules cm^-2"},"geometry":{"type":"Polygon","coordinates":[[[-84.325,34.125],[-84.275,34.125],[-84.275,34.175],[-84.325,34.175],[-84.325,34.125]]]}},{"type":"Feature","properties":{"layer":"TEMPO NO2","transport":"Westward","timePeriod":"12:00-14:00 EDT Eastward","NO2":2.06112337,"unit":"10^15 molecules cm^-2"},"geometry":{"type":"Polygon","coordinates":[[[-84.275,34.125],[-84.225,34.125],[-84.225,34.175],[-84.275,34.175],[-84.275,34.125]]]}},{"type":"Feature","properties":{"layer":"TEMPO NO2","transport":"Westward","timePeriod":"12:00-14:00 EDT Eastward","NO2":1.84990537,"unit":"10^15 molecules cm^-2"},"geometry":{"type":"Polygon","coordinates":[[[-84.225,34.125],[-84.175,34.125],[-84.175,34.175],[-84.225,34.175],[-84.225,34.125]]]}},{"type":"Feature","properties":{"layer":"TEMPO NO2","transport":"Westward","timePeriod":"12:00-14:00 EDT Eastward","NO2":1.77008069,"unit":"10^15 molecules cm^-2"},"geometry":{"type":"Polygon","coordinates":[[[-84.175,34.125],[-84.125,34.125],[-84.125,34.175],[-84.175,34.175],[-84.175,34.125]]]}},{"type":"Feature","properties":{"layer":"TEMPO NO2","transport":"Westward","timePeriod":"12:00-14:00 EDT Eastward","NO2":1.84288,"unit":"10^15 molecules cm^-2"},"geometry":{"type":"Polygon","coordinates":[[[-84.125,34.125],[-84.075,34.125],[-84.075,34.175],[-84.125,34.175],[-84.125,34.125]]]}},{"type":"Feature","properties":{"layer":"TEMPO NO2","transport":"Westward","timePeriod":"12:00-14:00 EDT Eastward","NO2":1.903777,"unit":"10^15 molecules cm^-2"},"geometry":{"type":"Polygon","coordinates":[[[-84.075,34.125],[-84.025,34.125],[-84.025,34.175],[-84.075,34.175],[-84.075,34.125]]]}},{"type":"Feature","properties":{"layer":"TEMPO NO2","transport":"Westward","timePeriod":"12:00-14:00 EDT Eastward","NO2":2.14270782,"unit":"10^15 molecules cm^-2"},"geometry":{"type":"Polygon","coordinates":[[[-84.025,34.125],[-83.975,34.125],[-83.975,34.175],[-84.025,34.175],[-84.025,34.125]]]}},{"type":"Feature","properties":{"layer":"TEMPO NO2","transport":"Westward","timePeriod":"12:00-14:00 EDT Eastward","NO2":1.76017928,"unit":"10^15 molecules cm^-2"},"geometry":{"type":"Polygon","coordinates":[[[-83.975,34.125],[-83.925,34.125],[-83.925,34.175],[-83.975,34.175],[-83.975,34.125]]]}},{"type":"Feature","properties":{"layer":"TEMPO NO2","transport":"Westward","timePeriod":"12:00-14:00 EDT Eastward","NO2":1.63430738,"unit":"10^15 molecules cm^-2"},"geometry":{"type":"Polygon","coordinates":[[[-83.925,34.125],[-83.875,34.125],[-83.875,34.175],[-83.925,34.175],[-83.925,34.125]]]}},{"type":"Feature","properties":{"layer":"TEMPO NO2","transport":"Westward","timePeriod":"12:00-14:00 EDT Eastward","NO2":1.9016794,"unit":"10^15 molecules cm^-2"},"geometry":{"type":"Polygon","coordinates":[[[-83.875,34.125],[-83.825,34.125],[-83.825,34.175],[-83.875,34.175],[-83.875,34.125]]]}},{"type":"Feature","properties":{"layer":"TEMPO NO2","transport":"Westward","timePeriod":"12:00-14:00 EDT Eastward","NO2":1.80824327,"unit":"10^15 molecules cm^-2"},"geometry":{"type":"Polygon","coordinates":[[[-83.825,34.125],[-83.775,34.125],[-83.775,34.175],[-83.825,34.175],[-83.825,34.125]]]}},{"type":"Feature","properties":{"layer":"TEMPO NO2","transport":"Westward","timePeriod":"12:00-14:00 EDT Eastward","NO2":1.59318602,"unit":"10^15 molecules cm^-2"},"geometry":{"type":"Polygon","coordinates":[[[-84.975,34.175],[-84.925,34.175],[-84.925,34.225],[-84.975,34.225],[-84.975,34.175]]]}},{"type":"Feature","properties":{"layer":"TEMPO NO2","transport":"Westward","timePeriod":"12:00-14:00 EDT Eastward","NO2":1.50746095,"unit":"10^15 molecules cm^-2"},"geometry":{"type":"Polygon","coordinates":[[[-84.925,34.175],[-84.875,34.175],[-84.875,34.225],[-84.925,34.225],[-84.925,34.175]]]}},{"type":"Feature","properties":{"layer":"TEMPO NO2","transport":"Westward","timePeriod":"12:00-14:00 EDT Eastward","NO2":1.75692415,"unit":"10^15 molecules cm^-2"},"geometry":{"type":"Polygon","coordinates":[[[-84.875,34.175],[-84.825,34.175],[-84.825,34.225],[-84.875,34.225],[-84.875,34.175]]]}},{"type":"Feature","properties":{"layer":"TEMPO NO2","transport":"Westward","timePeriod":"12:00-14:00 EDT Eastward","NO2":2.07187891,"unit":"10^15 molecules cm^-2"},"geometry":{"type":"Polygon","coordinates":[[[-84.825,34.175],[-84.775,34.175],[-84.775,34.225],[-84.825,34.225],[-84.825,34.175]]]}},{"type":"Feature","properties":{"layer":"TEMPO NO2","transport":"Westward","timePeriod":"12:00-14:00 EDT Eastward","NO2":1.78419721,"unit":"10^15 molecules cm^-2"},"geometry":{"type":"Polygon","coordinates":[[[-84.775,34.175],[-84.725,34.175],[-84.725,34.225],[-84.775,34.225],[-84.775,34.175]]]}},{"type":"Feature","properties":{"layer":"TEMPO NO2","transport":"Westward","timePeriod":"12:00-14:00 EDT Eastward","NO2":1.65610301,"unit":"10^15 molecules cm^-2"},"geometry":{"type":"Polygon","coordinates":[[[-84.725,34.175],[-84.675,34.175],[-84.675,34.225],[-84.725,34.225],[-84.725,34.175]]]}},{"type":"Feature","properties":{"layer":"TEMPO NO2","transport":"Westward","timePeriod":"12:00-14:00 EDT Eastward","NO2":1.70707369,"unit":"10^15 molecules cm^-2"},"geometry":{"type":"Polygon","coordinates":[[[-84.675,34.175],[-84.625,34.175],[-84.625,34.225],[-84.675,34.225],[-84.675,34.175]]]}},{"type":"Feature","properties":{"layer":"TEMPO NO2","transport":"Westward","timePeriod":"12:00-14:00 EDT Eastward","NO2":1.6689502,"unit":"10^15 molecules cm^-2"},"geometry":{"type":"Polygon","coordinates":[[[-84.625,34.175],[-84.575,34.175],[-84.575,34.225],[-84.625,34.225],[-84.625,34.175]]]}},{"type":"Feature","properties":{"layer":"TEMPO NO2","transport":"Westward","timePeriod":"12:00-14:00 EDT Eastward","NO2":1.68973243,"unit":"10^15 molecules cm^-2"},"geometry":{"type":"Polygon","coordinates":[[[-84.575,34.175],[-84.525,34.175],[-84.525,34.225],[-84.575,34.225],[-84.575,34.175]]]}},{"type":"Feature","properties":{"layer":"TEMPO NO2","transport":"Westward","timePeriod":"12:00-14:00 EDT Eastward","NO2":1.57608128,"unit":"10^15 molecules cm^-2"},"geometry":{"type":"Polygon","coordinates":[[[-84.525,34.175],[-84.475,34.175],[-84.475,34.225],[-84.525,34.225],[-84.525,34.175]]]}},{"type":"Feature","properties":{"layer":"TEMPO NO2","transport":"Westward","timePeriod":"12:00-14:00 EDT Eastward","NO2":1.4573766,"unit":"10^15 molecules cm^-2"},"geometry":{"type":"Polygon","coordinates":[[[-84.475,34.175],[-84.425,34.175],[-84.425,34.225],[-84.475,34.225],[-84.475,34.175]]]}},{"type":"Feature","properties":{"layer":"TEMPO NO2","transport":"Westward","timePeriod":"12:00-14:00 EDT Eastward","NO2":1.48557031,"unit":"10^15 molecules cm^-2"},"geometry":{"type":"Polygon","coordinates":[[[-84.425,34.175],[-84.375,34.175],[-84.375,34.225],[-84.425,34.225],[-84.425,34.175]]]}},{"type":"Feature","properties":{"layer":"TEMPO NO2","transport":"Westward","timePeriod":"12:00-14:00 EDT Eastward","NO2":1.36955845,"unit":"10^15 molecules cm^-2"},"geometry":{"type":"Polygon","coordinates":[[[-84.375,34.175],[-84.325,34.175],[-84.325,34.225],[-84.375,34.225],[-84.375,34.175]]]}},{"type":"Feature","properties":{"layer":"TEMPO NO2","transport":"Westward","timePeriod":"12:00-14:00 EDT Eastward","NO2":1.52846241,"unit":"10^15 molecules cm^-2"},"geometry":{"type":"Polygon","coordinates":[[[-84.325,34.175],[-84.275,34.175],[-84.275,34.225],[-84.325,34.225],[-84.325,34.175]]]}},{"type":"Feature","properties":{"layer":"TEMPO NO2","transport":"Westward","timePeriod":"12:00-14:00 EDT Eastward","NO2":1.60385764,"unit":"10^15 molecules cm^-2"},"geometry":{"type":"Polygon","coordinates":[[[-84.275,34.175],[-84.225,34.175],[-84.225,34.225],[-84.275,34.225],[-84.275,34.175]]]}},{"type":"Feature","properties":{"layer":"TEMPO NO2","transport":"Westward","timePeriod":"12:00-14:00 EDT Eastward","NO2":1.6786896,"unit":"10^15 molecules cm^-2"},"geometry":{"type":"Polygon","coordinates":[[[-84.225,34.175],[-84.175,34.175],[-84.175,34.225],[-84.225,34.225],[-84.225,34.175]]]}},{"type":"Feature","properties":{"layer":"TEMPO NO2","transport":"Westward","timePeriod":"12:00-14:00 EDT Eastward","NO2":1.72981226,"unit":"10^15 molecules cm^-2"},"geometry":{"type":"Polygon","coordinates":[[[-84.175,34.175],[-84.125,34.175],[-84.125,34.225],[-84.175,34.225],[-84.175,34.175]]]}},{"type":"Feature","properties":{"layer":"TEMPO NO2","transport":"Westward","timePeriod":"12:00-14:00 EDT Eastward","NO2":1.61311162,"unit":"10^15 molecules cm^-2"},"geometry":{"type":"Polygon","coordinates":[[[-84.125,34.175],[-84.075,34.175],[-84.075,34.225],[-84.125,34.225],[-84.125,34.175]]]}},{"type":"Feature","properties":{"layer":"TEMPO NO2","transport":"Westward","timePeriod":"12:00-14:00 EDT Eastward","NO2":1.41667473,"unit":"10^15 molecules cm^-2"},"geometry":{"type":"Polygon","coordinates":[[[-84.075,34.175],[-84.025,34.175],[-84.025,34.225],[-84.075,34.225],[-84.075,34.175]]]}},{"type":"Feature","properties":{"layer":"TEMPO NO2","transport":"Westward","timePeriod":"12:00-14:00 EDT Eastward","NO2":1.6061337,"unit":"10^15 molecules cm^-2"},"geometry":{"type":"Polygon","coordinates":[[[-84.025,34.175],[-83.975,34.175],[-83.975,34.225],[-84.025,34.225],[-84.025,34.175]]]}},{"type":"Feature","properties":{"layer":"TEMPO NO2","transport":"Westward","timePeriod":"12:00-14:00 EDT Eastward","NO2":1.78428411,"unit":"10^15 molecules cm^-2"},"geometry":{"type":"Polygon","coordinates":[[[-83.975,34.175],[-83.925,34.175],[-83.925,34.225],[-83.975,34.225],[-83.975,34.175]]]}},{"type":"Feature","properties":{"layer":"TEMPO NO2","transport":"Westward","timePeriod":"12:00-14:00 EDT Eastward","NO2":1.64755988,"unit":"10^15 molecules cm^-2"},"geometry":{"type":"Polygon","coordinates":[[[-83.925,34.175],[-83.875,34.175],[-83.875,34.225],[-83.925,34.225],[-83.925,34.175]]]}},{"type":"Feature","properties":{"layer":"TEMPO NO2","transport":"Westward","timePeriod":"12:00-14:00 EDT Eastward","NO2":1.59085786,"unit":"10^15 molecules cm^-2"},"geometry":{"type":"Polygon","coordinates":[[[-83.875,34.175],[-83.825,34.175],[-83.825,34.225],[-83.875,34.225],[-83.875,34.175]]]}},{"type":"Feature","properties":{"layer":"TEMPO NO2","transport":"Westward","timePeriod":"12:00-14:00 EDT Eastward","NO2":1.57313514,"unit":"10^15 molecules cm^-2"},"geometry":{"type":"Polygon","coordinates":[[[-83.825,34.175],[-83.775,34.175],[-83.775,34.225],[-83.825,34.225],[-83.825,34.175]]]}},{"type":"Feature","properties":{"layer":"TEMPO NO2","transport":"Westward","timePeriod":"12:00-14:00 EDT Eastward","NO2":1.6906426,"unit":"10^15 molecules cm^-2"},"geometry":{"type":"Polygon","coordinates":[[[-84.975,34.225],[-84.925,34.225],[-84.925,34.275],[-84.975,34.275],[-84.975,34.225]]]}},{"type":"Feature","properties":{"layer":"TEMPO NO2","transport":"Westward","timePeriod":"12:00-14:00 EDT Eastward","NO2":1.71208525,"unit":"10^15 molecules cm^-2"},"geometry":{"type":"Polygon","coordinates":[[[-84.925,34.225],[-84.875,34.225],[-84.875,34.275],[-84.925,34.275],[-84.925,34.225]]]}},{"type":"Feature","properties":{"layer":"TEMPO NO2","transport":"Westward","timePeriod":"12:00-14:00 EDT Eastward","NO2":1.69171286,"unit":"10^15 molecules cm^-2"},"geometry":{"type":"Polygon","coordinates":[[[-84.875,34.225],[-84.825,34.225],[-84.825,34.275],[-84.875,34.275],[-84.875,34.225]]]}},{"type":"Feature","properties":{"layer":"TEMPO NO2","transport":"Westward","timePeriod":"12:00-14:00 EDT Eastward","NO2":1.90970206,"unit":"10^15 molecules cm^-2"},"geometry":{"type":"Polygon","coordinates":[[[-84.825,34.225],[-84.775,34.225],[-84.775,34.275],[-84.825,34.275],[-84.825,34.225]]]}},{"type":"Feature","properties":{"layer":"TEMPO NO2","transport":"Westward","timePeriod":"12:00-14:00 EDT Eastward","NO2":1.80072916,"unit":"10^15 molecules cm^-2"},"geometry":{"type":"Polygon","coordinates":[[[-84.775,34.225],[-84.725,34.225],[-84.725,34.275],[-84.775,34.275],[-84.775,34.225]]]}},{"type":"Feature","properties":{"layer":"TEMPO NO2","transport":"Westward","timePeriod":"12:00-14:00 EDT Eastward","NO2":1.65460956,"unit":"10^15 molecules cm^-2"},"geometry":{"type":"Polygon","coordinates":[[[-84.725,34.225],[-84.675,34.225],[-84.675,34.275],[-84.725,34.275],[-84.725,34.225]]]}},{"type":"Feature","properties":{"layer":"TEMPO NO2","transport":"Westward","timePeriod":"12:00-14:00 EDT Eastward","NO2":1.51560712,"unit":"10^15 molecules cm^-2"},"geometry":{"type":"Polygon","coordinates":[[[-84.675,34.225],[-84.625,34.225],[-84.625,34.275],[-84.675,34.275],[-84.675,34.225]]]}},{"type":"Feature","properties":{"layer":"TEMPO NO2","transport":"Westward","timePeriod":"12:00-14:00 EDT Eastward","NO2":1.47864938,"unit":"10^15 molecules cm^-2"},"geometry":{"type":"Polygon","coordinates":[[[-84.625,34.225],[-84.575,34.225],[-84.575,34.275],[-84.625,34.275],[-84.625,34.225]]]}},{"type":"Feature","properties":{"layer":"TEMPO NO2","transport":"Westward","timePeriod":"12:00-14:00 EDT Eastward","NO2":1.47154033,"unit":"10^15 molecules cm^-2"},"geometry":{"type":"Polygon","coordinates":[[[-84.575,34.225],[-84.525,34.225],[-84.525,34.275],[-84.575,34.275],[-84.575,34.225]]]}},{"type":"Feature","properties":{"layer":"TEMPO NO2","transport":"Westward","timePeriod":"12:00-14:00 EDT Eastward","NO2":1.6088444,"unit":"10^15 molecules cm^-2"},"geometry":{"type":"Polygon","coordinates":[[[-84.525,34.225],[-84.475,34.225],[-84.475,34.275],[-84.525,34.275],[-84.525,34.225]]]}},{"type":"Feature","properties":{"layer":"TEMPO NO2","transport":"Westward","timePeriod":"12:00-14:00 EDT Eastward","NO2":1.44051337,"unit":"10^15 molecules cm^-2"},"geometry":{"type":"Polygon","coordinates":[[[-84.475,34.225],[-84.425,34.225],[-84.425,34.275],[-84.475,34.275],[-84.475,34.225]]]}},{"type":"Feature","properties":{"layer":"TEMPO NO2","transport":"Westward","timePeriod":"12:00-14:00 EDT Eastward","NO2":1.43631458,"unit":"10^15 molecules cm^-2"},"geometry":{"type":"Polygon","coordinates":[[[-84.425,34.225],[-84.375,34.225],[-84.375,34.275],[-84.425,34.275],[-84.425,34.225]]]}},{"type":"Feature","properties":{"layer":"TEMPO NO2","transport":"Westward","timePeriod":"12:00-14:00 EDT Eastward","NO2":1.54825294,"unit":"10^15 molecules cm^-2"},"geometry":{"type":"Polygon","coordinates":[[[-84.375,34.225],[-84.325,34.225],[-84.325,34.275],[-84.375,34.275],[-84.375,34.225]]]}},{"type":"Feature","properties":{"layer":"TEMPO NO2","transport":"Westward","timePeriod":"12:00-14:00 EDT Eastward","NO2":1.47152448,"unit":"10^15 molecules cm^-2"},"geometry":{"type":"Polygon","coordinates":[[[-84.325,34.225],[-84.275,34.225],[-84.275,34.275],[-84.325,34.275],[-84.325,34.225]]]}},{"type":"Feature","properties":{"layer":"TEMPO NO2","transport":"Westward","timePeriod":"12:00-14:00 EDT Eastward","NO2":1.51676095,"unit":"10^15 molecules cm^-2"},"geometry":{"type":"Polygon","coordinates":[[[-84.275,34.225],[-84.225,34.225],[-84.225,34.275],[-84.275,34.275],[-84.275,34.225]]]}},{"type":"Feature","properties":{"layer":"TEMPO NO2","transport":"Westward","timePeriod":"12:00-14:00 EDT Eastward","NO2":1.5446161,"unit":"10^15 molecules cm^-2"},"geometry":{"type":"Polygon","coordinates":[[[-84.225,34.225],[-84.175,34.225],[-84.175,34.275],[-84.225,34.275],[-84.225,34.225]]]}},{"type":"Feature","properties":{"layer":"TEMPO NO2","transport":"Westward","timePeriod":"12:00-14:00 EDT Eastward","NO2":1.60605371,"unit":"10^15 molecules cm^-2"},"geometry":{"type":"Polygon","coordinates":[[[-84.175,34.225],[-84.125,34.225],[-84.125,34.275],[-84.175,34.275],[-84.175,34.225]]]}},{"type":"Feature","properties":{"layer":"TEMPO NO2","transport":"Westward","timePeriod":"12:00-14:00 EDT Eastward","NO2":1.52967191,"unit":"10^15 molecules cm^-2"},"geometry":{"type":"Polygon","coordinates":[[[-84.125,34.225],[-84.075,34.225],[-84.075,34.275],[-84.125,34.275],[-84.125,34.225]]]}},{"type":"Feature","properties":{"layer":"TEMPO NO2","transport":"Westward","timePeriod":"12:00-14:00 EDT Eastward","NO2":1.52701473,"unit":"10^15 molecules cm^-2"},"geometry":{"type":"Polygon","coordinates":[[[-84.075,34.225],[-84.025,34.225],[-84.025,34.275],[-84.075,34.275],[-84.075,34.225]]]}},{"type":"Feature","properties":{"layer":"TEMPO NO2","transport":"Westward","timePeriod":"12:00-14:00 EDT Eastward","NO2":1.4378047,"unit":"10^15 molecules cm^-2"},"geometry":{"type":"Polygon","coordinates":[[[-84.025,34.225],[-83.975,34.225],[-83.975,34.275],[-84.025,34.275],[-84.025,34.225]]]}},{"type":"Feature","properties":{"layer":"TEMPO NO2","transport":"Westward","timePeriod":"12:00-14:00 EDT Eastward","NO2":1.43908143,"unit":"10^15 molecules cm^-2"},"geometry":{"type":"Polygon","coordinates":[[[-83.975,34.225],[-83.925,34.225],[-83.925,34.275],[-83.975,34.275],[-83.975,34.225]]]}},{"type":"Feature","properties":{"layer":"TEMPO NO2","transport":"Westward","timePeriod":"12:00-14:00 EDT Eastward","NO2":1.81897879,"unit":"10^15 molecules cm^-2"},"geometry":{"type":"Polygon","coordinates":[[[-83.925,34.225],[-83.875,34.225],[-83.875,34.275],[-83.925,34.275],[-83.925,34.225]]]}},{"type":"Feature","properties":{"layer":"TEMPO NO2","transport":"Westward","timePeriod":"12:00-14:00 EDT Eastward","NO2":1.65639186,"unit":"10^15 molecules cm^-2"},"geometry":{"type":"Polygon","coordinates":[[[-83.875,34.225],[-83.825,34.225],[-83.825,34.275],[-83.875,34.275],[-83.875,34.225]]]}},{"type":"Feature","properties":{"layer":"TEMPO NO2","transport":"Westward","timePeriod":"12:00-14:00 EDT Eastward","NO2":1.52155924,"unit":"10^15 molecules cm^-2"},"geometry":{"type":"Polygon","coordinates":[[[-83.825,34.225],[-83.775,34.225],[-83.775,34.275],[-83.825,34.275],[-83.825,34.225]]]}},{"type":"Feature","properties":{"layer":"TEMPO NO2","transport":"Westward","timePeriod":"12:00-14:00 EDT Eastward","NO2":1.68428707,"unit":"10^15 molecules cm^-2"},"geometry":{"type":"Polygon","coordinates":[[[-84.975,34.275],[-84.925,34.275],[-84.925,34.325],[-84.975,34.325],[-84.975,34.275]]]}},{"type":"Feature","properties":{"layer":"TEMPO NO2","transport":"Westward","timePeriod":"12:00-14:00 EDT Eastward","NO2":1.60851908,"unit":"10^15 molecules cm^-2"},"geometry":{"type":"Polygon","coordinates":[[[-84.925,34.275],[-84.875,34.275],[-84.875,34.325],[-84.925,34.325],[-84.925,34.275]]]}},{"type":"Feature","properties":{"layer":"TEMPO NO2","transport":"Westward","timePeriod":"12:00-14:00 EDT Eastward","NO2":1.74210405,"unit":"10^15 molecules cm^-2"},"geometry":{"type":"Polygon","coordinates":[[[-84.875,34.275],[-84.825,34.275],[-84.825,34.325],[-84.875,34.325],[-84.875,34.275]]]}},{"type":"Feature","properties":{"layer":"TEMPO NO2","transport":"Westward","timePeriod":"12:00-14:00 EDT Eastward","NO2":2.29008913,"unit":"10^15 molecules cm^-2"},"geometry":{"type":"Polygon","coordinates":[[[-84.825,34.275],[-84.775,34.275],[-84.775,34.325],[-84.825,34.325],[-84.825,34.275]]]}},{"type":"Feature","properties":{"layer":"TEMPO NO2","transport":"Westward","timePeriod":"12:00-14:00 EDT Eastward","NO2":1.79821074,"unit":"10^15 molecules cm^-2"},"geometry":{"type":"Polygon","coordinates":[[[-84.775,34.275],[-84.725,34.275],[-84.725,34.325],[-84.775,34.325],[-84.775,34.275]]]}},{"type":"Feature","properties":{"layer":"TEMPO NO2","transport":"Westward","timePeriod":"12:00-14:00 EDT Eastward","NO2":1.60430813,"unit":"10^15 molecules cm^-2"},"geometry":{"type":"Polygon","coordinates":[[[-84.725,34.275],[-84.675,34.275],[-84.675,34.325],[-84.725,34.325],[-84.725,34.275]]]}},{"type":"Feature","properties":{"layer":"TEMPO NO2","transport":"Westward","timePeriod":"12:00-14:00 EDT Eastward","NO2":1.53232551,"unit":"10^15 molecules cm^-2"},"geometry":{"type":"Polygon","coordinates":[[[-84.675,34.275],[-84.625,34.275],[-84.625,34.325],[-84.675,34.325],[-84.675,34.275]]]}},{"type":"Feature","properties":{"layer":"TEMPO NO2","transport":"Westward","timePeriod":"12:00-14:00 EDT Eastward","NO2":1.5769732,"unit":"10^15 molecules cm^-2"},"geometry":{"type":"Polygon","coordinates":[[[-84.625,34.275],[-84.575,34.275],[-84.575,34.325],[-84.625,34.325],[-84.625,34.275]]]}},{"type":"Feature","properties":{"layer":"TEMPO NO2","transport":"Westward","timePeriod":"12:00-14:00 EDT Eastward","NO2":1.54986703,"unit":"10^15 molecules cm^-2"},"geometry":{"type":"Polygon","coordinates":[[[-84.575,34.275],[-84.525,34.275],[-84.525,34.325],[-84.575,34.325],[-84.575,34.275]]]}},{"type":"Feature","properties":{"layer":"TEMPO NO2","transport":"Westward","timePeriod":"12:00-14:00 EDT Eastward","NO2":1.45994282,"unit":"10^15 molecules cm^-2"},"geometry":{"type":"Polygon","coordinates":[[[-84.525,34.275],[-84.475,34.275],[-84.475,34.325],[-84.525,34.325],[-84.525,34.275]]]}},{"type":"Feature","properties":{"layer":"TEMPO NO2","transport":"Westward","timePeriod":"12:00-14:00 EDT Eastward","NO2":1.59001756,"unit":"10^15 molecules cm^-2"},"geometry":{"type":"Polygon","coordinates":[[[-84.475,34.275],[-84.425,34.275],[-84.425,34.325],[-84.475,34.325],[-84.475,34.275]]]}},{"type":"Feature","properties":{"layer":"TEMPO NO2","transport":"Westward","timePeriod":"12:00-14:00 EDT Eastward","NO2":1.44915485,"unit":"10^15 molecules cm^-2"},"geometry":{"type":"Polygon","coordinates":[[[-84.425,34.275],[-84.375,34.275],[-84.375,34.325],[-84.425,34.325],[-84.425,34.275]]]}},{"type":"Feature","properties":{"layer":"TEMPO NO2","transport":"Westward","timePeriod":"12:00-14:00 EDT Eastward","NO2":1.50263965,"unit":"10^15 molecules cm^-2"},"geometry":{"type":"Polygon","coordinates":[[[-84.375,34.275],[-84.325,34.275],[-84.325,34.325],[-84.375,34.325],[-84.375,34.275]]]}},{"type":"Feature","properties":{"layer":"TEMPO NO2","transport":"Westward","timePeriod":"12:00-14:00 EDT Eastward","NO2":1.51212883,"unit":"10^15 molecules cm^-2"},"geometry":{"type":"Polygon","coordinates":[[[-84.325,34.275],[-84.275,34.275],[-84.275,34.325],[-84.325,34.325],[-84.325,34.275]]]}},{"type":"Feature","properties":{"layer":"TEMPO NO2","transport":"Westward","timePeriod":"12:00-14:00 EDT Eastward","NO2":1.51289225,"unit":"10^15 molecules cm^-2"},"geometry":{"type":"Polygon","coordinates":[[[-84.275,34.275],[-84.225,34.275],[-84.225,34.325],[-84.275,34.325],[-84.275,34.275]]]}},{"type":"Feature","properties":{"layer":"TEMPO NO2","transport":"Westward","timePeriod":"12:00-14:00 EDT Eastward","NO2":1.56033838,"unit":"10^15 molecules cm^-2"},"geometry":{"type":"Polygon","coordinates":[[[-84.225,34.275],[-84.175,34.275],[-84.175,34.325],[-84.225,34.325],[-84.225,34.275]]]}},{"type":"Feature","properties":{"layer":"TEMPO NO2","transport":"Westward","timePeriod":"12:00-14:00 EDT Eastward","NO2":1.60621834,"unit":"10^15 molecules cm^-2"},"geometry":{"type":"Polygon","coordinates":[[[-84.175,34.275],[-84.125,34.275],[-84.125,34.325],[-84.175,34.325],[-84.175,34.275]]]}},{"type":"Feature","properties":{"layer":"TEMPO NO2","transport":"Westward","timePeriod":"12:00-14:00 EDT Eastward","NO2":1.5154283,"unit":"10^15 molecules cm^-2"},"geometry":{"type":"Polygon","coordinates":[[[-84.125,34.275],[-84.075,34.275],[-84.075,34.325],[-84.125,34.325],[-84.125,34.275]]]}},{"type":"Feature","properties":{"layer":"TEMPO NO2","transport":"Westward","timePeriod":"12:00-14:00 EDT Eastward","NO2":1.51863241,"unit":"10^15 molecules cm^-2"},"geometry":{"type":"Polygon","coordinates":[[[-84.075,34.275],[-84.025,34.275],[-84.025,34.325],[-84.075,34.325],[-84.075,34.275]]]}},{"type":"Feature","properties":{"layer":"TEMPO NO2","transport":"Westward","timePeriod":"12:00-14:00 EDT Eastward","NO2":1.43059063,"unit":"10^15 molecules cm^-2"},"geometry":{"type":"Polygon","coordinates":[[[-84.025,34.275],[-83.975,34.275],[-83.975,34.325],[-84.025,34.325],[-84.025,34.275]]]}},{"type":"Feature","properties":{"layer":"TEMPO NO2","transport":"Westward","timePeriod":"12:00-14:00 EDT Eastward","NO2":1.45956433,"unit":"10^15 molecules cm^-2"},"geometry":{"type":"Polygon","coordinates":[[[-83.975,34.275],[-83.925,34.275],[-83.925,34.325],[-83.975,34.325],[-83.975,34.275]]]}},{"type":"Feature","properties":{"layer":"TEMPO NO2","transport":"Westward","timePeriod":"12:00-14:00 EDT Eastward","NO2":1.70035291,"unit":"10^15 molecules cm^-2"},"geometry":{"type":"Polygon","coordinates":[[[-83.925,34.275],[-83.875,34.275],[-83.875,34.325],[-83.925,34.325],[-83.925,34.275]]]}},{"type":"Feature","properties":{"layer":"TEMPO NO2","transport":"Westward","timePeriod":"12:00-14:00 EDT Eastward","NO2":1.8292681,"unit":"10^15 molecules cm^-2"},"geometry":{"type":"Polygon","coordinates":[[[-83.875,34.275],[-83.825,34.275],[-83.825,34.325],[-83.875,34.325],[-83.875,34.275]]]}},{"type":"Feature","properties":{"layer":"TEMPO NO2","transport":"Westward","timePeriod":"12:00-14:00 EDT Eastward","NO2":1.56178594,"unit":"10^15 molecules cm^-2"},"geometry":{"type":"Polygon","coordinates":[[[-83.825,34.275],[-83.775,34.275],[-83.775,34.325],[-83.825,34.325],[-83.825,34.275]]]}},{"type":"Feature","properties":{"layer":"TEMPO NO2","transport":"Westward","timePeriod":"12:00-14:00 EDT Eastward","NO2":1.46503747,"unit":"10^15 molecules cm^-2"},"geometry":{"type":"Polygon","coordinates":[[[-84.975,34.325],[-84.925,34.325],[-84.925,34.375],[-84.975,34.375],[-84.975,34.325]]]}},{"type":"Feature","properties":{"layer":"TEMPO NO2","transport":"Westward","timePeriod":"12:00-14:00 EDT Eastward","NO2":1.68744874,"unit":"10^15 molecules cm^-2"},"geometry":{"type":"Polygon","coordinates":[[[-84.925,34.325],[-84.875,34.325],[-84.875,34.375],[-84.925,34.375],[-84.925,34.325]]]}},{"type":"Feature","properties":{"layer":"TEMPO NO2","transport":"Westward","timePeriod":"12:00-14:00 EDT Eastward","NO2":1.66241884,"unit":"10^15 molecules cm^-2"},"geometry":{"type":"Polygon","coordinates":[[[-84.875,34.325],[-84.825,34.325],[-84.825,34.375],[-84.875,34.375],[-84.875,34.325]]]}},{"type":"Feature","properties":{"layer":"TEMPO NO2","transport":"Westward","timePeriod":"12:00-14:00 EDT Eastward","NO2":1.71522284,"unit":"10^15 molecules cm^-2"},"geometry":{"type":"Polygon","coordinates":[[[-84.825,34.325],[-84.775,34.325],[-84.775,34.375],[-84.825,34.375],[-84.825,34.325]]]}},{"type":"Feature","properties":{"layer":"TEMPO NO2","transport":"Westward","timePeriod":"12:00-14:00 EDT Eastward","NO2":1.59972382,"unit":"10^15 molecules cm^-2"},"geometry":{"type":"Polygon","coordinates":[[[-84.775,34.325],[-84.725,34.325],[-84.725,34.375],[-84.775,34.375],[-84.775,34.325]]]}},{"type":"Feature","properties":{"layer":"TEMPO NO2","transport":"Westward","timePeriod":"12:00-14:00 EDT Eastward","NO2":1.65604639,"unit":"10^15 molecules cm^-2"},"geometry":{"type":"Polygon","coordinates":[[[-84.725,34.325],[-84.675,34.325],[-84.675,34.375],[-84.725,34.375],[-84.725,34.325]]]}},{"type":"Feature","properties":{"layer":"TEMPO NO2","transport":"Westward","timePeriod":"12:00-14:00 EDT Eastward","NO2":1.4247793,"unit":"10^15 molecules cm^-2"},"geometry":{"type":"Polygon","coordinates":[[[-84.675,34.325],[-84.625,34.325],[-84.625,34.375],[-84.675,34.375],[-84.675,34.325]]]}},{"type":"Feature","properties":{"layer":"TEMPO NO2","transport":"Westward","timePeriod":"12:00-14:00 EDT Eastward","NO2":1.5519011,"unit":"10^15 molecules cm^-2"},"geometry":{"type":"Polygon","coordinates":[[[-84.625,34.325],[-84.575,34.325],[-84.575,34.375],[-84.625,34.375],[-84.625,34.325]]]}},{"type":"Feature","properties":{"layer":"TEMPO NO2","transport":"Westward","timePeriod":"12:00-14:00 EDT Eastward","NO2":1.46464241,"unit":"10^15 molecules cm^-2"},"geometry":{"type":"Polygon","coordinates":[[[-84.575,34.325],[-84.525,34.325],[-84.525,34.375],[-84.575,34.375],[-84.575,34.325]]]}},{"type":"Feature","properties":{"layer":"TEMPO NO2","transport":"Westward","timePeriod":"12:00-14:00 EDT Eastward","NO2":1.50363433,"unit":"10^15 molecules cm^-2"},"geometry":{"type":"Polygon","coordinates":[[[-84.525,34.325],[-84.475,34.325],[-84.475,34.375],[-84.525,34.375],[-84.525,34.325]]]}},{"type":"Feature","properties":{"layer":"TEMPO NO2","transport":"Westward","timePeriod":"12:00-14:00 EDT Eastward","NO2":1.55523932,"unit":"10^15 molecules cm^-2"},"geometry":{"type":"Polygon","coordinates":[[[-84.475,34.325],[-84.425,34.325],[-84.425,34.375],[-84.475,34.375],[-84.475,34.325]]]}},{"type":"Feature","properties":{"layer":"TEMPO NO2","transport":"Westward","timePeriod":"12:00-14:00 EDT Eastward","NO2":1.51691437,"unit":"10^15 molecules cm^-2"},"geometry":{"type":"Polygon","coordinates":[[[-84.425,34.325],[-84.375,34.325],[-84.375,34.375],[-84.425,34.375],[-84.425,34.325]]]}},{"type":"Feature","properties":{"layer":"TEMPO NO2","transport":"Westward","timePeriod":"12:00-14:00 EDT Eastward","NO2":1.29341865,"unit":"10^15 molecules cm^-2"},"geometry":{"type":"Polygon","coordinates":[[[-84.375,34.325],[-84.325,34.325],[-84.325,34.375],[-84.375,34.375],[-84.375,34.325]]]}},{"type":"Feature","properties":{"layer":"TEMPO NO2","transport":"Westward","timePeriod":"12:00-14:00 EDT Eastward","NO2":1.4715395,"unit":"10^15 molecules cm^-2"},"geometry":{"type":"Polygon","coordinates":[[[-84.325,34.325],[-84.275,34.325],[-84.275,34.375],[-84.325,34.375],[-84.325,34.325]]]}},{"type":"Feature","properties":{"layer":"TEMPO NO2","transport":"Westward","timePeriod":"12:00-14:00 EDT Eastward","NO2":1.45729959,"unit":"10^15 molecules cm^-2"},"geometry":{"type":"Polygon","coordinates":[[[-84.275,34.325],[-84.225,34.325],[-84.225,34.375],[-84.275,34.375],[-84.275,34.325]]]}},{"type":"Feature","properties":{"layer":"TEMPO NO2","transport":"Westward","timePeriod":"12:00-14:00 EDT Eastward","NO2":1.3606236,"unit":"10^15 molecules cm^-2"},"geometry":{"type":"Polygon","coordinates":[[[-84.225,34.325],[-84.175,34.325],[-84.175,34.375],[-84.225,34.375],[-84.225,34.325]]]}},{"type":"Feature","properties":{"layer":"TEMPO NO2","transport":"Westward","timePeriod":"12:00-14:00 EDT Eastward","NO2":1.4145751,"unit":"10^15 molecules cm^-2"},"geometry":{"type":"Polygon","coordinates":[[[-84.175,34.325],[-84.125,34.325],[-84.125,34.375],[-84.175,34.375],[-84.175,34.325]]]}},{"type":"Feature","properties":{"layer":"TEMPO NO2","transport":"Westward","timePeriod":"12:00-14:00 EDT Eastward","NO2":1.51155651,"unit":"10^15 molecules cm^-2"},"geometry":{"type":"Polygon","coordinates":[[[-84.125,34.325],[-84.075,34.325],[-84.075,34.375],[-84.125,34.375],[-84.125,34.325]]]}},{"type":"Feature","properties":{"layer":"TEMPO NO2","transport":"Westward","timePeriod":"12:00-14:00 EDT Eastward","NO2":1.52142262,"unit":"10^15 molecules cm^-2"},"geometry":{"type":"Polygon","coordinates":[[[-84.075,34.325],[-84.025,34.325],[-84.025,34.375],[-84.075,34.375],[-84.075,34.325]]]}},{"type":"Feature","properties":{"layer":"TEMPO NO2","transport":"Westward","timePeriod":"12:00-14:00 EDT Eastward","NO2":1.29216361,"unit":"10^15 molecules cm^-2"},"geometry":{"type":"Polygon","coordinates":[[[-84.025,34.325],[-83.975,34.325],[-83.975,34.375],[-84.025,34.375],[-84.025,34.325]]]}},{"type":"Feature","properties":{"layer":"TEMPO NO2","transport":"Westward","timePeriod":"12:00-14:00 EDT Eastward","NO2":1.43798065,"unit":"10^15 molecules cm^-2"},"geometry":{"type":"Polygon","coordinates":[[[-83.975,34.325],[-83.925,34.325],[-83.925,34.375],[-83.975,34.375],[-83.975,34.325]]]}},{"type":"Feature","properties":{"layer":"TEMPO NO2","transport":"Westward","timePeriod":"12:00-14:00 EDT Eastward","NO2":1.61788201,"unit":"10^15 molecules cm^-2"},"geometry":{"type":"Polygon","coordinates":[[[-83.925,34.325],[-83.875,34.325],[-83.875,34.375],[-83.925,34.375],[-83.925,34.325]]]}},{"type":"Feature","properties":{"layer":"TEMPO NO2","transport":"Westward","timePeriod":"12:00-14:00 EDT Eastward","NO2":1.675542,"unit":"10^15 molecules cm^-2"},"geometry":{"type":"Polygon","coordinates":[[[-83.875,34.325],[-83.825,34.325],[-83.825,34.375],[-83.875,34.375],[-83.875,34.325]]]}},{"type":"Feature","properties":{"layer":"TEMPO NO2","transport":"Westward","timePeriod":"12:00-14:00 EDT Eastward","NO2":1.82805,"unit":"10^15 molecules cm^-2"},"geometry":{"type":"Polygon","coordinates":[[[-83.825,34.325],[-83.775,34.325],[-83.775,34.375],[-83.825,34.375],[-83.825,34.325]]]}},{"type":"Feature","properties":{"layer":"TEMPO NO2","transport":"Westward","timePeriod":"12:00-14:00 EDT Eastward","NO2":1.71264601,"unit":"10^15 molecules cm^-2"},"geometry":{"type":"Polygon","coordinates":[[[-84.975,34.375],[-84.925,34.375],[-84.925,34.425],[-84.975,34.425],[-84.975,34.375]]]}},{"type":"Feature","properties":{"layer":"TEMPO NO2","transport":"Westward","timePeriod":"12:00-14:00 EDT Eastward","NO2":1.59618437,"unit":"10^15 molecules cm^-2"},"geometry":{"type":"Polygon","coordinates":[[[-84.925,34.375],[-84.875,34.375],[-84.875,34.425],[-84.925,34.425],[-84.925,34.375]]]}},{"type":"Feature","properties":{"layer":"TEMPO NO2","transport":"Westward","timePeriod":"12:00-14:00 EDT Eastward","NO2":1.4693228,"unit":"10^15 molecules cm^-2"},"geometry":{"type":"Polygon","coordinates":[[[-84.875,34.375],[-84.825,34.375],[-84.825,34.425],[-84.875,34.425],[-84.875,34.375]]]}},{"type":"Feature","properties":{"layer":"TEMPO NO2","transport":"Westward","timePeriod":"12:00-14:00 EDT Eastward","NO2":1.5851444,"unit":"10^15 molecules cm^-2"},"geometry":{"type":"Polygon","coordinates":[[[-84.825,34.375],[-84.775,34.375],[-84.775,34.425],[-84.825,34.425],[-84.825,34.375]]]}},{"type":"Feature","properties":{"layer":"TEMPO NO2","transport":"Westward","timePeriod":"12:00-14:00 EDT Eastward","NO2":1.47514737,"unit":"10^15 molecules cm^-2"},"geometry":{"type":"Polygon","coordinates":[[[-84.775,34.375],[-84.725,34.375],[-84.725,34.425],[-84.775,34.425],[-84.775,34.375]]]}},{"type":"Feature","properties":{"layer":"TEMPO NO2","transport":"Westward","timePeriod":"12:00-14:00 EDT Eastward","NO2":1.43689466,"unit":"10^15 molecules cm^-2"},"geometry":{"type":"Polygon","coordinates":[[[-84.725,34.375],[-84.675,34.375],[-84.675,34.425],[-84.725,34.425],[-84.725,34.375]]]}},{"type":"Feature","properties":{"layer":"TEMPO NO2","transport":"Westward","timePeriod":"12:00-14:00 EDT Eastward","NO2":1.3267622,"unit":"10^15 molecules cm^-2"},"geometry":{"type":"Polygon","coordinates":[[[-84.675,34.375],[-84.625,34.375],[-84.625,34.425],[-84.675,34.425],[-84.675,34.375]]]}},{"type":"Feature","properties":{"layer":"TEMPO NO2","transport":"Westward","timePeriod":"12:00-14:00 EDT Eastward","NO2":1.30267704,"unit":"10^15 molecules cm^-2"},"geometry":{"type":"Polygon","coordinates":[[[-84.625,34.375],[-84.575,34.375],[-84.575,34.425],[-84.625,34.425],[-84.625,34.375]]]}},{"type":"Feature","properties":{"layer":"TEMPO NO2","transport":"Westward","timePeriod":"12:00-14:00 EDT Eastward","NO2":1.29259861,"unit":"10^15 molecules cm^-2"},"geometry":{"type":"Polygon","coordinates":[[[-84.575,34.375],[-84.525,34.375],[-84.525,34.425],[-84.575,34.425],[-84.575,34.375]]]}},{"type":"Feature","properties":{"layer":"TEMPO NO2","transport":"Westward","timePeriod":"12:00-14:00 EDT Eastward","NO2":1.42601311,"unit":"10^15 molecules cm^-2"},"geometry":{"type":"Polygon","coordinates":[[[-84.525,34.375],[-84.475,34.375],[-84.475,34.425],[-84.525,34.425],[-84.525,34.375]]]}},{"type":"Feature","properties":{"layer":"TEMPO NO2","transport":"Westward","timePeriod":"12:00-14:00 EDT Eastward","NO2":1.26214719,"unit":"10^15 molecules cm^-2"},"geometry":{"type":"Polygon","coordinates":[[[-84.475,34.375],[-84.425,34.375],[-84.425,34.425],[-84.475,34.425],[-84.475,34.375]]]}},{"type":"Feature","properties":{"layer":"TEMPO NO2","transport":"Westward","timePeriod":"12:00-14:00 EDT Eastward","NO2":1.26444387,"unit":"10^15 molecules cm^-2"},"geometry":{"type":"Polygon","coordinates":[[[-84.425,34.375],[-84.375,34.375],[-84.375,34.425],[-84.425,34.425],[-84.425,34.375]]]}},{"type":"Feature","properties":{"layer":"TEMPO NO2","transport":"Westward","timePeriod":"12:00-14:00 EDT Eastward","NO2":1.48142612,"unit":"10^15 molecules cm^-2"},"geometry":{"type":"Polygon","coordinates":[[[-84.375,34.375],[-84.325,34.375],[-84.325,34.425],[-84.375,34.425],[-84.375,34.375]]]}},{"type":"Feature","properties":{"layer":"TEMPO NO2","transport":"Westward","timePeriod":"12:00-14:00 EDT Eastward","NO2":1.36277759,"unit":"10^15 molecules cm^-2"},"geometry":{"type":"Polygon","coordinates":[[[-84.325,34.375],[-84.275,34.375],[-84.275,34.425],[-84.325,34.425],[-84.325,34.375]]]}},{"type":"Feature","properties":{"layer":"TEMPO NO2","transport":"Westward","timePeriod":"12:00-14:00 EDT Eastward","NO2":1.24139225,"unit":"10^15 molecules cm^-2"},"geometry":{"type":"Polygon","coordinates":[[[-84.275,34.375],[-84.225,34.375],[-84.225,34.425],[-84.275,34.425],[-84.275,34.375]]]}},{"type":"Feature","properties":{"layer":"TEMPO NO2","transport":"Westward","timePeriod":"12:00-14:00 EDT Eastward","NO2":1.2159363,"unit":"10^15 molecules cm^-2"},"geometry":{"type":"Polygon","coordinates":[[[-84.225,34.375],[-84.175,34.375],[-84.175,34.425],[-84.225,34.425],[-84.225,34.375]]]}},{"type":"Feature","properties":{"layer":"TEMPO NO2","transport":"Westward","timePeriod":"12:00-14:00 EDT Eastward","NO2":1.30549634,"unit":"10^15 molecules cm^-2"},"geometry":{"type":"Polygon","coordinates":[[[-84.175,34.375],[-84.125,34.375],[-84.125,34.425],[-84.175,34.425],[-84.175,34.375]]]}},{"type":"Feature","properties":{"layer":"TEMPO NO2","transport":"Westward","timePeriod":"12:00-14:00 EDT Eastward","NO2":1.54302466,"unit":"10^15 molecules cm^-2"},"geometry":{"type":"Polygon","coordinates":[[[-84.125,34.375],[-84.075,34.375],[-84.075,34.425],[-84.125,34.425],[-84.125,34.375]]]}},{"type":"Feature","properties":{"layer":"TEMPO NO2","transport":"Westward","timePeriod":"12:00-14:00 EDT Eastward","NO2":1.65533948,"unit":"10^15 molecules cm^-2"},"geometry":{"type":"Polygon","coordinates":[[[-84.075,34.375],[-84.025,34.375],[-84.025,34.425],[-84.075,34.425],[-84.075,34.375]]]}},{"type":"Feature","properties":{"layer":"TEMPO NO2","transport":"Westward","timePeriod":"12:00-14:00 EDT Eastward","NO2":1.45953107,"unit":"10^15 molecules cm^-2"},"geometry":{"type":"Polygon","coordinates":[[[-84.025,34.375],[-83.975,34.375],[-83.975,34.425],[-84.025,34.425],[-84.025,34.375]]]}},{"type":"Feature","properties":{"layer":"TEMPO NO2","transport":"Westward","timePeriod":"12:00-14:00 EDT Eastward","NO2":1.3963778,"unit":"10^15 molecules cm^-2"},"geometry":{"type":"Polygon","coordinates":[[[-83.975,34.375],[-83.925,34.375],[-83.925,34.425],[-83.975,34.425],[-83.975,34.375]]]}},{"type":"Feature","properties":{"layer":"TEMPO NO2","transport":"Westward","timePeriod":"12:00-14:00 EDT Eastward","NO2":1.44736362,"unit":"10^15 molecules cm^-2"},"geometry":{"type":"Polygon","coordinates":[[[-83.925,34.375],[-83.875,34.375],[-83.875,34.425],[-83.925,34.425],[-83.925,34.375]]]}},{"type":"Feature","properties":{"layer":"TEMPO NO2","transport":"Westward","timePeriod":"12:00-14:00 EDT Eastward","NO2":1.3540858,"unit":"10^15 molecules cm^-2"},"geometry":{"type":"Polygon","coordinates":[[[-83.875,34.375],[-83.825,34.375],[-83.825,34.425],[-83.875,34.425],[-83.875,34.375]]]}},{"type":"Feature","properties":{"layer":"TEMPO NO2","transport":"Westward","timePeriod":"12:00-14:00 EDT Eastward","NO2":1.30146027,"unit":"10^15 molecules cm^-2"},"geometry":{"type":"Polygon","coordinates":[[[-83.825,34.375],[-83.775,34.375],[-83.775,34.425],[-83.825,34.425],[-83.825,34.375]]]}},{"type":"Feature","properties":{"layer":"TEMPO NO2","transport":"Westward","timePeriod":"12:00-14:00 EDT Eastward","NO2":1.64220226,"unit":"10^15 molecules cm^-2"},"geometry":{"type":"Polygon","coordinates":[[[-84.975,34.425],[-84.925,34.425],[-84.925,34.475],[-84.975,34.475],[-84.975,34.425]]]}},{"type":"Feature","properties":{"layer":"TEMPO NO2","transport":"Westward","timePeriod":"12:00-14:00 EDT Eastward","NO2":1.41244566,"unit":"10^15 molecules cm^-2"},"geometry":{"type":"Polygon","coordinates":[[[-84.925,34.425],[-84.875,34.425],[-84.875,34.475],[-84.925,34.475],[-84.925,34.425]]]}},{"type":"Feature","properties":{"layer":"TEMPO NO2","transport":"Westward","timePeriod":"12:00-14:00 EDT Eastward","NO2":1.40414357,"unit":"10^15 molecules cm^-2"},"geometry":{"type":"Polygon","coordinates":[[[-84.875,34.425],[-84.825,34.425],[-84.825,34.475],[-84.875,34.475],[-84.875,34.425]]]}},{"type":"Feature","properties":{"layer":"TEMPO NO2","transport":"Westward","timePeriod":"12:00-14:00 EDT Eastward","NO2":1.28358018,"unit":"10^15 molecules cm^-2"},"geometry":{"type":"Polygon","coordinates":[[[-84.825,34.425],[-84.775,34.425],[-84.775,34.475],[-84.825,34.475],[-84.825,34.425]]]}},{"type":"Feature","properties":{"layer":"TEMPO NO2","transport":"Westward","timePeriod":"12:00-14:00 EDT Eastward","NO2":1.22560823,"unit":"10^15 molecules cm^-2"},"geometry":{"type":"Polygon","coordinates":[[[-84.775,34.425],[-84.725,34.425],[-84.725,34.475],[-84.775,34.475],[-84.775,34.425]]]}},{"type":"Feature","properties":{"layer":"TEMPO NO2","transport":"Westward","timePeriod":"12:00-14:00 EDT Eastward","NO2":1.34581888,"unit":"10^15 molecules cm^-2"},"geometry":{"type":"Polygon","coordinates":[[[-84.725,34.425],[-84.675,34.425],[-84.675,34.475],[-84.725,34.475],[-84.725,34.425]]]}},{"type":"Feature","properties":{"layer":"TEMPO NO2","transport":"Westward","timePeriod":"12:00-14:00 EDT Eastward","NO2":1.22066355,"unit":"10^15 molecules cm^-2"},"geometry":{"type":"Polygon","coordinates":[[[-84.675,34.425],[-84.625,34.425],[-84.625,34.475],[-84.675,34.475],[-84.675,34.425]]]}},{"type":"Feature","properties":{"layer":"TEMPO NO2","transport":"Westward","timePeriod":"12:00-14:00 EDT Eastward","NO2":1.43840337,"unit":"10^15 molecules cm^-2"},"geometry":{"type":"Polygon","coordinates":[[[-84.625,34.425],[-84.575,34.425],[-84.575,34.475],[-84.625,34.475],[-84.625,34.425]]]}},{"type":"Feature","properties":{"layer":"TEMPO NO2","transport":"Westward","timePeriod":"12:00-14:00 EDT Eastward","NO2":1.19115663,"unit":"10^15 molecules cm^-2"},"geometry":{"type":"Polygon","coordinates":[[[-84.575,34.425],[-84.525,34.425],[-84.525,34.475],[-84.575,34.475],[-84.575,34.425]]]}},{"type":"Feature","properties":{"layer":"TEMPO NO2","transport":"Westward","timePeriod":"12:00-14:00 EDT Eastward","NO2":1.18968654,"unit":"10^15 molecules cm^-2"},"geometry":{"type":"Polygon","coordinates":[[[-84.525,34.425],[-84.475,34.425],[-84.475,34.475],[-84.525,34.475],[-84.525,34.425]]]}},{"type":"Feature","properties":{"layer":"TEMPO NO2","transport":"Westward","timePeriod":"12:00-14:00 EDT Eastward","NO2":1.4073658,"unit":"10^15 molecules cm^-2"},"geometry":{"type":"Polygon","coordinates":[[[-84.475,34.425],[-84.425,34.425],[-84.425,34.475],[-84.475,34.475],[-84.475,34.425]]]}},{"type":"Feature","properties":{"layer":"TEMPO NO2","transport":"Westward","timePeriod":"12:00-14:00 EDT Eastward","NO2":1.34726906,"unit":"10^15 molecules cm^-2"},"geometry":{"type":"Polygon","coordinates":[[[-84.425,34.425],[-84.375,34.425],[-84.375,34.475],[-84.425,34.475],[-84.425,34.425]]]}},{"type":"Feature","properties":{"layer":"TEMPO NO2","transport":"Westward","timePeriod":"12:00-14:00 EDT Eastward","NO2":1.21930563,"unit":"10^15 molecules cm^-2"},"geometry":{"type":"Polygon","coordinates":[[[-84.375,34.425],[-84.325,34.425],[-84.325,34.475],[-84.375,34.475],[-84.375,34.425]]]}},{"type":"Feature","properties":{"layer":"TEMPO NO2","transport":"Westward","timePeriod":"12:00-14:00 EDT Eastward","NO2":1.28552842,"unit":"10^15 molecules cm^-2"},"geometry":{"type":"Polygon","coordinates":[[[-84.325,34.425],[-84.275,34.425],[-84.275,34.475],[-84.325,34.475],[-84.325,34.425]]]}},{"type":"Feature","properties":{"layer":"TEMPO NO2","transport":"Westward","timePeriod":"12:00-14:00 EDT Eastward","NO2":1.23940241,"unit":"10^15 molecules cm^-2"},"geometry":{"type":"Polygon","coordinates":[[[-84.275,34.425],[-84.225,34.425],[-84.225,34.475],[-84.275,34.475],[-84.275,34.425]]]}},{"type":"Feature","properties":{"layer":"TEMPO NO2","transport":"Westward","timePeriod":"12:00-14:00 EDT Eastward","NO2":1.28743935,"unit":"10^15 molecules cm^-2"},"geometry":{"type":"Polygon","coordinates":[[[-84.225,34.425],[-84.175,34.425],[-84.175,34.475],[-84.225,34.475],[-84.225,34.425]]]}},{"type":"Feature","properties":{"layer":"TEMPO NO2","transport":"Westward","timePeriod":"12:00-14:00 EDT Eastward","NO2":1.26325214,"unit":"10^15 molecules cm^-2"},"geometry":{"type":"Polygon","coordinates":[[[-84.175,34.425],[-84.125,34.425],[-84.125,34.475],[-84.175,34.475],[-84.175,34.425]]]}},{"type":"Feature","properties":{"layer":"TEMPO NO2","transport":"Westward","timePeriod":"12:00-14:00 EDT Eastward","NO2":1.21868122,"unit":"10^15 molecules cm^-2"},"geometry":{"type":"Polygon","coordinates":[[[-84.125,34.425],[-84.075,34.425],[-84.075,34.475],[-84.125,34.475],[-84.125,34.425]]]}},{"type":"Feature","properties":{"layer":"TEMPO NO2","transport":"Westward","timePeriod":"12:00-14:00 EDT Eastward","NO2":1.18501794,"unit":"10^15 molecules cm^-2"},"geometry":{"type":"Polygon","coordinates":[[[-84.075,34.425],[-84.025,34.425],[-84.025,34.475],[-84.075,34.475],[-84.075,34.425]]]}},{"type":"Feature","properties":{"layer":"TEMPO NO2","transport":"Westward","timePeriod":"12:00-14:00 EDT Eastward","NO2":1.26385689,"unit":"10^15 molecules cm^-2"},"geometry":{"type":"Polygon","coordinates":[[[-84.025,34.425],[-83.975,34.425],[-83.975,34.475],[-84.025,34.475],[-84.025,34.425]]]}},{"type":"Feature","properties":{"layer":"TEMPO NO2","transport":"Westward","timePeriod":"12:00-14:00 EDT Eastward","NO2":1.23360085,"unit":"10^15 molecules cm^-2"},"geometry":{"type":"Polygon","coordinates":[[[-83.975,34.425],[-83.925,34.425],[-83.925,34.475],[-83.975,34.475],[-83.975,34.425]]]}},{"type":"Feature","properties":{"layer":"TEMPO NO2","transport":"Westward","timePeriod":"12:00-14:00 EDT Eastward","NO2":1.34717488,"unit":"10^15 molecules cm^-2"},"geometry":{"type":"Polygon","coordinates":[[[-83.925,34.425],[-83.875,34.425],[-83.875,34.475],[-83.925,34.475],[-83.925,34.425]]]}},{"type":"Feature","properties":{"layer":"TEMPO NO2","transport":"Westward","timePeriod":"12:00-14:00 EDT Eastward","NO2":1.34207809,"unit":"10^15 molecules cm^-2"},"geometry":{"type":"Polygon","coordinates":[[[-83.875,34.425],[-83.825,34.425],[-83.825,34.475],[-83.875,34.475],[-83.875,34.425]]]}},{"type":"Feature","properties":{"layer":"TEMPO NO2","transport":"Westward","timePeriod":"12:00-14:00 EDT Eastward","NO2":1.25041115,"unit":"10^15 molecules cm^-2"},"geometry":{"type":"Polygon","coordinates":[[[-83.825,34.425],[-83.775,34.425],[-83.775,34.475],[-83.825,34.475],[-83.825,34.425]]]}}]}