{"type":"FeatureCollection","features":[{"type":"Feature","properties":{"layer":"TEMPO NO2","transport":"Westward","timePeriod":"08:00-10:00 EDT Eastward","NO2":1.7395575,"unit":"10^15 molecules cm^-2"},"geometry":{"type":"Polygon","coordinates":[[[-84.975,33.125],[-84.925,33.125],[-84.925,33.175],[-84.975,33.175],[-84.975,33.125]]]}},{"type":"Feature","properties":{"layer":"TEMPO NO2","transport":"Westward","timePeriod":"08:00-10:00 EDT Eastward","NO2":1.63837779,"unit":"10^15 molecules cm^-2"},"geometry":{"type":"Polygon","coordinates":[[[-84.925,33.125],[-84.875,33.125],[-84.875,33.175],[-84.925,33.175],[-84.925,33.125]]]}},{"type":"Feature","properties":{"layer":"TEMPO NO2","transport":"Westward","timePeriod":"08:00-10:00 EDT Eastward","NO2":1.68188679,"unit":"10^15 molecules cm^-2"},"geometry":{"type":"Polygon","coordinates":[[[-84.875,33.125],[-84.825,33.125],[-84.825,33.175],[-84.875,33.175],[-84.875,33.125]]]}},{"type":"Feature","properties":{"layer":"TEMPO NO2","transport":"Westward","timePeriod":"08:00-10:00 EDT Eastward","NO2":1.80632353,"unit":"10^15 molecules cm^-2"},"geometry":{"type":"Polygon","coordinates":[[[-84.825,33.125],[-84.775,33.125],[-84.775,33.175],[-84.825,33.175],[-84.825,33.125]]]}},{"type":"Feature","properties":{"layer":"TEMPO NO2","transport":"Westward","timePeriod":"08:00-10:00 EDT Eastward","NO2":1.89251328,"unit":"10^15 molecules cm^-2"},"geometry":{"type":"Polygon","coordinates":[[[-84.775,33.125],[-84.725,33.125],[-84.725,33.175],[-84.775,33.175],[-84.775,33.125]]]}},{"type":"Feature","properties":{"layer":"TEMPO NO2","transport":"Westward","timePeriod":"08:00-10:00 EDT Eastward","NO2":1.95394623,"unit":"10^15 molecules cm^-2"},"geometry":{"type":"Polygon","coordinates":[[[-84.725,33.125],[-84.675,33.125],[-84.675,33.175],[-84.725,33.175],[-84.725,33.125]]]}},{"type":"Feature","properties":{"layer":"TEMPO NO2","transport":"Westward","timePeriod":"08:00-10:00 EDT Eastward","NO2":1.94072878,"unit":"10^15 molecules cm^-2"},"geometry":{"type":"Polygon","coordinates":[[[-84.675,33.125],[-84.625,33.125],[-84.625,33.175],[-84.675,33.175],[-84.675,33.125]]]}},{"type":"Feature","properties":{"layer":"TEMPO NO2","transport":"Westward","timePeriod":"08:00-10:00 EDT Eastward","NO2":1.77416027,"unit":"10^15 molecules cm^-2"},"geometry":{"type":"Polygon","coordinates":[[[-84.625,33.125],[-84.575,33.125],[-84.575,33.175],[-84.625,33.175],[-84.625,33.125]]]}},{"type":"Feature","properties":{"layer":"TEMPO NO2","transport":"Westward","timePeriod":"08:00-10:00 EDT Eastward","NO2":1.85629165,"unit":"10^15 molecules cm^-2"},"geometry":{"type":"Polygon","coordinates":[[[-84.575,33.125],[-84.525,33.125],[-84.525,33.175],[-84.575,33.175],[-84.575,33.125]]]}},{"type":"Feature","properties":{"layer":"TEMPO NO2","transport":"Westward","timePeriod":"08:00-10:00 EDT Eastward","NO2":1.79154122,"unit":"10^15 molecules cm^-2"},"geometry":{"type":"Polygon","coordinates":[[[-84.525,33.125],[-84.475,33.125],[-84.475,33.175],[-84.525,33.175],[-84.525,33.125]]]}},{"type":"Feature","properties":{"layer":"TEMPO NO2","transport":"Westward","timePeriod":"08:00-10:00 EDT Eastward","NO2":1.80377889,"unit":"10^15 molecules cm^-2"},"geometry":{"type":"Polygon","coordinates":[[[-84.475,33.125],[-84.425,33.125],[-84.425,33.175],[-84.475,33.175],[-84.475,33.125]]]}},{"type":"Feature","properties":{"layer":"TEMPO NO2","transport":"Westward","timePeriod":"08:00-10:00 EDT Eastward","NO2":1.70711172,"unit":"10^15 molecules cm^-2"},"geometry":{"type":"Polygon","coordinates":[[[-84.425,33.125],[-84.375,33.125],[-84.375,33.175],[-84.425,33.175],[-84.425,33.125]]]}},{"type":"Feature","properties":{"layer":"TEMPO NO2","transport":"Westward","timePeriod":"08:00-10:00 EDT Eastward","NO2":1.82482851,"unit":"10^15 molecules cm^-2"},"geometry":{"type":"Polygon","coordinates":[[[-84.375,33.125],[-84.325,33.125],[-84.325,33.175],[-84.375,33.175],[-84.375,33.125]]]}},{"type":"Feature","properties":{"layer":"TEMPO NO2","transport":"Westward","timePeriod":"08:00-10:00 EDT Eastward","NO2":1.91436744,"unit":"10^15 molecules cm^-2"},"geometry":{"type":"Polygon","coordinates":[[[-84.325,33.125],[-84.275,33.125],[-84.275,33.175],[-84.325,33.175],[-84.325,33.125]]]}},{"type":"Feature","properties":{"layer":"TEMPO NO2","transport":"Westward","timePeriod":"08:00-10:00 EDT Eastward","NO2":1.84909534,"unit":"10^15 molecules cm^-2"},"geometry":{"type":"Polygon","coordinates":[[[-84.275,33.125],[-84.225,33.125],[-84.225,33.175],[-84.275,33.175],[-84.275,33.125]]]}},{"type":"Feature","properties":{"layer":"TEMPO NO2","transport":"Westward","timePeriod":"08:00-10:00 EDT Eastward","NO2":1.8123,"unit":"10^15 molecules cm^-2"},"geometry":{"type":"Polygon","coordinates":[[[-84.225,33.125],[-84.175,33.125],[-84.175,33.175],[-84.225,33.175],[-84.225,33.125]]]}},{"type":"Feature","properties":{"layer":"TEMPO NO2","transport":"Westward","timePeriod":"08:00-10:00 EDT Eastward","NO2":1.76942241,"unit":"10^15 molecules cm^-2"},"geometry":{"type":"Polygon","coordinates":[[[-84.175,33.125],[-84.125,33.125],[-84.125,33.175],[-84.175,33.175],[-84.175,33.125]]]}},{"type":"Feature","properties":{"layer":"TEMPO NO2","transport":"Westward","timePeriod":"08:00-10:00 EDT Eastward","NO2":1.88894451,"unit":"10^15 molecules cm^-2"},"geometry":{"type":"Polygon","coordinates":[[[-84.125,33.125],[-84.075,33.125],[-84.075,33.175],[-84.125,33.175],[-84.125,33.125]]]}},{"type":"Feature","properties":{"layer":"TEMPO NO2","transport":"Westward","timePeriod":"08:00-10:00 EDT Eastward","NO2":1.93693125,"unit":"10^15 molecules cm^-2"},"geometry":{"type":"Polygon","coordinates":[[[-84.075,33.125],[-84.025,33.125],[-84.025,33.175],[-84.075,33.175],[-84.075,33.125]]]}},{"type":"Feature","properties":{"layer":"TEMPO NO2","transport":"Westward","timePeriod":"08:00-10:00 EDT Eastward","NO2":1.95205104,"unit":"10^15 molecules cm^-2"},"geometry":{"type":"Polygon","coordinates":[[[-84.025,33.125],[-83.975,33.125],[-83.975,33.175],[-84.025,33.175],[-84.025,33.125]]]}},{"type":"Feature","properties":{"layer":"TEMPO NO2","transport":"Westward","timePeriod":"08:00-10:00 EDT Eastward","NO2":1.92468715,"unit":"10^15 molecules cm^-2"},"geometry":{"type":"Polygon","coordinates":[[[-83.975,33.125],[-83.925,33.125],[-83.925,33.175],[-83.975,33.175],[-83.975,33.125]]]}},{"type":"Feature","properties":{"layer":"TEMPO NO2","transport":"Westward","timePeriod":"08:00-10:00 EDT Eastward","NO2":2.0785675,"unit":"10^15 molecules cm^-2"},"geometry":{"type":"Polygon","coordinates":[[[-83.925,33.125],[-83.875,33.125],[-83.875,33.175],[-83.925,33.175],[-83.925,33.125]]]}},{"type":"Feature","properties":{"layer":"TEMPO NO2","transport":"Westward","timePeriod":"08:00-10:00 EDT Eastward","NO2":2.00767589,"unit":"10^15 molecules cm^-2"},"geometry":{"type":"Polygon","coordinates":[[[-83.875,33.125],[-83.825,33.125],[-83.825,33.175],[-83.875,33.175],[-83.875,33.125]]]}},{"type":"Feature","properties":{"layer":"TEMPO NO2","transport":"Westward","timePeriod":"08:00-10:00 EDT Eastward","NO2":2.10730433,"unit":"10^15 molecules cm^-2"},"geometry":{"type":"Polygon","coordinates":[[[-83.825,33.125],[-83.775,33.125],[-83.775,33.175],[-83.825,33.175],[-83.825,33.125]]]}},{"type":"Feature","properties":{"layer":"TEMPO NO2","transport":"Westward","timePeriod":"08:00-10:00 EDT Eastward","NO2":1.93022859,"unit":"10^15 molecules cm^-2"},"geometry":{"type":"Polygon","coordinates":[[[-84.975,33.175],[-84.925,33.175],[-84.925,33.225],[-84.975,33.225],[-84.975,33.175]]]}},{"type":"Feature","properties":{"layer":"TEMPO NO2","transport":"Westward","timePeriod":"08:00-10:00 EDT Eastward","NO2":1.73392045,"unit":"10^15 molecules cm^-2"},"geometry":{"type":"Polygon","coordinates":[[[-84.925,33.175],[-84.875,33.175],[-84.875,33.225],[-84.925,33.225],[-84.925,33.175]]]}},{"type":"Feature","properties":{"layer":"TEMPO NO2","transport":"Westward","timePeriod":"08:00-10:00 EDT Eastward","NO2":1.92876,"unit":"10^15 molecules cm^-2"},"geometry":{"type":"Polygon","coordinates":[[[-84.875,33.175],[-84.825,33.175],[-84.825,33.225],[-84.875,33.225],[-84.875,33.175]]]}},{"type":"Feature","properties":{"layer":"TEMPO NO2","transport":"Westward","timePeriod":"08:00-10:00 EDT Eastward","NO2":1.82394254,"unit":"10^15 molecules cm^-2"},"geometry":{"type":"Polygon","coordinates":[[[-84.825,33.175],[-84.775,33.175],[-84.775,33.225],[-84.825,33.225],[-84.825,33.175]]]}},{"type":"Feature","properties":{"layer":"TEMPO NO2","transport":"Westward","timePeriod":"08:00-10:00 EDT Eastward","NO2":1.85232031,"unit":"10^15 molecules cm^-2"},"geometry":{"type":"Polygon","coordinates":[[[-84.775,33.175],[-84.725,33.175],[-84.725,33.225],[-84.775,33.225],[-84.775,33.175]]]}},{"type":"Feature","properties":{"layer":"TEMPO NO2","transport":"Westward","timePeriod":"08:00-10:00 EDT Eastward","NO2":1.83517253,"unit":"10^15 molecules cm^-2"},"geometry":{"type":"Polygon","coordinates":[[[-84.725,33.175],[-84.675,33.175],[-84.675,33.225],[-84.725,33.225],[-84.725,33.175]]]}},{"type":"Feature","properties":{"layer":"TEMPO NO2","transport":"Westward","timePeriod":"08:00-10:00 EDT Eastward","NO2":1.89776897,"unit":"10^15 molecules cm^-2"},"geometry":{"type":"Polygon","coordinates":[[[-84.675,33.175],[-84.625,33.175],[-84.625,33.225],[-84.675,33.225],[-84.675,33.175]]]}},{"type":"Feature","properties":{"layer":"TEMPO NO2","transport":"Westward","timePeriod":"08:00-10:00 EDT Eastward","NO2":1.82741272,"unit":"10^15 molecules cm^-2"},"geometry":{"type":"Polygon","coordinates":[[[-84.625,33.175],[-84.575,33.175],[-84.575,33.225],[-84.625,33.225],[-84.625,33.175]]]}},{"type":"Feature","properties":{"layer":"TEMPO NO2","transport":"Westward","timePeriod":"08:00-10:00 EDT Eastward","NO2":1.99791503,"unit":"10^15 molecules cm^-2"},"geometry":{"type":"Polygon","coordinates":[[[-84.575,33.175],[-84.525,33.175],[-84.525,33.225],[-84.575,33.225],[-84.575,33.175]]]}},{"type":"Feature","properties":{"layer":"TEMPO NO2","transport":"Westward","timePeriod":"08:00-10:00 EDT Eastward","NO2":1.95019352,"unit":"10^15 molecules cm^-2"},"geometry":{"type":"Polygon","coordinates":[[[-84.525,33.175],[-84.475,33.175],[-84.475,33.225],[-84.525,33.225],[-84.525,33.175]]]}},{"type":"Feature","properties":{"layer":"TEMPO NO2","transport":"Westward","timePeriod":"08:00-10:00 EDT Eastward","NO2":1.99812162,"unit":"10^15 molecules cm^-2"},"geometry":{"type":"Polygon","coordinates":[[[-84.475,33.175],[-84.425,33.175],[-84.425,33.225],[-84.475,33.225],[-84.475,33.175]]]}},{"type":"Feature","properties":{"layer":"TEMPO NO2","transport":"Westward","timePeriod":"08:00-10:00 EDT Eastward","NO2":1.78826344,"unit":"10^15 molecules cm^-2"},"geometry":{"type":"Polygon","coordinates":[[[-84.425,33.175],[-84.375,33.175],[-84.375,33.225],[-84.425,33.225],[-84.425,33.175]]]}},{"type":"Feature","properties":{"layer":"TEMPO NO2","transport":"Westward","timePeriod":"08:00-10:00 EDT Eastward","NO2":1.94762111,"unit":"10^15 molecules cm^-2"},"geometry":{"type":"Polygon","coordinates":[[[-84.375,33.175],[-84.325,33.175],[-84.325,33.225],[-84.375,33.225],[-84.375,33.175]]]}},{"type":"Feature","properties":{"layer":"TEMPO NO2","transport":"Westward","timePeriod":"08:00-10:00 EDT Eastward","NO2":1.88925946,"unit":"10^15 molecules cm^-2"},"geometry":{"type":"Polygon","coordinates":[[[-84.325,33.175],[-84.275,33.175],[-84.275,33.225],[-84.325,33.225],[-84.325,33.175]]]}},{"type":"Feature","properties":{"layer":"TEMPO NO2","transport":"Westward","timePeriod":"08:00-10:00 EDT Eastward","NO2":1.90943635,"unit":"10^15 molecules cm^-2"},"geometry":{"type":"Polygon","coordinates":[[[-84.275,33.175],[-84.225,33.175],[-84.225,33.225],[-84.275,33.225],[-84.275,33.175]]]}},{"type":"Feature","properties":{"layer":"TEMPO NO2","transport":"Westward","timePeriod":"08:00-10:00 EDT Eastward","NO2":1.96028781,"unit":"10^15 molecules cm^-2"},"geometry":{"type":"Polygon","coordinates":[[[-84.225,33.175],[-84.175,33.175],[-84.175,33.225],[-84.225,33.225],[-84.225,33.175]]]}},{"type":"Feature","properties":{"layer":"TEMPO NO2","transport":"Westward","timePeriod":"08:00-10:00 EDT Eastward","NO2":2.0010829,"unit":"10^15 molecules cm^-2"},"geometry":{"type":"Polygon","coordinates":[[[-84.175,33.175],[-84.125,33.175],[-84.125,33.225],[-84.175,33.225],[-84.175,33.175]]]}},{"type":"Feature","properties":{"layer":"TEMPO NO2","transport":"Westward","timePeriod":"08:00-10:00 EDT Eastward","NO2":1.98470974,"unit":"10^15 molecules cm^-2"},"geometry":{"type":"Polygon","coordinates":[[[-84.125,33.175],[-84.075,33.175],[-84.075,33.225],[-84.125,33.225],[-84.125,33.175]]]}},{"type":"Feature","properties":{"layer":"TEMPO NO2","transport":"Westward","timePeriod":"08:00-10:00 EDT Eastward","NO2":1.88345063,"unit":"10^15 molecules cm^-2"},"geometry":{"type":"Polygon","coordinates":[[[-84.075,33.175],[-84.025,33.175],[-84.025,33.225],[-84.075,33.225],[-84.075,33.175]]]}},{"type":"Feature","properties":{"layer":"TEMPO NO2","transport":"Westward","timePeriod":"08:00-10:00 EDT Eastward","NO2":2.02559066,"unit":"10^15 molecules cm^-2"},"geometry":{"type":"Polygon","coordinates":[[[-84.025,33.175],[-83.975,33.175],[-83.975,33.225],[-84.025,33.225],[-84.025,33.175]]]}},{"type":"Feature","properties":{"layer":"TEMPO NO2","transport":"Westward","timePeriod":"08:00-10:00 EDT Eastward","NO2":2.06608152,"unit":"10^15 molecules cm^-2"},"geometry":{"type":"Polygon","coordinates":[[[-83.975,33.175],[-83.925,33.175],[-83.925,33.225],[-83.975,33.225],[-83.975,33.175]]]}},{"type":"Feature","properties":{"layer":"TEMPO NO2","transport":"Westward","timePeriod":"08:00-10:00 EDT Eastward","NO2":2.08361435,"unit":"10^15 molecules cm^-2"},"geometry":{"type":"Polygon","coordinates":[[[-83.925,33.175],[-83.875,33.175],[-83.875,33.225],[-83.925,33.225],[-83.925,33.175]]]}},{"type":"Feature","properties":{"layer":"TEMPO NO2","transport":"Westward","timePeriod":"08:00-10:00 EDT Eastward","NO2":1.96995199,"unit":"10^15 molecules cm^-2"},"geometry":{"type":"Polygon","coordinates":[[[-83.875,33.175],[-83.825,33.175],[-83.825,33.225],[-83.875,33.225],[-83.875,33.175]]]}},{"type":"Feature","properties":{"layer":"TEMPO NO2","transport":"Westward","timePeriod":"08:00-10:00 EDT Eastward","NO2":2.10735774,"unit":"10^15 molecules cm^-2"},"geometry":{"type":"Polygon","coordinates":[[[-83.825,33.175],[-83.775,33.175],[-83.775,33.225],[-83.825,33.225],[-83.825,33.175]]]}},{"type":"Feature","properties":{"layer":"TEMPO NO2","transport":"Westward","timePeriod":"08:00-10:00 EDT Eastward","NO2":1.91472614,"unit":"10^15 molecules cm^-2"},"geometry":{"type":"Polygon","coordinates":[[[-84.975,33.225],[-84.925,33.225],[-84.925,33.275],[-84.975,33.275],[-84.975,33.225]]]}},{"type":"Feature","properties":{"layer":"TEMPO NO2","transport":"Westward","timePeriod":"08:00-10:00 EDT Eastward","NO2":1.79406273,"unit":"10^15 molecules cm^-2"},"geometry":{"type":"Polygon","coordinates":[[[-84.925,33.225],[-84.875,33.225],[-84.875,33.275],[-84.925,33.275],[-84.925,33.225]]]}},{"type":"Feature","properties":{"layer":"TEMPO NO2","transport":"Westward","timePeriod":"08:00-10:00 EDT Eastward","NO2":1.9054153,"unit":"10^15 molecules cm^-2"},"geometry":{"type":"Polygon","coordinates":[[[-84.875,33.225],[-84.825,33.225],[-84.825,33.275],[-84.875,33.275],[-84.875,33.225]]]}},{"type":"Feature","properties":{"layer":"TEMPO NO2","transport":"Westward","timePeriod":"08:00-10:00 EDT Eastward","NO2":1.86787593,"unit":"10^15 molecules cm^-2"},"geometry":{"type":"Polygon","coordinates":[[[-84.825,33.225],[-84.775,33.225],[-84.775,33.275],[-84.825,33.275],[-84.825,33.225]]]}},{"type":"Feature","properties":{"layer":"TEMPO NO2","transport":"Westward","timePeriod":"08:00-10:00 EDT Eastward","NO2":1.93230486,"unit":"10^15 molecules cm^-2"},"geometry":{"type":"Polygon","coordinates":[[[-84.775,33.225],[-84.725,33.225],[-84.725,33.275],[-84.775,33.275],[-84.775,33.225]]]}},{"type":"Feature","properties":{"layer":"TEMPO NO2","transport":"Westward","timePeriod":"08:00-10:00 EDT Eastward","NO2":1.8983134,"unit":"10^15 molecules cm^-2"},"geometry":{"type":"Polygon","coordinates":[[[-84.725,33.225],[-84.675,33.225],[-84.675,33.275],[-84.725,33.275],[-84.725,33.225]]]}},{"type":"Feature","properties":{"layer":"TEMPO NO2","transport":"Westward","timePeriod":"08:00-10:00 EDT Eastward","NO2":1.95280969,"unit":"10^15 molecules cm^-2"},"geometry":{"type":"Polygon","coordinates":[[[-84.675,33.225],[-84.625,33.225],[-84.625,33.275],[-84.675,33.275],[-84.675,33.225]]]}},{"type":"Feature","properties":{"layer":"TEMPO NO2","transport":"Westward","timePeriod":"08:00-10:00 EDT Eastward","NO2":1.94253647,"unit":"10^15 molecules cm^-2"},"geometry":{"type":"Polygon","coordinates":[[[-84.625,33.225],[-84.575,33.225],[-84.575,33.275],[-84.625,33.275],[-84.625,33.225]]]}},{"type":"Feature","properties":{"layer":"TEMPO NO2","transport":"Westward","timePeriod":"08:00-10:00 EDT Eastward","NO2":2.00665617,"unit":"10^15 molecules cm^-2"},"geometry":{"type":"Polygon","coordinates":[[[-84.575,33.225],[-84.525,33.225],[-84.525,33.275],[-84.575,33.275],[-84.575,33.225]]]}},{"type":"Feature","properties":{"layer":"TEMPO NO2","transport":"Westward","timePeriod":"08:00-10:00 EDT Eastward","NO2":2.00494599,"unit":"10^15 molecules cm^-2"},"geometry":{"type":"Polygon","coordinates":[[[-84.525,33.225],[-84.475,33.225],[-84.475,33.275],[-84.525,33.275],[-84.525,33.225]]]}},{"type":"Feature","properties":{"layer":"TEMPO NO2","transport":"Westward","timePeriod":"08:00-10:00 EDT Eastward","NO2":1.97592628,"unit":"10^15 molecules cm^-2"},"geometry":{"type":"Polygon","coordinates":[[[-84.475,33.225],[-84.425,33.225],[-84.425,33.275],[-84.475,33.275],[-84.475,33.225]]]}},{"type":"Feature","properties":{"layer":"TEMPO NO2","transport":"Westward","timePeriod":"08:00-10:00 EDT Eastward","NO2":1.98460817,"unit":"10^15 molecules cm^-2"},"geometry":{"type":"Polygon","coordinates":[[[-84.425,33.225],[-84.375,33.225],[-84.375,33.275],[-84.425,33.275],[-84.425,33.225]]]}},{"type":"Feature","properties":{"layer":"TEMPO NO2","transport":"Westward","timePeriod":"08:00-10:00 EDT Eastward","NO2":1.98599744,"unit":"10^15 molecules cm^-2"},"geometry":{"type":"Polygon","coordinates":[[[-84.375,33.225],[-84.325,33.225],[-84.325,33.275],[-84.375,33.275],[-84.375,33.225]]]}},{"type":"Feature","properties":{"layer":"TEMPO NO2","transport":"Westward","timePeriod":"08:00-10:00 EDT Eastward","NO2":2.14224386,"unit":"10^15 molecules cm^-2"},"geometry":{"type":"Polygon","coordinates":[[[-84.325,33.225],[-84.275,33.225],[-84.275,33.275],[-84.325,33.275],[-84.325,33.225]]]}},{"type":"Feature","properties":{"layer":"TEMPO NO2","transport":"Westward","timePeriod":"08:00-10:00 EDT Eastward","NO2":2.02636695,"unit":"10^15 molecules cm^-2"},"geometry":{"type":"Polygon","coordinates":[[[-84.275,33.225],[-84.225,33.225],[-84.225,33.275],[-84.275,33.275],[-84.275,33.225]]]}},{"type":"Feature","properties":{"layer":"TEMPO NO2","transport":"Westward","timePeriod":"08:00-10:00 EDT Eastward","NO2":1.98591614,"unit":"10^15 molecules cm^-2"},"geometry":{"type":"Polygon","coordinates":[[[-84.225,33.225],[-84.175,33.225],[-84.175,33.275],[-84.225,33.275],[-84.225,33.225]]]}},{"type":"Feature","properties":{"layer":"TEMPO NO2","transport":"Westward","timePeriod":"08:00-10:00 EDT Eastward","NO2":1.84157717,"unit":"10^15 molecules cm^-2"},"geometry":{"type":"Polygon","coordinates":[[[-84.175,33.225],[-84.125,33.225],[-84.125,33.275],[-84.175,33.275],[-84.175,33.225]]]}},{"type":"Feature","properties":{"layer":"TEMPO NO2","transport":"Westward","timePeriod":"08:00-10:00 EDT Eastward","NO2":1.84196234,"unit":"10^15 molecules cm^-2"},"geometry":{"type":"Polygon","coordinates":[[[-84.125,33.225],[-84.075,33.225],[-84.075,33.275],[-84.125,33.275],[-84.125,33.225]]]}},{"type":"Feature","properties":{"layer":"TEMPO NO2","transport":"Westward","timePeriod":"08:00-10:00 EDT Eastward","NO2":2.05690813,"unit":"10^15 molecules cm^-2"},"geometry":{"type":"Polygon","coordinates":[[[-84.075,33.225],[-84.025,33.225],[-84.025,33.275],[-84.075,33.275],[-84.075,33.225]]]}},{"type":"Feature","properties":{"layer":"TEMPO NO2","transport":"Westward","timePeriod":"08:00-10:00 EDT Eastward","NO2":2.08749104,"unit":"10^15 molecules cm^-2"},"geometry":{"type":"Polygon","coordinates":[[[-84.025,33.225],[-83.975,33.225],[-83.975,33.275],[-84.025,33.275],[-84.025,33.225]]]}},{"type":"Feature","properties":{"layer":"TEMPO NO2","transport":"Westward","timePeriod":"08:00-10:00 EDT Eastward","NO2":2.03211713,"unit":"10^15 molecules cm^-2"},"geometry":{"type":"Polygon","coordinates":[[[-83.975,33.225],[-83.925,33.225],[-83.925,33.275],[-83.975,33.275],[-83.975,33.225]]]}},{"type":"Feature","properties":{"layer":"TEMPO NO2","transport":"Westward","timePeriod":"08:00-10:00 EDT Eastward","NO2":1.99763584,"unit":"10^15 molecules cm^-2"},"geometry":{"type":"Polygon","coordinates":[[[-83.925,33.225],[-83.875,33.225],[-83.875,33.275],[-83.925,33.275],[-83.925,33.225]]]}},{"type":"Feature","properties":{"layer":"TEMPO NO2","transport":"Westward","timePeriod":"08:00-10:00 EDT Eastward","NO2":1.96647775,"unit":"10^15 molecules cm^-2"},"geometry":{"type":"Polygon","coordinates":[[[-83.875,33.225],[-83.825,33.225],[-83.825,33.275],[-83.875,33.275],[-83.875,33.225]]]}},{"type":"Feature","properties":{"layer":"TEMPO NO2","transport":"Westward","timePeriod":"08:00-10:00 EDT Eastward","NO2":1.96747756,"unit":"10^15 molecules cm^-2"},"geometry":{"type":"Polygon","coordinates":[[[-83.825,33.225],[-83.775,33.225],[-83.775,33.275],[-83.825,33.275],[-83.825,33.225]]]}},{"type":"Feature","properties":{"layer":"TEMPO NO2","transport":"Westward","timePeriod":"08:00-10:00 EDT Eastward","NO2":1.78465915,"unit":"10^15 molecules cm^-2"},"geometry":{"type":"Polygon","coordinates":[[[-84.975,33.275],[-84.925,33.275],[-84.925,33.325],[-84.975,33.325],[-84.975,33.275]]]}},{"type":"Feature","properties":{"layer":"TEMPO NO2","transport":"Westward","timePeriod":"08:00-10:00 EDT Eastward","NO2":1.69765401,"unit":"10^15 molecules cm^-2"},"geometry":{"type":"Polygon","coordinates":[[[-84.925,33.275],[-84.875,33.275],[-84.875,33.325],[-84.925,33.325],[-84.925,33.275]]]}},{"type":"Feature","properties":{"layer":"TEMPO NO2","transport":"Westward","timePeriod":"08:00-10:00 EDT Eastward","NO2":1.77609289,"unit":"10^15 molecules cm^-2"},"geometry":{"type":"Polygon","coordinates":[[[-84.875,33.275],[-84.825,33.275],[-84.825,33.325],[-84.875,33.325],[-84.875,33.275]]]}},{"type":"Feature","properties":{"layer":"TEMPO NO2","transport":"Westward","timePeriod":"08:00-10:00 EDT Eastward","NO2":1.91297174,"unit":"10^15 molecules cm^-2"},"geometry":{"type":"Polygon","coordinates":[[[-84.825,33.275],[-84.775,33.275],[-84.775,33.325],[-84.825,33.325],[-84.825,33.275]]]}},{"type":"Feature","properties":{"layer":"TEMPO NO2","transport":"Westward","timePeriod":"08:00-10:00 EDT Eastward","NO2":1.92953515,"unit":"10^15 molecules cm^-2"},"geometry":{"type":"Polygon","coordinates":[[[-84.775,33.275],[-84.725,33.275],[-84.725,33.325],[-84.775,33.325],[-84.775,33.275]]]}},{"type":"Feature","properties":{"layer":"TEMPO NO2","transport":"Westward","timePeriod":"08:00-10:00 EDT Eastward","NO2":1.83301914,"unit":"10^15 molecules cm^-2"},"geometry":{"type":"Polygon","coordinates":[[[-84.725,33.275],[-84.675,33.275],[-84.675,33.325],[-84.725,33.325],[-84.725,33.275]]]}},{"type":"Feature","properties":{"layer":"TEMPO NO2","transport":"Westward","timePeriod":"08:00-10:00 EDT Eastward","NO2":1.8096323,"unit":"10^15 molecules cm^-2"},"geometry":{"type":"Polygon","coordinates":[[[-84.675,33.275],[-84.625,33.275],[-84.625,33.325],[-84.675,33.325],[-84.675,33.275]]]}},{"type":"Feature","properties":{"layer":"TEMPO NO2","transport":"Westward","timePeriod":"08:00-10:00 EDT Eastward","NO2":1.85842216,"unit":"10^15 molecules cm^-2"},"geometry":{"type":"Polygon","coordinates":[[[-84.625,33.275],[-84.575,33.275],[-84.575,33.325],[-84.625,33.325],[-84.625,33.275]]]}},{"type":"Feature","properties":{"layer":"TEMPO NO2","transport":"Westward","timePeriod":"08:00-10:00 EDT Eastward","NO2":1.99041057,"unit":"10^15 molecules cm^-2"},"geometry":{"type":"Polygon","coordinates":[[[-84.575,33.275],[-84.525,33.275],[-84.525,33.325],[-84.575,33.325],[-84.575,33.275]]]}},{"type":"Feature","properties":{"layer":"TEMPO NO2","transport":"Westward","timePeriod":"08:00-10:00 EDT Eastward","NO2":2.04446673,"unit":"10^15 molecules cm^-2"},"geometry":{"type":"Polygon","coordinates":[[[-84.525,33.275],[-84.475,33.275],[-84.475,33.325],[-84.525,33.325],[-84.525,33.275]]]}},{"type":"Feature","properties":{"layer":"TEMPO NO2","transport":"Westward","timePeriod":"08:00-10:00 EDT Eastward","NO2":2.01448512,"unit":"10^15 molecules cm^-2"},"geometry":{"type":"Polygon","coordinates":[[[-84.475,33.275],[-84.425,33.275],[-84.425,33.325],[-84.475,33.325],[-84.475,33.275]]]}},{"type":"Feature","properties":{"layer":"TEMPO NO2","transport":"Westward","timePeriod":"08:00-10:00 EDT Eastward","NO2":2.10342789,"unit":"10^15 molecules cm^-2"},"geometry":{"type":"Polygon","coordinates":[[[-84.425,33.275],[-84.375,33.275],[-84.375,33.325],[-84.425,33.325],[-84.425,33.275]]]}},{"type":"Feature","properties":{"layer":"TEMPO NO2","transport":"Westward","timePeriod":"08:00-10:00 EDT Eastward","NO2":2.02845383,"unit":"10^15 molecules cm^-2"},"geometry":{"type":"Polygon","coordinates":[[[-84.375,33.275],[-84.325,33.275],[-84.325,33.325],[-84.375,33.325],[-84.375,33.275]]]}},{"type":"Feature","properties":{"layer":"TEMPO NO2","transport":"Westward","timePeriod":"08:00-10:00 EDT Eastward","NO2":2.08379745,"unit":"10^15 molecules cm^-2"},"geometry":{"type":"Polygon","coordinates":[[[-84.325,33.275],[-84.275,33.275],[-84.275,33.325],[-84.325,33.325],[-84.325,33.275]]]}},{"type":"Feature","properties":{"layer":"TEMPO NO2","transport":"Westward","timePeriod":"08:00-10:00 EDT Eastward","NO2":1.85136354,"unit":"10^15 molecules cm^-2"},"geometry":{"type":"Polygon","coordinates":[[[-84.275,33.275],[-84.225,33.275],[-84.225,33.325],[-84.275,33.325],[-84.275,33.275]]]}},{"type":"Feature","properties":{"layer":"TEMPO NO2","transport":"Westward","timePeriod":"08:00-10:00 EDT Eastward","NO2":1.89940119,"unit":"10^15 molecules cm^-2"},"geometry":{"type":"Polygon","coordinates":[[[-84.225,33.275],[-84.175,33.275],[-84.175,33.325],[-84.225,33.325],[-84.225,33.275]]]}},{"type":"Feature","properties":{"layer":"TEMPO NO2","transport":"Westward","timePeriod":"08:00-10:00 EDT Eastward","NO2":1.98671424,"unit":"10^15 molecules cm^-2"},"geometry":{"type":"Polygon","coordinates":[[[-84.175,33.275],[-84.125,33.275],[-84.125,33.325],[-84.175,33.325],[-84.175,33.275]]]}},{"type":"Feature","properties":{"layer":"TEMPO NO2","transport":"Westward","timePeriod":"08:00-10:00 EDT Eastward","NO2":2.31701922,"unit":"10^15 molecules cm^-2"},"geometry":{"type":"Polygon","coordinates":[[[-84.125,33.275],[-84.075,33.275],[-84.075,33.325],[-84.125,33.325],[-84.125,33.275]]]}},{"type":"Feature","properties":{"layer":"TEMPO NO2","transport":"Westward","timePeriod":"08:00-10:00 EDT Eastward","NO2":1.96290147,"unit":"10^15 molecules cm^-2"},"geometry":{"type":"Polygon","coordinates":[[[-84.075,33.275],[-84.025,33.275],[-84.025,33.325],[-84.075,33.325],[-84.075,33.275]]]}},{"type":"Feature","properties":{"layer":"TEMPO NO2","transport":"Westward","timePeriod":"08:00-10:00 EDT Eastward","NO2":2.03654242,"unit":"10^15 molecules cm^-2"},"geometry":{"type":"Polygon","coordinates":[[[-84.025,33.275],[-83.975,33.275],[-83.975,33.325],[-84.025,33.325],[-84.025,33.275]]]}},{"type":"Feature","properties":{"layer":"TEMPO NO2","transport":"Westward","timePeriod":"08:00-10:00 EDT Eastward","NO2":1.92073894,"unit":"10^15 molecules cm^-2"},"geometry":{"type":"Polygon","coordinates":[[[-83.975,33.275],[-83.925,33.275],[-83.925,33.325],[-83.975,33.325],[-83.975,33.275]]]}},{"type":"Feature","properties":{"layer":"TEMPO NO2","transport":"Westward","timePeriod":"08:00-10:00 EDT Eastward","NO2":1.93812585,"unit":"10^15 molecules cm^-2"},"geometry":{"type":"Polygon","coordinates":[[[-83.925,33.275],[-83.875,33.275],[-83.875,33.325],[-83.925,33.325],[-83.925,33.275]]]}},{"type":"Feature","properties":{"layer":"TEMPO NO2","transport":"Westward","timePeriod":"08:00-10:00 EDT Eastward","NO2":2.01373291,"unit":"10^15 molecules cm^-2"},"geometry":{"type":"Polygon","coordinates":[[[-83.875,33.275],[-83.825,33.275],[-83.825,33.325],[-83.875,33.325],[-83.875,33.275]]]}},{"type":"Feature","properties":{"layer":"TEMPO NO2","transport":"Westward","timePeriod":"08:00-10:00 EDT Eastward","NO2":2.01906395,"unit":"10^15 molecules cm^-2"},"geometry":{"type":"Polygon","coordinates":[[[-83.825,33.275],[-83.775,33.275],[-83.775,33.325],[-83.825,33.325],[-83.825,33.275]]]}},{"type":"Feature","properties":{"layer":"TEMPO NO2","transport":"Westward","timePeriod":"08:00-10:00 EDT Eastward","NO2":1.88357794,"unit":"10^15 molecules cm^-2"},"geometry":{"type":"Polygon","coordinates":[[[-84.975,33.325],[-84.925,33.325],[-84.925,33.375],[-84.975,33.375],[-84.975,33.325]]]}},{"type":"Feature","properties":{"layer":"TEMPO NO2","transport":"Westward","timePeriod":"08:00-10:00 EDT Eastward","NO2":1.81395793,"unit":"10^15 molecules cm^-2"},"geometry":{"type":"Polygon","coordinates":[[[-84.925,33.325],[-84.875,33.325],[-84.875,33.375],[-84.925,33.375],[-84.925,33.325]]]}},{"type":"Feature","properties":{"layer":"TEMPO NO2","transport":"Westward","timePeriod":"08:00-10:00 EDT Eastward","NO2":1.93462193,"unit":"10^15 molecules cm^-2"},"geometry":{"type":"Polygon","coordinates":[[[-84.875,33.325],[-84.825,33.325],[-84.825,33.375],[-84.875,33.375],[-84.875,33.325]]]}},{"type":"Feature","properties":{"layer":"TEMPO NO2","transport":"Westward","timePeriod":"08:00-10:00 EDT Eastward","NO2":1.90453219,"unit":"10^15 molecules cm^-2"},"geometry":{"type":"Polygon","coordinates":[[[-84.825,33.325],[-84.775,33.325],[-84.775,33.375],[-84.825,33.375],[-84.825,33.325]]]}},{"type":"Feature","properties":{"layer":"TEMPO NO2","transport":"Westward","timePeriod":"08:00-10:00 EDT Eastward","NO2":1.92136216,"unit":"10^15 molecules cm^-2"},"geometry":{"type":"Polygon","coordinates":[[[-84.775,33.325],[-84.725,33.325],[-84.725,33.375],[-84.775,33.375],[-84.775,33.325]]]}},{"type":"Feature","properties":{"layer":"TEMPO NO2","transport":"Westward","timePeriod":"08:00-10:00 EDT Eastward","NO2":1.89345503,"unit":"10^15 molecules cm^-2"},"geometry":{"type":"Polygon","coordinates":[[[-84.725,33.325],[-84.675,33.325],[-84.675,33.375],[-84.725,33.375],[-84.725,33.325]]]}},{"type":"Feature","properties":{"layer":"TEMPO NO2","transport":"Westward","timePeriod":"08:00-10:00 EDT Eastward","NO2":2.01037335,"unit":"10^15 molecules cm^-2"},"geometry":{"type":"Polygon","coordinates":[[[-84.675,33.325],[-84.625,33.325],[-84.625,33.375],[-84.675,33.375],[-84.675,33.325]]]}},{"type":"Feature","properties":{"layer":"TEMPO NO2","transport":"Westward","timePeriod":"08:00-10:00 EDT Eastward","NO2":1.97457755,"unit":"10^15 molecules cm^-2"},"geometry":{"type":"Polygon","coordinates":[[[-84.625,33.325],[-84.575,33.325],[-84.575,33.375],[-84.625,33.375],[-84.625,33.325]]]}},{"type":"Feature","properties":{"layer":"TEMPO NO2","transport":"Westward","timePeriod":"08:00-10:00 EDT Eastward","NO2":1.93319178,"unit":"10^15 molecules cm^-2"},"geometry":{"type":"Polygon","coordinates":[[[-84.575,33.325],[-84.525,33.325],[-84.525,33.375],[-84.575,33.375],[-84.575,33.325]]]}},{"type":"Feature","properties":{"layer":"TEMPO NO2","transport":"Westward","timePeriod":"08:00-10:00 EDT Eastward","NO2":2.02545786,"unit":"10^15 molecules cm^-2"},"geometry":{"type":"Polygon","coordinates":[[[-84.525,33.325],[-84.475,33.325],[-84.475,33.375],[-84.525,33.375],[-84.525,33.325]]]}},{"type":"Feature","properties":{"layer":"TEMPO NO2","transport":"Westward","timePeriod":"08:00-10:00 EDT Eastward","NO2":2.06146932,"unit":"10^15 molecules cm^-2"},"geometry":{"type":"Polygon","coordinates":[[[-84.475,33.325],[-84.425,33.325],[-84.425,33.375],[-84.475,33.375],[-84.475,33.325]]]}},{"type":"Feature","properties":{"layer":"TEMPO NO2","transport":"Westward","timePeriod":"08:00-10:00 EDT Eastward","NO2":2.03554344,"unit":"10^15 molecules cm^-2"},"geometry":{"type":"Polygon","coordinates":[[[-84.425,33.325],[-84.375,33.325],[-84.375,33.375],[-84.425,33.375],[-84.425,33.325]]]}},{"type":"Feature","properties":{"layer":"TEMPO NO2","transport":"Westward","timePeriod":"08:00-10:00 EDT Eastward","NO2":2.1245,"unit":"10^15 molecules cm^-2"},"geometry":{"type":"Polygon","coordinates":[[[-84.375,33.325],[-84.325,33.325],[-84.325,33.375],[-84.375,33.375],[-84.375,33.325]]]}},{"type":"Feature","properties":{"layer":"TEMPO NO2","transport":"Westward","timePeriod":"08:00-10:00 EDT Eastward","NO2":2.09437108,"unit":"10^15 molecules cm^-2"},"geometry":{"type":"Polygon","coordinates":[[[-84.325,33.325],[-84.275,33.325],[-84.275,33.375],[-84.325,33.375],[-84.325,33.325]]]}},{"type":"Feature","properties":{"layer":"TEMPO NO2","transport":"Westward","timePeriod":"08:00-10:00 EDT Eastward","NO2":2.00988555,"unit":"10^15 molecules cm^-2"},"geometry":{"type":"Polygon","coordinates":[[[-84.275,33.325],[-84.225,33.325],[-84.225,33.375],[-84.275,33.375],[-84.275,33.325]]]}},{"type":"Feature","properties":{"layer":"TEMPO NO2","transport":"Westward","timePeriod":"08:00-10:00 EDT Eastward","NO2":1.94086301,"unit":"10^15 molecules cm^-2"},"geometry":{"type":"Polygon","coordinates":[[[-84.225,33.325],[-84.175,33.325],[-84.175,33.375],[-84.225,33.375],[-84.225,33.325]]]}},{"type":"Feature","properties":{"layer":"TEMPO NO2","transport":"Westward","timePeriod":"08:00-10:00 EDT Eastward","NO2":1.9981674,"unit":"10^15 molecules cm^-2"},"geometry":{"type":"Polygon","coordinates":[[[-84.175,33.325],[-84.125,33.325],[-84.125,33.375],[-84.175,33.375],[-84.175,33.325]]]}},{"type":"Feature","properties":{"layer":"TEMPO NO2","transport":"Westward","timePeriod":"08:00-10:00 EDT Eastward","NO2":2.18318915,"unit":"10^15 molecules cm^-2"},"geometry":{"type":"Polygon","coordinates":[[[-84.125,33.325],[-84.075,33.325],[-84.075,33.375],[-84.125,33.375],[-84.125,33.325]]]}},{"type":"Feature","properties":{"layer":"TEMPO NO2","transport":"Westward","timePeriod":"08:00-10:00 EDT Eastward","NO2":2.12198591,"unit":"10^15 molecules cm^-2"},"geometry":{"type":"Polygon","coordinates":[[[-84.075,33.325],[-84.025,33.325],[-84.025,33.375],[-84.075,33.375],[-84.075,33.325]]]}},{"type":"Feature","properties":{"layer":"TEMPO NO2","transport":"Westward","timePeriod":"08:00-10:00 EDT Eastward","NO2":2.19589949,"unit":"10^15 molecules cm^-2"},"geometry":{"type":"Polygon","coordinates":[[[-84.025,33.325],[-83.975,33.325],[-83.975,33.375],[-84.025,33.375],[-84.025,33.325]]]}},{"type":"Feature","properties":{"layer":"TEMPO NO2","transport":"Westward","timePeriod":"08:00-10:00 EDT Eastward","NO2":2.18985176,"unit":"10^15 molecules cm^-2"},"geometry":{"type":"Polygon","coordinates":[[[-83.975,33.325],[-83.925,33.325],[-83.925,33.375],[-83.975,33.375],[-83.975,33.325]]]}},{"type":"Feature","properties":{"layer":"TEMPO NO2","transport":"Westward","timePeriod":"08:00-10:00 EDT Eastward","NO2":1.94610846,"unit":"10^15 molecules cm^-2"},"geometry":{"type":"Polygon","coordinates":[[[-83.925,33.325],[-83.875,33.325],[-83.875,33.375],[-83.925,33.375],[-83.925,33.325]]]}},{"type":"Feature","properties":{"layer":"TEMPO NO2","transport":"Westward","timePeriod":"08:00-10:00 EDT Eastward","NO2":2.00633144,"unit":"10^15 molecules cm^-2"},"geometry":{"type":"Polygon","coordinates":[[[-83.875,33.325],[-83.825,33.325],[-83.825,33.375],[-83.875,33.375],[-83.875,33.325]]]}},{"type":"Feature","properties":{"layer":"TEMPO NO2","transport":"Westward","timePeriod":"08:00-10:00 EDT Eastward","NO2":2.02498174,"unit":"10^15 molecules cm^-2"},"geometry":{"type":"Polygon","coordinates":[[[-83.825,33.325],[-83.775,33.325],[-83.775,33.375],[-83.825,33.375],[-83.825,33.325]]]}},{"type":"Feature","properties":{"layer":"TEMPO NO2","transport":"Westward","timePeriod":"08:00-10:00 EDT Eastward","NO2":1.81914699,"unit":"10^15 molecules cm^-2"},"geometry":{"type":"Polygon","coordinates":[[[-84.975,33.375],[-84.925,33.375],[-84.925,33.425],[-84.975,33.425],[-84.975,33.375]]]}},{"type":"Feature","properties":{"layer":"TEMPO NO2","transport":"Westward","timePeriod":"08:00-10:00 EDT Eastward","NO2":1.80070651,"unit":"10^15 molecules cm^-2"},"geometry":{"type":"Polygon","coordinates":[[[-84.925,33.375],[-84.875,33.375],[-84.875,33.425],[-84.925,33.425],[-84.925,33.375]]]}},{"type":"Feature","properties":{"layer":"TEMPO NO2","transport":"Westward","timePeriod":"08:00-10:00 EDT Eastward","NO2":1.91062212,"unit":"10^15 molecules cm^-2"},"geometry":{"type":"Polygon","coordinates":[[[-84.875,33.375],[-84.825,33.375],[-84.825,33.425],[-84.875,33.425],[-84.875,33.375]]]}},{"type":"Feature","properties":{"layer":"TEMPO NO2","transport":"Westward","timePeriod":"08:00-10:00 EDT Eastward","NO2":1.91148615,"unit":"10^15 molecules cm^-2"},"geometry":{"type":"Polygon","coordinates":[[[-84.825,33.375],[-84.775,33.375],[-84.775,33.425],[-84.825,33.425],[-84.825,33.375]]]}},{"type":"Feature","properties":{"layer":"TEMPO NO2","transport":"Westward","timePeriod":"08:00-10:00 EDT Eastward","NO2":2.02492523,"unit":"10^15 molecules cm^-2"},"geometry":{"type":"Polygon","coordinates":[[[-84.775,33.375],[-84.725,33.375],[-84.725,33.425],[-84.775,33.425],[-84.775,33.375]]]}},{"type":"Feature","properties":{"layer":"TEMPO NO2","transport":"Westward","timePeriod":"08:00-10:00 EDT Eastward","NO2":1.95569658,"unit":"10^15 molecules cm^-2"},"geometry":{"type":"Polygon","coordinates":[[[-84.725,33.375],[-84.675,33.375],[-84.675,33.425],[-84.725,33.425],[-84.725,33.375]]]}},{"type":"Feature","properties":{"layer":"TEMPO NO2","transport":"Westward","timePeriod":"08:00-10:00 EDT Eastward","NO2":2.06128788,"unit":"10^15 molecules cm^-2"},"geometry":{"type":"Polygon","coordinates":[[[-84.675,33.375],[-84.625,33.375],[-84.625,33.425],[-84.675,33.425],[-84.675,33.375]]]}},{"type":"Feature","properties":{"layer":"TEMPO NO2","transport":"Westward","timePeriod":"08:00-10:00 EDT Eastward","NO2":2.23927069,"unit":"10^15 molecules cm^-2"},"geometry":{"type":"Polygon","coordinates":[[[-84.625,33.375],[-84.575,33.375],[-84.575,33.425],[-84.625,33.425],[-84.625,33.375]]]}},{"type":"Feature","properties":{"layer":"TEMPO NO2","transport":"Westward","timePeriod":"08:00-10:00 EDT Eastward","NO2":2.23150706,"unit":"10^15 molecules cm^-2"},"geometry":{"type":"Polygon","coordinates":[[[-84.575,33.375],[-84.525,33.375],[-84.525,33.425],[-84.575,33.425],[-84.575,33.375]]]}},{"type":"Feature","properties":{"layer":"TEMPO NO2","transport":"Westward","timePeriod":"08:00-10:00 EDT Eastward","NO2":2.15519381,"unit":"10^15 molecules cm^-2"},"geometry":{"type":"Polygon","coordinates":[[[-84.525,33.375],[-84.475,33.375],[-84.475,33.425],[-84.525,33.425],[-84.525,33.375]]]}},{"type":"Feature","properties":{"layer":"TEMPO NO2","transport":"Westward","timePeriod":"08:00-10:00 EDT Eastward","NO2":2.0459981,"unit":"10^15 molecules cm^-2"},"geometry":{"type":"Polygon","coordinates":[[[-84.475,33.375],[-84.425,33.375],[-84.425,33.425],[-84.475,33.425],[-84.475,33.375]]]}},{"type":"Feature","properties":{"layer":"TEMPO NO2","transport":"Westward","timePeriod":"08:00-10:00 EDT Eastward","NO2":2.15554643,"unit":"10^15 molecules cm^-2"},"geometry":{"type":"Polygon","coordinates":[[[-84.425,33.375],[-84.375,33.375],[-84.375,33.425],[-84.425,33.425],[-84.425,33.375]]]}},{"type":"Feature","properties":{"layer":"TEMPO NO2","transport":"Westward","timePeriod":"08:00-10:00 EDT Eastward","NO2":2.07449365,"unit":"10^15 molecules cm^-2"},"geometry":{"type":"Polygon","coordinates":[[[-84.375,33.375],[-84.325,33.375],[-84.325,33.425],[-84.375,33.425],[-84.375,33.375]]]}},{"type":"Feature","properties":{"layer":"TEMPO NO2","transport":"Westward","timePeriod":"08:00-10:00 EDT Eastward","NO2":2.17441893,"unit":"10^15 molecules cm^-2"},"geometry":{"type":"Polygon","coordinates":[[[-84.325,33.375],[-84.275,33.375],[-84.275,33.425],[-84.325,33.425],[-84.325,33.375]]]}},{"type":"Feature","properties":{"layer":"TEMPO NO2","transport":"Westward","timePeriod":"08:00-10:00 EDT Eastward","NO2":2.19351196,"unit":"10^15 molecules cm^-2"},"geometry":{"type":"Polygon","coordinates":[[[-84.275,33.375],[-84.225,33.375],[-84.225,33.425],[-84.275,33.425],[-84.275,33.375]]]}},{"type":"Feature","properties":{"layer":"TEMPO NO2","transport":"Westward","timePeriod":"08:00-10:00 EDT Eastward","NO2":2.39836407,"unit":"10^15 molecules cm^-2"},"geometry":{"type":"Polygon","coordinates":[[[-84.225,33.375],[-84.175,33.375],[-84.175,33.425],[-84.225,33.425],[-84.225,33.375]]]}},{"type":"Feature","properties":{"layer":"TEMPO NO2","transport":"Westward","timePeriod":"08:00-10:00 EDT Eastward","NO2":2.25782561,"unit":"10^15 molecules cm^-2"},"geometry":{"type":"Polygon","coordinates":[[[-84.175,33.375],[-84.125,33.375],[-84.125,33.425],[-84.175,33.425],[-84.175,33.375]]]}},{"type":"Feature","properties":{"layer":"TEMPO NO2","transport":"Westward","timePeriod":"08:00-10:00 EDT Eastward","NO2":2.31735039,"unit":"10^15 molecules cm^-2"},"geometry":{"type":"Polygon","coordinates":[[[-84.125,33.375],[-84.075,33.375],[-84.075,33.425],[-84.125,33.425],[-84.125,33.375]]]}},{"type":"Feature","properties":{"layer":"TEMPO NO2","transport":"Westward","timePeriod":"08:00-10:00 EDT Eastward","NO2":2.34283328,"unit":"10^15 molecules cm^-2"},"geometry":{"type":"Polygon","coordinates":[[[-84.075,33.375],[-84.025,33.375],[-84.025,33.425],[-84.075,33.425],[-84.075,33.375]]]}},{"type":"Feature","properties":{"layer":"TEMPO NO2","transport":"Westward","timePeriod":"08:00-10:00 EDT Eastward","NO2":2.07374668,"unit":"10^15 molecules cm^-2"},"geometry":{"type":"Polygon","coordinates":[[[-84.025,33.375],[-83.975,33.375],[-83.975,33.425],[-84.025,33.425],[-84.025,33.375]]]}},{"type":"Feature","properties":{"layer":"TEMPO NO2","transport":"Westward","timePeriod":"08:00-10:00 EDT Eastward","NO2":2.1651783,"unit":"10^15 molecules cm^-2"},"geometry":{"type":"Polygon","coordinates":[[[-83.975,33.375],[-83.925,33.375],[-83.925,33.425],[-83.975,33.425],[-83.975,33.375]]]}},{"type":"Feature","properties":{"layer":"TEMPO NO2","transport":"Westward","timePeriod":"08:00-10:00 EDT Eastward","NO2":2.10601354,"unit":"10^15 molecules cm^-2"},"geometry":{"type":"Polygon","coordinates":[[[-83.925,33.375],[-83.875,33.375],[-83.875,33.425],[-83.925,33.425],[-83.925,33.375]]]}},{"type":"Feature","properties":{"layer":"TEMPO NO2","transport":"Westward","timePeriod":"08:00-10:00 EDT Eastward","NO2":2.00179148,"unit":"10^15 molecules cm^-2"},"geometry":{"type":"Polygon","coordinates":[[[-83.875,33.375],[-83.825,33.375],[-83.825,33.425],[-83.875,33.425],[-83.875,33.375]]]}},{"type":"Feature","properties":{"layer":"TEMPO NO2","transport":"Westward","timePeriod":"08:00-10:00 EDT Eastward","NO2":2.13281512,"unit":"10^15 molecules cm^-2"},"geometry":{"type":"Polygon","coordinates":[[[-83.825,33.375],[-83.775,33.375],[-83.775,33.425],[-83.825,33.425],[-83.825,33.375]]]}},{"type":"Feature","properties":{"layer":"TEMPO NO2","transport":"Westward","timePeriod":"08:00-10:00 EDT Eastward","NO2":2.09976149,"unit":"10^15 molecules cm^-2"},"geometry":{"type":"Polygon","coordinates":[[[-84.975,33.425],[-84.925,33.425],[-84.925,33.475],[-84.975,33.475],[-84.975,33.425]]]}},{"type":"Feature","properties":{"layer":"TEMPO NO2","transport":"Westward","timePeriod":"08:00-10:00 EDT Eastward","NO2":2.13417888,"unit":"10^15 molecules cm^-2"},"geometry":{"type":"Polygon","coordinates":[[[-84.925,33.425],[-84.875,33.425],[-84.875,33.475],[-84.925,33.475],[-84.925,33.425]]]}},{"type":"Feature","properties":{"layer":"TEMPO NO2","transport":"Westward","timePeriod":"08:00-10:00 EDT Eastward","NO2":2.09607148,"unit":"10^15 molecules cm^-2"},"geometry":{"type":"Polygon","coordinates":[[[-84.875,33.425],[-84.825,33.425],[-84.825,33.475],[-84.875,33.475],[-84.875,33.425]]]}},{"type":"Feature","properties":{"layer":"TEMPO NO2","transport":"Westward","timePeriod":"08:00-10:00 EDT Eastward","NO2":1.98459983,"unit":"10^15 molecules cm^-2"},"geometry":{"type":"Polygon","coordinates":[[[-84.825,33.425],[-84.775,33.425],[-84.775,33.475],[-84.825,33.475],[-84.825,33.425]]]}},{"type":"Feature","properties":{"layer":"TEMPO NO2","transport":"Westward","timePeriod":"08:00-10:00 EDT Eastward","NO2":2.09822845,"unit":"10^15 molecules cm^-2"},"geometry":{"type":"Polygon","coordinates":[[[-84.775,33.425],[-84.725,33.425],[-84.725,33.475],[-84.775,33.475],[-84.775,33.425]]]}},{"type":"Feature","properties":{"layer":"TEMPO NO2","transport":"Westward","timePeriod":"08:00-10:00 EDT Eastward","NO2":2.08374023,"unit":"10^15 molecules cm^-2"},"geometry":{"type":"Polygon","coordinates":[[[-84.725,33.425],[-84.675,33.425],[-84.675,33.475],[-84.725,33.475],[-84.725,33.425]]]}},{"type":"Feature","properties":{"layer":"TEMPO NO2","transport":"Westward","timePeriod":"08:00-10:00 EDT Eastward","NO2":2.16961598,"unit":"10^15 molecules cm^-2"},"geometry":{"type":"Polygon","coordinates":[[[-84.675,33.425],[-84.625,33.425],[-84.625,33.475],[-84.675,33.475],[-84.675,33.425]]]}},{"type":"Feature","properties":{"layer":"TEMPO NO2","transport":"Westward","timePeriod":"08:00-10:00 EDT Eastward","NO2":2.19010949,"unit":"10^15 molecules cm^-2"},"geometry":{"type":"Polygon","coordinates":[[[-84.625,33.425],[-84.575,33.425],[-84.575,33.475],[-84.625,33.475],[-84.625,33.425]]]}},{"type":"Feature","properties":{"layer":"TEMPO NO2","transport":"Westward","timePeriod":"08:00-10:00 EDT Eastward","NO2":2.13049269,"unit":"10^15 molecules cm^-2"},"geometry":{"type":"Polygon","coordinates":[[[-84.575,33.425],[-84.525,33.425],[-84.525,33.475],[-84.575,33.475],[-84.575,33.425]]]}},{"type":"Feature","properties":{"layer":"TEMPO NO2","transport":"Westward","timePeriod":"08:00-10:00 EDT Eastward","NO2":2.16798019,"unit":"10^15 molecules cm^-2"},"geometry":{"type":"Polygon","coordinates":[[[-84.525,33.425],[-84.475,33.425],[-84.475,33.475],[-84.525,33.475],[-84.525,33.425]]]}},{"type":"Feature","properties":{"layer":"TEMPO NO2","transport":"Westward","timePeriod":"08:00-10:00 EDT Eastward","NO2":2.2094593,"unit":"10^15 molecules cm^-2"},"geometry":{"type":"Polygon","coordinates":[[[-84.475,33.425],[-84.425,33.425],[-84.425,33.475],[-84.475,33.475],[-84.475,33.425]]]}},{"type":"Feature","properties":{"layer":"TEMPO NO2","transport":"Westward","timePeriod":"08:00-10:00 EDT Eastward","NO2":2.35805321,"unit":"10^15 molecules cm^-2"},"geometry":{"type":"Polygon","coordinates":[[[-84.425,33.425],[-84.375,33.425],[-84.375,33.475],[-84.425,33.475],[-84.425,33.425]]]}},{"type":"Feature","properties":{"layer":"TEMPO NO2","transport":"Westward","timePeriod":"08:00-10:00 EDT Eastward","NO2":2.38653612,"unit":"10^15 molecules cm^-2"},"geometry":{"type":"Polygon","coordinates":[[[-84.375,33.425],[-84.325,33.425],[-84.325,33.475],[-84.375,33.475],[-84.375,33.425]]]}},{"type":"Feature","properties":{"layer":"TEMPO NO2","transport":"Westward","timePeriod":"08:00-10:00 EDT Eastward","NO2":2.45324898,"unit":"10^15 molecules cm^-2"},"geometry":{"type":"Polygon","coordinates":[[[-84.325,33.425],[-84.275,33.425],[-84.275,33.475],[-84.325,33.475],[-84.325,33.425]]]}},{"type":"Feature","properties":{"layer":"TEMPO NO2","transport":"Westward","timePeriod":"08:00-10:00 EDT Eastward","NO2":2.49606228,"unit":"10^15 molecules cm^-2"},"geometry":{"type":"Polygon","coordinates":[[[-84.275,33.425],[-84.225,33.425],[-84.225,33.475],[-84.275,33.475],[-84.275,33.425]]]}},{"type":"Feature","properties":{"layer":"TEMPO NO2","transport":"Westward","timePeriod":"08:00-10:00 EDT Eastward","NO2":2.77089953,"unit":"10^15 molecules cm^-2"},"geometry":{"type":"Polygon","coordinates":[[[-84.225,33.425],[-84.175,33.425],[-84.175,33.475],[-84.225,33.475],[-84.225,33.425]]]}},{"type":"Feature","properties":{"layer":"TEMPO NO2","transport":"Westward","timePeriod":"08:00-10:00 EDT Eastward","NO2":2.89801311,"unit":"10^15 molecules cm^-2"},"geometry":{"type":"Polygon","coordinates":[[[-84.175,33.425],[-84.125,33.425],[-84.125,33.475],[-84.175,33.475],[-84.175,33.425]]]}},{"type":"Feature","properties":{"layer":"TEMPO NO2","transport":"Westward","timePeriod":"08:00-10:00 EDT Eastward","NO2":2.41326785,"unit":"10^15 molecules cm^-2"},"geometry":{"type":"Polygon","coordinates":[[[-84.125,33.425],[-84.075,33.425],[-84.075,33.475],[-84.125,33.475],[-84.125,33.425]]]}},{"type":"Feature","properties":{"layer":"TEMPO NO2","transport":"Westward","timePeriod":"08:00-10:00 EDT Eastward","NO2":2.31788969,"unit":"10^15 molecules cm^-2"},"geometry":{"type":"Polygon","coordinates":[[[-84.075,33.425],[-84.025,33.425],[-84.025,33.475],[-84.075,33.475],[-84.075,33.425]]]}},{"type":"Feature","properties":{"layer":"TEMPO NO2","transport":"Westward","timePeriod":"08:00-10:00 EDT Eastward","NO2":2.21839309,"unit":"10^15 molecules cm^-2"},"geometry":{"type":"Polygon","coordinates":[[[-84.025,33.425],[-83.975,33.425],[-83.975,33.475],[-84.025,33.475],[-84.025,33.425]]]}},{"type":"Feature","properties":{"layer":"TEMPO NO2","transport":"Westward","timePeriod":"08:00-10:00 EDT Eastward","NO2":2.18975854,"unit":"10^15 molecules cm^-2"},"geometry":{"type":"Polygon","coordinates":[[[-83.975,33.425],[-83.925,33.425],[-83.925,33.475],[-83.975,33.475],[-83.975,33.425]]]}},{"type":"Feature","properties":{"layer":"TEMPO NO2","transport":"Westward","timePeriod":"08:00-10:00 EDT Eastward","NO2":2.16981602,"unit":"10^15 molecules cm^-2"},"geometry":{"type":"Polygon","coordinates":[[[-83.925,33.425],[-83.875,33.425],[-83.875,33.475],[-83.925,33.475],[-83.925,33.425]]]}},{"type":"Feature","properties":{"layer":"TEMPO NO2","transport":"Westward","timePeriod":"08:00-10:00 EDT Eastward","NO2":2.1723659,"unit":"10^15 molecules cm^-2"},"geometry":{"type":"Polygon","coordinates":[[[-83.875,33.425],[-83.825,33.425],[-83.825,33.475],[-83.875,33.475],[-83.875,33.425]]]}},{"type":"Feature","properties":{"layer":"TEMPO NO2","transport":"Westward","timePeriod":"08:00-10:00 EDT Eastward","NO2":2.16034937,"unit":"10^15 molecules cm^-2"},"geometry":{"type":"Polygon","coordinates":[[[-83.825,33.425],[-83.775,33.425],[-83.775,33.475],[-83.825,33.475],[-83.825,33.425]]]}},{"type":"Feature","properties":{"layer":"TEMPO NO2","transport":"Westward","timePeriod":"08:00-10:00 EDT Eastward","NO2":1.9074415,"unit":"10^15 molecules cm^-2"},"geometry":{"type":"Polygon","coordinates":[[[-84.975,33.475],[-84.925,33.475],[-84.925,33.525],[-84.975,33.525],[-84.975,33.475]]]}},{"type":"Feature","properties":{"layer":"TEMPO NO2","transport":"Westward","timePeriod":"08:00-10:00 EDT Eastward","NO2":2.03930211,"unit":"10^15 molecules cm^-2"},"geometry":{"type":"Polygon","coordinates":[[[-84.925,33.475],[-84.875,33.475],[-84.875,33.525],[-84.925,33.525],[-84.925,33.475]]]}},{"type":"Feature","properties":{"layer":"TEMPO NO2","transport":"Westward","timePeriod":"08:00-10:00 EDT Eastward","NO2":2.09210563,"unit":"10^15 molecules cm^-2"},"geometry":{"type":"Polygon","coordinates":[[[-84.875,33.475],[-84.825,33.475],[-84.825,33.525],[-84.875,33.525],[-84.875,33.475]]]}},{"type":"Feature","properties":{"layer":"TEMPO NO2","transport":"Westward","timePeriod":"08:00-10:00 EDT Eastward","NO2":2.02779102,"unit":"10^15 molecules cm^-2"},"geometry":{"type":"Polygon","coordinates":[[[-84.825,33.475],[-84.775,33.475],[-84.775,33.525],[-84.825,33.525],[-84.825,33.475]]]}},{"type":"Feature","properties":{"layer":"TEMPO NO2","transport":"Westward","timePeriod":"08:00-10:00 EDT Eastward","NO2":2.11787581,"unit":"10^15 molecules cm^-2"},"geometry":{"type":"Polygon","coordinates":[[[-84.775,33.475],[-84.725,33.475],[-84.725,33.525],[-84.775,33.525],[-84.775,33.475]]]}},{"type":"Feature","properties":{"layer":"TEMPO NO2","transport":"Westward","timePeriod":"08:00-10:00 EDT Eastward","NO2":1.99378037,"unit":"10^15 molecules cm^-2"},"geometry":{"type":"Polygon","coordinates":[[[-84.725,33.475],[-84.675,33.475],[-84.675,33.525],[-84.725,33.525],[-84.725,33.475]]]}},{"type":"Feature","properties":{"layer":"TEMPO NO2","transport":"Westward","timePeriod":"08:00-10:00 EDT Eastward","NO2":1.9945761,"unit":"10^15 molecules cm^-2"},"geometry":{"type":"Polygon","coordinates":[[[-84.675,33.475],[-84.625,33.475],[-84.625,33.525],[-84.675,33.525],[-84.675,33.475]]]}},{"type":"Feature","properties":{"layer":"TEMPO NO2","transport":"Westward","timePeriod":"08:00-10:00 EDT Eastward","NO2":2.21568966,"unit":"10^15 molecules cm^-2"},"geometry":{"type":"Polygon","coordinates":[[[-84.625,33.475],[-84.575,33.475],[-84.575,33.525],[-84.625,33.525],[-84.625,33.475]]]}},{"type":"Feature","properties":{"layer":"TEMPO NO2","transport":"Westward","timePeriod":"08:00-10:00 EDT Eastward","NO2":2.33488822,"unit":"10^15 molecules cm^-2"},"geometry":{"type":"Polygon","coordinates":[[[-84.575,33.475],[-84.525,33.475],[-84.525,33.525],[-84.575,33.525],[-84.575,33.475]]]}},{"type":"Feature","properties":{"layer":"TEMPO NO2","transport":"Westward","timePeriod":"08:00-10:00 EDT Eastward","NO2":2.42062068,"unit":"10^15 molecules cm^-2"},"geometry":{"type":"Polygon","coordinates":[[[-84.525,33.475],[-84.475,33.475],[-84.475,33.525],[-84.525,33.525],[-84.525,33.475]]]}},{"type":"Feature","properties":{"layer":"TEMPO NO2","transport":"Westward","timePeriod":"08:00-10:00 EDT Eastward","NO2":2.52129126,"unit":"10^15 molecules cm^-2"},"geometry":{"type":"Polygon","coordinates":[[[-84.475,33.475],[-84.425,33.475],[-84.425,33.525],[-84.475,33.525],[-84.475,33.475]]]}},{"type":"Feature","properties":{"layer":"TEMPO NO2","transport":"Westward","timePeriod":"08:00-10:00 EDT Eastward","NO2":2.42252,"unit":"10^15 molecules cm^-2"},"geometry":{"type":"Polygon","coordinates":[[[-84.425,33.475],[-84.375,33.475],[-84.375,33.525],[-84.425,33.525],[-84.425,33.475]]]}},{"type":"Feature","properties":{"layer":"TEMPO NO2","transport":"Westward","timePeriod":"08:00-10:00 EDT Eastward","NO2":2.47848,"unit":"10^15 molecules cm^-2"},"geometry":{"type":"Polygon","coordinates":[[[-84.375,33.475],[-84.325,33.475],[-84.325,33.525],[-84.375,33.525],[-84.375,33.475]]]}},{"type":"Feature","properties":{"layer":"TEMPO NO2","transport":"Westward","timePeriod":"08:00-10:00 EDT Eastward","NO2":2.64394331,"unit":"10^15 molecules cm^-2"},"geometry":{"type":"Polygon","coordinates":[[[-84.325,33.475],[-84.275,33.475],[-84.275,33.525],[-84.325,33.525],[-84.325,33.475]]]}},{"type":"Feature","properties":{"layer":"TEMPO NO2","transport":"Westward","timePeriod":"08:00-10:00 EDT Eastward","NO2":2.67237902,"unit":"10^15 molecules cm^-2"},"geometry":{"type":"Polygon","coordinates":[[[-84.275,33.475],[-84.225,33.475],[-84.225,33.525],[-84.275,33.525],[-84.275,33.475]]]}},{"type":"Feature","properties":{"layer":"TEMPO NO2","transport":"Westward","timePeriod":"08:00-10:00 EDT Eastward","NO2":2.62487555,"unit":"10^15 molecules cm^-2"},"geometry":{"type":"Polygon","coordinates":[[[-84.225,33.475],[-84.175,33.475],[-84.175,33.525],[-84.225,33.525],[-84.225,33.475]]]}},{"type":"Feature","properties":{"layer":"TEMPO NO2","transport":"Westward","timePeriod":"08:00-10:00 EDT Eastward","NO2":2.63307238,"unit":"10^15 molecules cm^-2"},"geometry":{"type":"Polygon","coordinates":[[[-84.175,33.475],[-84.125,33.475],[-84.125,33.525],[-84.175,33.525],[-84.175,33.475]]]}},{"type":"Feature","properties":{"layer":"TEMPO NO2","transport":"Westward","timePeriod":"08:00-10:00 EDT Eastward","NO2":2.52123809,"unit":"10^15 molecules cm^-2"},"geometry":{"type":"Polygon","coordinates":[[[-84.125,33.475],[-84.075,33.475],[-84.075,33.525],[-84.125,33.525],[-84.125,33.475]]]}},{"type":"Feature","properties":{"layer":"TEMPO NO2","transport":"Westward","timePeriod":"08:00-10:00 EDT Eastward","NO2":2.30129027,"unit":"10^15 molecules cm^-2"},"geometry":{"type":"Polygon","coordinates":[[[-84.075,33.475],[-84.025,33.475],[-84.025,33.525],[-84.075,33.525],[-84.075,33.475]]]}},{"type":"Feature","properties":{"layer":"TEMPO NO2","transport":"Westward","timePeriod":"08:00-10:00 EDT Eastward","NO2":2.30025673,"unit":"10^15 molecules cm^-2"},"geometry":{"type":"Polygon","coordinates":[[[-84.025,33.475],[-83.975,33.475],[-83.975,33.525],[-84.025,33.525],[-84.025,33.475]]]}},{"type":"Feature","properties":{"layer":"TEMPO NO2","transport":"Westward","timePeriod":"08:00-10:00 EDT Eastward","NO2":2.21594071,"unit":"10^15 molecules cm^-2"},"geometry":{"type":"Polygon","coordinates":[[[-83.975,33.475],[-83.925,33.475],[-83.925,33.525],[-83.975,33.525],[-83.975,33.475]]]}},{"type":"Feature","properties":{"layer":"TEMPO NO2","transport":"Westward","timePeriod":"08:00-10:00 EDT Eastward","NO2":2.30244446,"unit":"10^15 molecules cm^-2"},"geometry":{"type":"Polygon","coordinates":[[[-83.925,33.475],[-83.875,33.475],[-83.875,33.525],[-83.925,33.525],[-83.925,33.475]]]}},{"type":"Feature","properties":{"layer":"TEMPO NO2","transport":"Westward","timePeriod":"08:00-10:00 EDT Eastward","NO2":2.27143455,"unit":"10^15 molecules cm^-2"},"geometry":{"type":"Polygon","coordinates":[[[-83.875,33.475],[-83.825,33.475],[-83.825,33.525],[-83.875,33.525],[-83.875,33.475]]]}},{"type":"Feature","properties":{"layer":"TEMPO NO2","transport":"Westward","timePeriod":"08:00-10:00 EDT Eastward","NO2":2.12888908,"unit":"10^15 molecules cm^-2"},"geometry":{"type":"Polygon","coordinates":[[[-83.825,33.475],[-83.775,33.475],[-83.775,33.525],[-83.825,33.525],[-83.825,33.475]]]}},{"type":"Feature","properties":{"layer":"TEMPO NO2","transport":"Westward","timePeriod":"08:00-10:00 EDT Eastward","NO2":2.01587152,"unit":"10^15 molecules cm^-2"},"geometry":{"type":"Polygon","coordinates":[[[-84.975,33.525],[-84.925,33.525],[-84.925,33.575],[-84.975,33.575],[-84.975,33.525]]]}},{"type":"Feature","properties":{"layer":"TEMPO NO2","transport":"Westward","timePeriod":"08:00-10:00 EDT Eastward","NO2":1.96240532,"unit":"10^15 molecules cm^-2"},"geometry":{"type":"Polygon","coordinates":[[[-84.925,33.525],[-84.875,33.525],[-84.875,33.575],[-84.925,33.575],[-84.925,33.525]]]}},{"type":"Feature","properties":{"layer":"TEMPO NO2","transport":"Westward","timePeriod":"08:00-10:00 EDT Eastward","NO2":1.97050381,"unit":"10^15 molecules cm^-2"},"geometry":{"type":"Polygon","coordinates":[[[-84.875,33.525],[-84.825,33.525],[-84.825,33.575],[-84.875,33.575],[-84.875,33.525]]]}},{"type":"Feature","properties":{"layer":"TEMPO NO2","transport":"Westward","timePeriod":"08:00-10:00 EDT Eastward","NO2":2.06545496,"unit":"10^15 molecules cm^-2"},"geometry":{"type":"Polygon","coordinates":[[[-84.825,33.525],[-84.775,33.525],[-84.775,33.575],[-84.825,33.575],[-84.825,33.525]]]}},{"type":"Feature","properties":{"layer":"TEMPO NO2","transport":"Westward","timePeriod":"08:00-10:00 EDT Eastward","NO2":2.03837371,"unit":"10^15 molecules cm^-2"},"geometry":{"type":"Polygon","coordinates":[[[-84.775,33.525],[-84.725,33.525],[-84.725,33.575],[-84.775,33.575],[-84.775,33.525]]]}},{"type":"Feature","properties":{"layer":"TEMPO NO2","transport":"Westward","timePeriod":"08:00-10:00 EDT Eastward","NO2":1.91955304,"unit":"10^15 molecules cm^-2"},"geometry":{"type":"Polygon","coordinates":[[[-84.725,33.525],[-84.675,33.525],[-84.675,33.575],[-84.725,33.575],[-84.725,33.525]]]}},{"type":"Feature","properties":{"layer":"TEMPO NO2","transport":"Westward","timePeriod":"08:00-10:00 EDT Eastward","NO2":2.03650165,"unit":"10^15 molecules cm^-2"},"geometry":{"type":"Polygon","coordinates":[[[-84.675,33.525],[-84.625,33.525],[-84.625,33.575],[-84.675,33.575],[-84.675,33.525]]]}},{"type":"Feature","properties":{"layer":"TEMPO NO2","transport":"Westward","timePeriod":"08:00-10:00 EDT Eastward","NO2":1.97730958,"unit":"10^15 molecules cm^-2"},"geometry":{"type":"Polygon","coordinates":[[[-84.625,33.525],[-84.575,33.525],[-84.575,33.575],[-84.625,33.575],[-84.625,33.525]]]}},{"type":"Feature","properties":{"layer":"TEMPO NO2","transport":"Westward","timePeriod":"08:00-10:00 EDT Eastward","NO2":2.22106028,"unit":"10^15 molecules cm^-2"},"geometry":{"type":"Polygon","coordinates":[[[-84.575,33.525],[-84.525,33.525],[-84.525,33.575],[-84.575,33.575],[-84.575,33.525]]]}},{"type":"Feature","properties":{"layer":"TEMPO NO2","transport":"Westward","timePeriod":"08:00-10:00 EDT Eastward","NO2":2.39386272,"unit":"10^15 molecules cm^-2"},"geometry":{"type":"Polygon","coordinates":[[[-84.525,33.525],[-84.475,33.525],[-84.475,33.575],[-84.525,33.575],[-84.525,33.525]]]}},{"type":"Feature","properties":{"layer":"TEMPO NO2","transport":"Westward","timePeriod":"08:00-10:00 EDT Eastward","NO2":2.53548074,"unit":"10^15 molecules cm^-2"},"geometry":{"type":"Polygon","coordinates":[[[-84.475,33.525],[-84.425,33.525],[-84.425,33.575],[-84.475,33.575],[-84.475,33.525]]]}},{"type":"Feature","properties":{"layer":"TEMPO NO2","transport":"Westward","timePeriod":"08:00-10:00 EDT Eastward","NO2":2.69819832,"unit":"10^15 molecules cm^-2"},"geometry":{"type":"Polygon","coordinates":[[[-84.425,33.525],[-84.375,33.525],[-84.375,33.575],[-84.425,33.575],[-84.425,33.525]]]}},{"type":"Feature","properties":{"layer":"TEMPO NO2","transport":"Westward","timePeriod":"08:00-10:00 EDT Eastward","NO2":2.74518037,"unit":"10^15 molecules cm^-2"},"geometry":{"type":"Polygon","coordinates":[[[-84.375,33.525],[-84.325,33.525],[-84.325,33.575],[-84.375,33.575],[-84.375,33.525]]]}},{"type":"Feature","properties":{"layer":"TEMPO NO2","transport":"Westward","timePeriod":"08:00-10:00 EDT Eastward","NO2":2.71014285,"unit":"10^15 molecules cm^-2"},"geometry":{"type":"Polygon","coordinates":[[[-84.325,33.525],[-84.275,33.525],[-84.275,33.575],[-84.325,33.575],[-84.325,33.525]]]}},{"type":"Feature","properties":{"layer":"TEMPO NO2","transport":"Westward","timePeriod":"08:00-10:00 EDT Eastward","NO2":2.79492569,"unit":"10^15 molecules cm^-2"},"geometry":{"type":"Polygon","coordinates":[[[-84.275,33.525],[-84.225,33.525],[-84.225,33.575],[-84.275,33.575],[-84.275,33.525]]]}},{"type":"Feature","properties":{"layer":"TEMPO NO2","transport":"Westward","timePeriod":"08:00-10:00 EDT Eastward","NO2":2.8944993,"unit":"10^15 molecules cm^-2"},"geometry":{"type":"Polygon","coordinates":[[[-84.225,33.525],[-84.175,33.525],[-84.175,33.575],[-84.225,33.575],[-84.225,33.525]]]}},{"type":"Feature","properties":{"layer":"TEMPO NO2","transport":"Westward","timePeriod":"08:00-10:00 EDT Eastward","NO2":2.79089451,"unit":"10^15 molecules cm^-2"},"geometry":{"type":"Polygon","coordinates":[[[-84.175,33.525],[-84.125,33.525],[-84.125,33.575],[-84.175,33.575],[-84.175,33.525]]]}},{"type":"Feature","properties":{"layer":"TEMPO NO2","transport":"Westward","timePeriod":"08:00-10:00 EDT Eastward","NO2":2.54303026,"unit":"10^15 molecules cm^-2"},"geometry":{"type":"Polygon","coordinates":[[[-84.125,33.525],[-84.075,33.525],[-84.075,33.575],[-84.125,33.575],[-84.125,33.525]]]}},{"type":"Feature","properties":{"layer":"TEMPO NO2","transport":"Westward","timePeriod":"08:00-10:00 EDT Eastward","NO2":2.47122073,"unit":"10^15 molecules cm^-2"},"geometry":{"type":"Polygon","coordinates":[[[-84.075,33.525],[-84.025,33.525],[-84.025,33.575],[-84.075,33.575],[-84.075,33.525]]]}},{"type":"Feature","properties":{"layer":"TEMPO NO2","transport":"Westward","timePeriod":"08:00-10:00 EDT Eastward","NO2":2.43715024,"unit":"10^15 molecules cm^-2"},"geometry":{"type":"Polygon","coordinates":[[[-84.025,33.525],[-83.975,33.525],[-83.975,33.575],[-84.025,33.575],[-84.025,33.525]]]}},{"type":"Feature","properties":{"layer":"TEMPO NO2","transport":"Westward","timePeriod":"08:00-10:00 EDT Eastward","NO2":2.36658883,"unit":"10^15 molecules cm^-2"},"geometry":{"type":"Polygon","coordinates":[[[-83.975,33.525],[-83.925,33.525],[-83.925,33.575],[-83.975,33.575],[-83.975,33.525]]]}},{"type":"Feature","properties":{"layer":"TEMPO NO2","transport":"Westward","timePeriod":"08:00-10:00 EDT Eastward","NO2":2.46284962,"unit":"10^15 molecules cm^-2"},"geometry":{"type":"Polygon","coordinates":[[[-83.925,33.525],[-83.875,33.525],[-83.875,33.575],[-83.925,33.575],[-83.925,33.525]]]}},{"type":"Feature","properties":{"layer":"TEMPO NO2","transport":"Westward","timePeriod":"08:00-10:00 EDT Eastward","NO2":2.32156253,"unit":"10^15 molecules cm^-2"},"geometry":{"type":"Polygon","coordinates":[[[-83.875,33.525],[-83.825,33.525],[-83.825,33.575],[-83.875,33.575],[-83.875,33.525]]]}},{"type":"Feature","properties":{"layer":"TEMPO NO2","transport":"Westward","timePeriod":"08:00-10:00 EDT Eastward","NO2":2.2246387,"unit":"10^15 molecules cm^-2"},"geometry":{"type":"Polygon","coordinates":[[[-83.825,33.525],[-83.775,33.525],[-83.775,33.575],[-83.825,33.575],[-83.825,33.525]]]}},{"type":"Feature","properties":{"layer":"TEMPO NO2","transport":"Westward","timePeriod":"08:00-10:00 EDT Eastward","NO2":1.92732644,"unit":"10^15 molecules cm^-2"},"geometry":{"type":"Polygon","coordinates":[[[-84.975,33.575],[-84.925,33.575],[-84.925,33.625],[-84.975,33.625],[-84.975,33.575]]]}},{"type":"Feature","properties":{"layer":"TEMPO NO2","transport":"Westward","timePeriod":"08:00-10:00 EDT Eastward","NO2":1.9815563,"unit":"10^15 molecules cm^-2"},"geometry":{"type":"Polygon","coordinates":[[[-84.925,33.575],[-84.875,33.575],[-84.875,33.625],[-84.925,33.625],[-84.925,33.575]]]}},{"type":"Feature","properties":{"layer":"TEMPO NO2","transport":"Westward","timePeriod":"08:00-10:00 EDT Eastward","NO2":2.17692542,"unit":"10^15 molecules cm^-2"},"geometry":{"type":"Polygon","coordinates":[[[-84.875,33.575],[-84.825,33.575],[-84.825,33.625],[-84.875,33.625],[-84.875,33.575]]]}},{"type":"Feature","properties":{"layer":"TEMPO NO2","transport":"Westward","timePeriod":"08:00-10:00 EDT Eastward","NO2":2.00707436,"unit":"10^15 molecules cm^-2"},"geometry":{"type":"Polygon","coordinates":[[[-84.825,33.575],[-84.775,33.575],[-84.775,33.625],[-84.825,33.625],[-84.825,33.575]]]}},{"type":"Feature","properties":{"layer":"TEMPO NO2","transport":"Westward","timePeriod":"08:00-10:00 EDT Eastward","NO2":1.92503834,"unit":"10^15 molecules cm^-2"},"geometry":{"type":"Polygon","coordinates":[[[-84.775,33.575],[-84.725,33.575],[-84.725,33.625],[-84.775,33.625],[-84.775,33.575]]]}},{"type":"Feature","properties":{"layer":"TEMPO NO2","transport":"Westward","timePeriod":"08:00-10:00 EDT Eastward","NO2":1.98876536,"unit":"10^15 molecules cm^-2"},"geometry":{"type":"Polygon","coordinates":[[[-84.725,33.575],[-84.675,33.575],[-84.675,33.625],[-84.725,33.625],[-84.725,33.575]]]}},{"type":"Feature","properties":{"layer":"TEMPO NO2","transport":"Westward","timePeriod":"08:00-10:00 EDT Eastward","NO2":2.13986659,"unit":"10^15 molecules cm^-2"},"geometry":{"type":"Polygon","coordinates":[[[-84.675,33.575],[-84.625,33.575],[-84.625,33.625],[-84.675,33.625],[-84.675,33.575]]]}},{"type":"Feature","properties":{"layer":"TEMPO NO2","transport":"Westward","timePeriod":"08:00-10:00 EDT Eastward","NO2":2.26362,"unit":"10^15 molecules cm^-2"},"geometry":{"type":"Polygon","coordinates":[[[-84.625,33.575],[-84.575,33.575],[-84.575,33.625],[-84.625,33.625],[-84.625,33.575]]]}},{"type":"Feature","properties":{"layer":"TEMPO NO2","transport":"Westward","timePeriod":"08:00-10:00 EDT Eastward","NO2":2.64975595,"unit":"10^15 molecules cm^-2"},"geometry":{"type":"Polygon","coordinates":[[[-84.575,33.575],[-84.525,33.575],[-84.525,33.625],[-84.575,33.625],[-84.575,33.575]]]}},{"type":"Feature","properties":{"layer":"TEMPO NO2","transport":"Westward","timePeriod":"08:00-10:00 EDT Eastward","NO2":2.52264237,"unit":"10^15 molecules cm^-2"},"geometry":{"type":"Polygon","coordinates":[[[-84.525,33.575],[-84.475,33.575],[-84.475,33.625],[-84.525,33.625],[-84.525,33.575]]]}},{"type":"Feature","properties":{"layer":"TEMPO NO2","transport":"Westward","timePeriod":"08:00-10:00 EDT Eastward","NO2":2.66384673,"unit":"10^15 molecules cm^-2"},"geometry":{"type":"Polygon","coordinates":[[[-84.475,33.575],[-84.425,33.575],[-84.425,33.625],[-84.475,33.625],[-84.475,33.575]]]}},{"type":"Feature","properties":{"layer":"TEMPO NO2","transport":"Westward","timePeriod":"08:00-10:00 EDT Eastward","NO2":2.92678571,"unit":"10^15 molecules cm^-2"},"geometry":{"type":"Polygon","coordinates":[[[-84.425,33.575],[-84.375,33.575],[-84.375,33.625],[-84.425,33.625],[-84.425,33.575]]]}},{"type":"Feature","properties":{"layer":"TEMPO NO2","transport":"Westward","timePeriod":"08:00-10:00 EDT Eastward","NO2":3.40047646,"unit":"10^15 molecules cm^-2"},"geometry":{"type":"Polygon","coordinates":[[[-84.375,33.575],[-84.325,33.575],[-84.325,33.625],[-84.375,33.625],[-84.375,33.575]]]}},{"type":"Feature","properties":{"layer":"TEMPO NO2","transport":"Westward","timePeriod":"08:00-10:00 EDT Eastward","NO2":3.4784236,"unit":"10^15 molecules cm^-2"},"geometry":{"type":"Polygon","coordinates":[[[-84.325,33.575],[-84.275,33.575],[-84.275,33.625],[-84.325,33.625],[-84.325,33.575]]]}},{"type":"Feature","properties":{"layer":"TEMPO NO2","transport":"Westward","timePeriod":"08:00-10:00 EDT Eastward","NO2":3.31838417,"unit":"10^15 molecules cm^-2"},"geometry":{"type":"Polygon","coordinates":[[[-84.275,33.575],[-84.225,33.575],[-84.225,33.625],[-84.275,33.625],[-84.275,33.575]]]}},{"type":"Feature","properties":{"layer":"TEMPO NO2","transport":"Westward","timePeriod":"08:00-10:00 EDT Eastward","NO2":3.0791204,"unit":"10^15 molecules cm^-2"},"geometry":{"type":"Polygon","coordinates":[[[-84.225,33.575],[-84.175,33.575],[-84.175,33.625],[-84.225,33.625],[-84.225,33.575]]]}},{"type":"Feature","properties":{"layer":"TEMPO NO2","transport":"Westward","timePeriod":"08:00-10:00 EDT Eastward","NO2":3.01365781,"unit":"10^15 molecules cm^-2"},"geometry":{"type":"Polygon","coordinates":[[[-84.175,33.575],[-84.125,33.575],[-84.125,33.625],[-84.175,33.625],[-84.175,33.575]]]}},{"type":"Feature","properties":{"layer":"TEMPO NO2","transport":"Westward","timePeriod":"08:00-10:00 EDT Eastward","NO2":2.71239758,"unit":"10^15 molecules cm^-2"},"geometry":{"type":"Polygon","coordinates":[[[-84.125,33.575],[-84.075,33.575],[-84.075,33.625],[-84.125,33.625],[-84.125,33.575]]]}},{"type":"Feature","properties":{"layer":"TEMPO NO2","transport":"Westward","timePeriod":"08:00-10:00 EDT Eastward","NO2":2.63625789,"unit":"10^15 molecules cm^-2"},"geometry":{"type":"Polygon","coordinates":[[[-84.075,33.575],[-84.025,33.575],[-84.025,33.625],[-84.075,33.625],[-84.075,33.575]]]}},{"type":"Feature","properties":{"layer":"TEMPO NO2","transport":"Westward","timePeriod":"08:00-10:00 EDT Eastward","NO2":2.6114924,"unit":"10^15 molecules cm^-2"},"geometry":{"type":"Polygon","coordinates":[[[-84.025,33.575],[-83.975,33.575],[-83.975,33.625],[-84.025,33.625],[-84.025,33.575]]]}},{"type":"Feature","properties":{"layer":"TEMPO NO2","transport":"Westward","timePeriod":"08:00-10:00 EDT Eastward","NO2":2.59953403,"unit":"10^15 molecules cm^-2"},"geometry":{"type":"Polygon","coordinates":[[[-83.975,33.575],[-83.925,33.575],[-83.925,33.625],[-83.975,33.625],[-83.975,33.575]]]}},{"type":"Feature","properties":{"layer":"TEMPO NO2","transport":"Westward","timePeriod":"08:00-10:00 EDT Eastward","NO2":2.4811914,"unit":"10^15 molecules cm^-2"},"geometry":{"type":"Polygon","coordinates":[[[-83.925,33.575],[-83.875,33.575],[-83.875,33.625],[-83.925,33.625],[-83.925,33.575]]]}},{"type":"Feature","properties":{"layer":"TEMPO NO2","transport":"Westward","timePeriod":"08:00-10:00 EDT Eastward","NO2":2.43488765,"unit":"10^15 molecules cm^-2"},"geometry":{"type":"Polygon","coordinates":[[[-83.875,33.575],[-83.825,33.575],[-83.825,33.625],[-83.875,33.625],[-83.875,33.575]]]}},{"type":"Feature","properties":{"layer":"TEMPO NO2","transport":"Westward","timePeriod":"08:00-10:00 EDT Eastward","NO2":2.2929194,"unit":"10^15 molecules cm^-2"},"geometry":{"type":"Polygon","coordinates":[[[-83.825,33.575],[-83.775,33.575],[-83.775,33.625],[-83.825,33.625],[-83.825,33.575]]]}},{"type":"Feature","properties":{"layer":"TEMPO NO2","transport":"Westward","timePeriod":"08:00-10:00 EDT Eastward","NO2":1.92381048,"unit":"10^15 molecules cm^-2"},"geometry":{"type":"Polygon","coordinates":[[[-84.975,33.625],[-84.925,33.625],[-84.925,33.675],[-84.975,33.675],[-84.975,33.625]]]}},{"type":"Feature","properties":{"layer":"TEMPO NO2","transport":"Westward","timePeriod":"08:00-10:00 EDT Eastward","NO2":1.91492045,"unit":"10^15 molecules cm^-2"},"geometry":{"type":"Polygon","coordinates":[[[-84.925,33.625],[-84.875,33.625],[-84.875,33.675],[-84.925,33.675],[-84.925,33.625]]]}},{"type":"Feature","properties":{"layer":"TEMPO NO2","transport":"Westward","timePeriod":"08:00-10:00 EDT Eastward","NO2":2.03697324,"unit":"10^15 molecules cm^-2"},"geometry":{"type":"Polygon","coordinates":[[[-84.875,33.625],[-84.825,33.625],[-84.825,33.675],[-84.875,33.675],[-84.875,33.625]]]}},{"type":"Feature","properties":{"layer":"TEMPO NO2","transport":"Westward","timePeriod":"08:00-10:00 EDT Eastward","NO2":2.17718,"unit":"10^15 molecules cm^-2"},"geometry":{"type":"Polygon","coordinates":[[[-84.825,33.625],[-84.775,33.625],[-84.775,33.675],[-84.825,33.675],[-84.825,33.625]]]}},{"type":"Feature","properties":{"layer":"TEMPO NO2","transport":"Westward","timePeriod":"08:00-10:00 EDT Eastward","NO2":2.12934422,"unit":"10^15 molecules cm^-2"},"geometry":{"type":"Polygon","coordinates":[[[-84.775,33.625],[-84.725,33.625],[-84.725,33.675],[-84.775,33.675],[-84.775,33.625]]]}},{"type":"Feature","properties":{"layer":"TEMPO NO2","transport":"Westward","timePeriod":"08:00-10:00 EDT Eastward","NO2":1.98717976,"unit":"10^15 molecules cm^-2"},"geometry":{"type":"Polygon","coordinates":[[[-84.725,33.625],[-84.675,33.625],[-84.675,33.675],[-84.725,33.675],[-84.725,33.625]]]}},{"type":"Feature","properties":{"layer":"TEMPO NO2","transport":"Westward","timePeriod":"08:00-10:00 EDT Eastward","NO2":2.13485384,"unit":"10^15 molecules cm^-2"},"geometry":{"type":"Polygon","coordinates":[[[-84.675,33.625],[-84.625,33.625],[-84.625,33.675],[-84.675,33.675],[-84.675,33.625]]]}},{"type":"Feature","properties":{"layer":"TEMPO NO2","transport":"Westward","timePeriod":"08:00-10:00 EDT Eastward","NO2":2.31747127,"unit":"10^15 molecules cm^-2"},"geometry":{"type":"Polygon","coordinates":[[[-84.625,33.625],[-84.575,33.625],[-84.575,33.675],[-84.625,33.675],[-84.625,33.625]]]}},{"type":"Feature","properties":{"layer":"TEMPO NO2","transport":"Westward","timePeriod":"08:00-10:00 EDT Eastward","NO2":2.8885529,"unit":"10^15 molecules cm^-2"},"geometry":{"type":"Polygon","coordinates":[[[-84.575,33.625],[-84.525,33.625],[-84.525,33.675],[-84.575,33.675],[-84.575,33.625]]]}},{"type":"Feature","properties":{"layer":"TEMPO NO2","transport":"Westward","timePeriod":"08:00-10:00 EDT Eastward","NO2":2.8714478,"unit":"10^15 molecules cm^-2"},"geometry":{"type":"Polygon","coordinates":[[[-84.525,33.625],[-84.475,33.625],[-84.475,33.675],[-84.525,33.675],[-84.525,33.625]]]}},{"type":"Feature","properties":{"layer":"TEMPO NO2","transport":"Westward","timePeriod":"08:00-10:00 EDT Eastward","NO2":3.21209669,"unit":"10^15 molecules cm^-2"},"geometry":{"type":"Polygon","coordinates":[[[-84.475,33.625],[-84.425,33.625],[-84.425,33.675],[-84.475,33.675],[-84.475,33.625]]]}},{"type":"Feature","properties":{"layer":"TEMPO NO2","transport":"Westward","timePeriod":"08:00-10:00 EDT Eastward","NO2":4.0679636,"unit":"10^15 molecules cm^-2"},"geometry":{"type":"Polygon","coordinates":[[[-84.425,33.625],[-84.375,33.625],[-84.375,33.675],[-84.425,33.675],[-84.425,33.625]]]}},{"type":"Feature","properties":{"layer":"TEMPO NO2","transport":"Westward","timePeriod":"08:00-10:00 EDT Eastward","NO2":4.35624886,"unit":"10^15 molecules cm^-2"},"geometry":{"type":"Polygon","coordinates":[[[-84.375,33.625],[-84.325,33.625],[-84.325,33.675],[-84.375,33.675],[-84.375,33.625]]]}},{"type":"Feature","properties":{"layer":"TEMPO NO2","transport":"Westward","timePeriod":"08:00-10:00 EDT Eastward","NO2":4.03845549,"unit":"10^15 molecules cm^-2"},"geometry":{"type":"Polygon","coordinates":[[[-84.325,33.625],[-84.275,33.625],[-84.275,33.675],[-84.325,33.675],[-84.325,33.625]]]}},{"type":"Feature","properties":{"layer":"TEMPO NO2","transport":"Westward","timePeriod":"08:00-10:00 EDT Eastward","NO2":3.46720982,"unit":"10^15 molecules cm^-2"},"geometry":{"type":"Polygon","coordinates":[[[-84.275,33.625],[-84.225,33.625],[-84.225,33.675],[-84.275,33.675],[-84.275,33.625]]]}},{"type":"Feature","properties":{"layer":"TEMPO NO2","transport":"Westward","timePeriod":"08:00-10:00 EDT Eastward","NO2":3.25886154,"unit":"10^15 molecules cm^-2"},"geometry":{"type":"Polygon","coordinates":[[[-84.225,33.625],[-84.175,33.625],[-84.175,33.675],[-84.225,33.675],[-84.225,33.625]]]}},{"type":"Feature","properties":{"layer":"TEMPO NO2","transport":"Westward","timePeriod":"08:00-10:00 EDT Eastward","NO2":2.98019028,"unit":"10^15 molecules cm^-2"},"geometry":{"type":"Polygon","coordinates":[[[-84.175,33.625],[-84.125,33.625],[-84.125,33.675],[-84.175,33.675],[-84.175,33.625]]]}},{"type":"Feature","properties":{"layer":"TEMPO NO2","transport":"Westward","timePeriod":"08:00-10:00 EDT Eastward","NO2":2.78953767,"unit":"10^15 molecules cm^-2"},"geometry":{"type":"Polygon","coordinates":[[[-84.125,33.625],[-84.075,33.625],[-84.075,33.675],[-84.125,33.675],[-84.125,33.625]]]}},{"type":"Feature","properties":{"layer":"TEMPO NO2","transport":"Westward","timePeriod":"08:00-10:00 EDT Eastward","NO2":2.72302532,"unit":"10^15 molecules cm^-2"},"geometry":{"type":"Polygon","coordinates":[[[-84.075,33.625],[-84.025,33.625],[-84.025,33.675],[-84.075,33.675],[-84.075,33.625]]]}},{"type":"Feature","properties":{"layer":"TEMPO NO2","transport":"Westward","timePeriod":"08:00-10:00 EDT Eastward","NO2":2.61101604,"unit":"10^15 molecules cm^-2"},"geometry":{"type":"Polygon","coordinates":[[[-84.025,33.625],[-83.975,33.625],[-83.975,33.675],[-84.025,33.675],[-84.025,33.625]]]}},{"type":"Feature","properties":{"layer":"TEMPO NO2","transport":"Westward","timePeriod":"08:00-10:00 EDT Eastward","NO2":2.68745613,"unit":"10^15 molecules cm^-2"},"geometry":{"type":"Polygon","coordinates":[[[-83.975,33.625],[-83.925,33.625],[-83.925,33.675],[-83.975,33.675],[-83.975,33.625]]]}},{"type":"Feature","properties":{"layer":"TEMPO NO2","transport":"Westward","timePeriod":"08:00-10:00 EDT Eastward","NO2":2.64101291,"unit":"10^15 molecules cm^-2"},"geometry":{"type":"Polygon","coordinates":[[[-83.925,33.625],[-83.875,33.625],[-83.875,33.675],[-83.925,33.675],[-83.925,33.625]]]}},{"type":"Feature","properties":{"layer":"TEMPO NO2","transport":"Westward","timePeriod":"08:00-10:00 EDT Eastward","NO2":2.75238824,"unit":"10^15 molecules cm^-2"},"geometry":{"type":"Polygon","coordinates":[[[-83.875,33.625],[-83.825,33.625],[-83.825,33.675],[-83.875,33.675],[-83.875,33.625]]]}},{"type":"Feature","properties":{"layer":"TEMPO NO2","transport":"Westward","timePeriod":"08:00-10:00 EDT Eastward","NO2":2.41815877,"unit":"10^15 molecules cm^-2"},"geometry":{"type":"Polygon","coordinates":[[[-83.825,33.625],[-83.775,33.625],[-83.775,33.675],[-83.825,33.675],[-83.825,33.625]]]}},{"type":"Feature","properties":{"layer":"TEMPO NO2","transport":"Westward","timePeriod":"08:00-10:00 EDT Eastward","NO2":1.82819223,"unit":"10^15 molecules cm^-2"},"geometry":{"type":"Polygon","coordinates":[[[-84.975,33.675],[-84.925,33.675],[-84.925,33.725],[-84.975,33.725],[-84.975,33.675]]]}},{"type":"Feature","properties":{"layer":"TEMPO NO2","transport":"Westward","timePeriod":"08:00-10:00 EDT Eastward","NO2":1.81523824,"unit":"10^15 molecules cm^-2"},"geometry":{"type":"Polygon","coordinates":[[[-84.925,33.675],[-84.875,33.675],[-84.875,33.725],[-84.925,33.725],[-84.925,33.675]]]}},{"type":"Feature","properties":{"layer":"TEMPO NO2","transport":"Westward","timePeriod":"08:00-10:00 EDT Eastward","NO2":2.0621655,"unit":"10^15 molecules cm^-2"},"geometry":{"type":"Polygon","coordinates":[[[-84.875,33.675],[-84.825,33.675],[-84.825,33.725],[-84.875,33.725],[-84.875,33.675]]]}},{"type":"Feature","properties":{"layer":"TEMPO NO2","transport":"Westward","timePeriod":"08:00-10:00 EDT Eastward","NO2":2.14822078,"unit":"10^15 molecules cm^-2"},"geometry":{"type":"Polygon","coordinates":[[[-84.825,33.675],[-84.775,33.675],[-84.775,33.725],[-84.825,33.725],[-84.825,33.675]]]}},{"type":"Feature","properties":{"layer":"TEMPO NO2","transport":"Westward","timePeriod":"08:00-10:00 EDT Eastward","NO2":2.0199306,"unit":"10^15 molecules cm^-2"},"geometry":{"type":"Polygon","coordinates":[[[-84.775,33.675],[-84.725,33.675],[-84.725,33.725],[-84.775,33.725],[-84.775,33.675]]]}},{"type":"Feature","properties":{"layer":"TEMPO NO2","transport":"Westward","timePeriod":"08:00-10:00 EDT Eastward","NO2":2.10115433,"unit":"10^15 molecules cm^-2"},"geometry":{"type":"Polygon","coordinates":[[[-84.725,33.675],[-84.675,33.675],[-84.675,33.725],[-84.725,33.725],[-84.725,33.675]]]}},{"type":"Feature","properties":{"layer":"TEMPO NO2","transport":"Westward","timePeriod":"08:00-10:00 EDT Eastward","NO2":2.23376179,"unit":"10^15 molecules cm^-2"},"geometry":{"type":"Polygon","coordinates":[[[-84.675,33.675],[-84.625,33.675],[-84.625,33.725],[-84.675,33.725],[-84.675,33.675]]]}},{"type":"Feature","properties":{"layer":"TEMPO NO2","transport":"Westward","timePeriod":"08:00-10:00 EDT Eastward","NO2":2.54563355,"unit":"10^15 molecules cm^-2"},"geometry":{"type":"Polygon","coordinates":[[[-84.625,33.675],[-84.575,33.675],[-84.575,33.725],[-84.625,33.725],[-84.625,33.675]]]}},{"type":"Feature","properties":{"layer":"TEMPO NO2","transport":"Westward","timePeriod":"08:00-10:00 EDT Eastward","NO2":2.88607812,"unit":"10^15 molecules cm^-2"},"geometry":{"type":"Polygon","coordinates":[[[-84.575,33.675],[-84.525,33.675],[-84.525,33.725],[-84.575,33.725],[-84.575,33.675]]]}},{"type":"Feature","properties":{"layer":"TEMPO NO2","transport":"Westward","timePeriod":"08:00-10:00 EDT Eastward","NO2":3.1173954,"unit":"10^15 molecules cm^-2"},"geometry":{"type":"Polygon","coordinates":[[[-84.525,33.675],[-84.475,33.675],[-84.475,33.725],[-84.525,33.725],[-84.525,33.675]]]}},{"type":"Feature","properties":{"layer":"TEMPO NO2","transport":"Westward","timePeriod":"08:00-10:00 EDT Eastward","NO2":3.16976118,"unit":"10^15 molecules cm^-2"},"geometry":{"type":"Polygon","coordinates":[[[-84.475,33.675],[-84.425,33.675],[-84.425,33.725],[-84.475,33.725],[-84.475,33.675]]]}},{"type":"Feature","properties":{"layer":"TEMPO NO2","transport":"Westward","timePeriod":"08:00-10:00 EDT Eastward","NO2":3.37540722,"unit":"10^15 molecules cm^-2"},"geometry":{"type":"Polygon","coordinates":[[[-84.425,33.675],[-84.375,33.675],[-84.375,33.725],[-84.425,33.725],[-84.425,33.675]]]}},{"type":"Feature","properties":{"layer":"TEMPO NO2","transport":"Westward","timePeriod":"08:00-10:00 EDT Eastward","NO2":3.42327785,"unit":"10^15 molecules cm^-2"},"geometry":{"type":"Polygon","coordinates":[[[-84.375,33.675],[-84.325,33.675],[-84.325,33.725],[-84.375,33.725],[-84.375,33.675]]]}},{"type":"Feature","properties":{"layer":"TEMPO NO2","transport":"Westward","timePeriod":"08:00-10:00 EDT Eastward","NO2":3.76887,"unit":"10^15 molecules cm^-2"},"geometry":{"type":"Polygon","coordinates":[[[-84.325,33.675],[-84.275,33.675],[-84.275,33.725],[-84.325,33.725],[-84.325,33.675]]]}},{"type":"Feature","properties":{"layer":"TEMPO NO2","transport":"Westward","timePeriod":"08:00-10:00 EDT Eastward","NO2":3.74674177,"unit":"10^15 molecules cm^-2"},"geometry":{"type":"Polygon","coordinates":[[[-84.275,33.675],[-84.225,33.675],[-84.225,33.725],[-84.275,33.725],[-84.275,33.675]]]}},{"type":"Feature","properties":{"layer":"TEMPO NO2","transport":"Westward","timePeriod":"08:00-10:00 EDT Eastward","NO2":3.62050629,"unit":"10^15 molecules cm^-2"},"geometry":{"type":"Polygon","coordinates":[[[-84.225,33.675],[-84.175,33.675],[-84.175,33.725],[-84.225,33.725],[-84.225,33.675]]]}},{"type":"Feature","properties":{"layer":"TEMPO NO2","transport":"Westward","timePeriod":"08:00-10:00 EDT Eastward","NO2":3.45023036,"unit":"10^15 molecules cm^-2"},"geometry":{"type":"Polygon","coordinates":[[[-84.175,33.675],[-84.125,33.675],[-84.125,33.725],[-84.175,33.725],[-84.175,33.675]]]}},{"type":"Feature","properties":{"layer":"TEMPO NO2","transport":"Westward","timePeriod":"08:00-10:00 EDT Eastward","NO2":3.08409834,"unit":"10^15 molecules cm^-2"},"geometry":{"type":"Polygon","coordinates":[[[-84.125,33.675],[-84.075,33.675],[-84.075,33.725],[-84.125,33.725],[-84.125,33.675]]]}},{"type":"Feature","properties":{"layer":"TEMPO NO2","transport":"Westward","timePeriod":"08:00-10:00 EDT Eastward","NO2":2.92527866,"unit":"10^15 molecules cm^-2"},"geometry":{"type":"Polygon","coordinates":[[[-84.075,33.675],[-84.025,33.675],[-84.025,33.725],[-84.075,33.725],[-84.075,33.675]]]}},{"type":"Feature","properties":{"layer":"TEMPO NO2","transport":"Westward","timePeriod":"08:00-10:00 EDT Eastward","NO2":2.90977073,"unit":"10^15 molecules cm^-2"},"geometry":{"type":"Polygon","coordinates":[[[-84.025,33.675],[-83.975,33.675],[-83.975,33.725],[-84.025,33.725],[-84.025,33.675]]]}},{"type":"Feature","properties":{"layer":"TEMPO NO2","transport":"Westward","timePeriod":"08:00-10:00 EDT Eastward","NO2":2.98213053,"unit":"10^15 molecules cm^-2"},"geometry":{"type":"Polygon","coordinates":[[[-83.975,33.675],[-83.925,33.675],[-83.925,33.725],[-83.975,33.725],[-83.975,33.675]]]}},{"type":"Feature","properties":{"layer":"TEMPO NO2","transport":"Westward","timePeriod":"08:00-10:00 EDT Eastward","NO2":2.75094724,"unit":"10^15 molecules cm^-2"},"geometry":{"type":"Polygon","coordinates":[[[-83.925,33.675],[-83.875,33.675],[-83.875,33.725],[-83.925,33.725],[-83.925,33.675]]]}},{"type":"Feature","properties":{"layer":"TEMPO NO2","transport":"Westward","timePeriod":"08:00-10:00 EDT Eastward","NO2":2.43395233,"unit":"10^15 molecules cm^-2"},"geometry":{"type":"Polygon","coordinates":[[[-83.875,33.675],[-83.825,33.675],[-83.825,33.725],[-83.875,33.725],[-83.875,33.675]]]}},{"type":"Feature","properties":{"layer":"TEMPO NO2","transport":"Westward","timePeriod":"08:00-10:00 EDT Eastward","NO2":2.4373908,"unit":"10^15 molecules cm^-2"},"geometry":{"type":"Polygon","coordinates":[[[-83.825,33.675],[-83.775,33.675],[-83.775,33.725],[-83.825,33.725],[-83.825,33.675]]]}},{"type":"Feature","properties":{"layer":"TEMPO NO2","transport":"Westward","timePeriod":"08:00-10:00 EDT Eastward","NO2":1.99586558,"unit":"10^15 molecules cm^-2"},"geometry":{"type":"Polygon","coordinates":[[[-84.975,33.725],[-84.925,33.725],[-84.925,33.775],[-84.975,33.775],[-84.975,33.725]]]}},{"type":"Feature","properties":{"layer":"TEMPO NO2","transport":"Westward","timePeriod":"08:00-10:00 EDT Eastward","NO2":1.98561943,"unit":"10^15 molecules cm^-2"},"geometry":{"type":"Polygon","coordinates":[[[-84.925,33.725],[-84.875,33.725],[-84.875,33.775],[-84.925,33.775],[-84.925,33.725]]]}},{"type":"Feature","properties":{"layer":"TEMPO NO2","transport":"Westward","timePeriod":"08:00-10:00 EDT Eastward","NO2":1.94213402,"unit":"10^15 molecules cm^-2"},"geometry":{"type":"Polygon","coordinates":[[[-84.875,33.725],[-84.825,33.725],[-84.825,33.775],[-84.875,33.775],[-84.875,33.725]]]}},{"type":"Feature","properties":{"layer":"TEMPO NO2","transport":"Westward","timePeriod":"08:00-10:00 EDT Eastward","NO2":2.16610742,"unit":"10^15 molecules cm^-2"},"geometry":{"type":"Polygon","coordinates":[[[-84.825,33.725],[-84.775,33.725],[-84.775,33.775],[-84.825,33.775],[-84.825,33.725]]]}},{"type":"Feature","properties":{"layer":"TEMPO NO2","transport":"Westward","timePeriod":"08:00-10:00 EDT Eastward","NO2":2.12226176,"unit":"10^15 molecules cm^-2"},"geometry":{"type":"Polygon","coordinates":[[[-84.775,33.725],[-84.725,33.725],[-84.725,33.775],[-84.775,33.775],[-84.775,33.725]]]}},{"type":"Feature","properties":{"layer":"TEMPO NO2","transport":"Westward","timePeriod":"08:00-10:00 EDT Eastward","NO2":2.17315078,"unit":"10^15 molecules cm^-2"},"geometry":{"type":"Polygon","coordinates":[[[-84.725,33.725],[-84.675,33.725],[-84.675,33.775],[-84.725,33.775],[-84.725,33.725]]]}},{"type":"Feature","properties":{"layer":"TEMPO NO2","transport":"Westward","timePeriod":"08:00-10:00 EDT Eastward","NO2":2.3181088,"unit":"10^15 molecules cm^-2"},"geometry":{"type":"Polygon","coordinates":[[[-84.675,33.725],[-84.625,33.725],[-84.625,33.775],[-84.675,33.775],[-84.675,33.725]]]}},{"type":"Feature","properties":{"layer":"TEMPO NO2","transport":"Westward","timePeriod":"08:00-10:00 EDT Eastward","NO2":2.75984859,"unit":"10^15 molecules cm^-2"},"geometry":{"type":"Polygon","coordinates":[[[-84.625,33.725],[-84.575,33.725],[-84.575,33.775],[-84.625,33.775],[-84.625,33.725]]]}},{"type":"Feature","properties":{"layer":"TEMPO NO2","transport":"Westward","timePeriod":"08:00-10:00 EDT Eastward","NO2":2.91459227,"unit":"10^15 molecules cm^-2"},"geometry":{"type":"Polygon","coordinates":[[[-84.575,33.725],[-84.525,33.725],[-84.525,33.775],[-84.575,33.775],[-84.575,33.725]]]}},{"type":"Feature","properties":{"layer":"TEMPO NO2","transport":"Westward","timePeriod":"08:00-10:00 EDT Eastward","NO2":2.83546162,"unit":"10^15 molecules cm^-2"},"geometry":{"type":"Polygon","coordinates":[[[-84.525,33.725],[-84.475,33.725],[-84.475,33.775],[-84.525,33.775],[-84.525,33.725]]]}},{"type":"Feature","properties":{"layer":"TEMPO NO2","transport":"Westward","timePeriod":"08:00-10:00 EDT Eastward","NO2":3.09453249,"unit":"10^15 molecules cm^-2"},"geometry":{"type":"Polygon","coordinates":[[[-84.475,33.725],[-84.425,33.725],[-84.425,33.775],[-84.475,33.775],[-84.475,33.725]]]}},{"type":"Feature","properties":{"layer":"TEMPO NO2","transport":"Westward","timePeriod":"08:00-10:00 EDT Eastward","NO2":3.27041149,"unit":"10^15 molecules cm^-2"},"geometry":{"type":"Polygon","coordinates":[[[-84.425,33.725],[-84.375,33.725],[-84.375,33.775],[-84.425,33.775],[-84.425,33.725]]]}},{"type":"Feature","properties":{"layer":"TEMPO NO2","transport":"Westward","timePeriod":"08:00-10:00 EDT Eastward","NO2":3.59525919,"unit":"10^15 molecules cm^-2"},"geometry":{"type":"Polygon","coordinates":[[[-84.375,33.725],[-84.325,33.725],[-84.325,33.775],[-84.375,33.775],[-84.375,33.725]]]}},{"type":"Feature","properties":{"layer":"TEMPO NO2","transport":"Westward","timePeriod":"08:00-10:00 EDT Eastward","NO2":3.79944706,"unit":"10^15 molecules cm^-2"},"geometry":{"type":"Polygon","coordinates":[[[-84.325,33.725],[-84.275,33.725],[-84.275,33.775],[-84.325,33.775],[-84.325,33.725]]]}},{"type":"Feature","properties":{"layer":"TEMPO NO2","transport":"Westward","timePeriod":"08:00-10:00 EDT Eastward","NO2":3.59506083,"unit":"10^15 molecules cm^-2"},"geometry":{"type":"Polygon","coordinates":[[[-84.275,33.725],[-84.225,33.725],[-84.225,33.775],[-84.275,33.775],[-84.275,33.725]]]}},{"type":"Feature","properties":{"layer":"TEMPO NO2","transport":"Westward","timePeriod":"08:00-10:00 EDT Eastward","NO2":3.68477464,"unit":"10^15 molecules cm^-2"},"geometry":{"type":"Polygon","coordinates":[[[-84.225,33.725],[-84.175,33.725],[-84.175,33.775],[-84.225,33.775],[-84.225,33.725]]]}},{"type":"Feature","properties":{"layer":"TEMPO NO2","transport":"Westward","timePeriod":"08:00-10:00 EDT Eastward","NO2":3.8610785,"unit":"10^15 molecules cm^-2"},"geometry":{"type":"Polygon","coordinates":[[[-84.175,33.725],[-84.125,33.725],[-84.125,33.775],[-84.175,33.775],[-84.175,33.725]]]}},{"type":"Feature","properties":{"layer":"TEMPO NO2","transport":"Westward","timePeriod":"08:00-10:00 EDT Eastward","NO2":3.30642176,"unit":"10^15 molecules cm^-2"},"geometry":{"type":"Polygon","coordinates":[[[-84.125,33.725],[-84.075,33.725],[-84.075,33.775],[-84.125,33.775],[-84.125,33.725]]]}},{"type":"Feature","properties":{"layer":"TEMPO NO2","transport":"Westward","timePeriod":"08:00-10:00 EDT Eastward","NO2":2.81999612,"unit":"10^15 molecules cm^-2"},"geometry":{"type":"Polygon","coordinates":[[[-84.075,33.725],[-84.025,33.725],[-84.025,33.775],[-84.075,33.775],[-84.075,33.725]]]}},{"type":"Feature","properties":{"layer":"TEMPO NO2","transport":"Westward","timePeriod":"08:00-10:00 EDT Eastward","NO2":2.855654,"unit":"10^15 molecules cm^-2"},"geometry":{"type":"Polygon","coordinates":[[[-84.025,33.725],[-83.975,33.725],[-83.975,33.775],[-84.025,33.775],[-84.025,33.725]]]}},{"type":"Feature","properties":{"layer":"TEMPO NO2","transport":"Westward","timePeriod":"08:00-10:00 EDT Eastward","NO2":2.7351017,"unit":"10^15 molecules cm^-2"},"geometry":{"type":"Polygon","coordinates":[[[-83.975,33.725],[-83.925,33.725],[-83.925,33.775],[-83.975,33.775],[-83.975,33.725]]]}},{"type":"Feature","properties":{"layer":"TEMPO NO2","transport":"Westward","timePeriod":"08:00-10:00 EDT Eastward","NO2":2.730299,"unit":"10^15 molecules cm^-2"},"geometry":{"type":"Polygon","coordinates":[[[-83.925,33.725],[-83.875,33.725],[-83.875,33.775],[-83.925,33.775],[-83.925,33.725]]]}},{"type":"Feature","properties":{"layer":"TEMPO NO2","transport":"Westward","timePeriod":"08:00-10:00 EDT Eastward","NO2":2.49691606,"unit":"10^15 molecules cm^-2"},"geometry":{"type":"Polygon","coordinates":[[[-83.875,33.725],[-83.825,33.725],[-83.825,33.775],[-83.875,33.775],[-83.875,33.725]]]}},{"type":"Feature","properties":{"layer":"TEMPO NO2","transport":"Westward","timePeriod":"08:00-10:00 EDT Eastward","NO2":2.25583839,"unit":"10^15 molecules cm^-2"},"geometry":{"type":"Polygon","coordinates":[[[-83.825,33.725],[-83.775,33.725],[-83.775,33.775],[-83.825,33.775],[-83.825,33.725]]]}},{"type":"Feature","properties":{"layer":"TEMPO NO2","transport":"Westward","timePeriod":"08:00-10:00 EDT Eastward","NO2":1.87548077,"unit":"10^15 molecules cm^-2"},"geometry":{"type":"Polygon","coordinates":[[[-84.975,33.775],[-84.925,33.775],[-84.925,33.825],[-84.975,33.825],[-84.975,33.775]]]}},{"type":"Feature","properties":{"layer":"TEMPO NO2","transport":"Westward","timePeriod":"08:00-10:00 EDT Eastward","NO2":1.96918023,"unit":"10^15 molecules cm^-2"},"geometry":{"type":"Polygon","coordinates":[[[-84.925,33.775],[-84.875,33.775],[-84.875,33.825],[-84.925,33.825],[-84.925,33.775]]]}},{"type":"Feature","properties":{"layer":"TEMPO NO2","transport":"Westward","timePeriod":"08:00-10:00 EDT Eastward","NO2":2.09861112,"unit":"10^15 molecules cm^-2"},"geometry":{"type":"Polygon","coordinates":[[[-84.875,33.775],[-84.825,33.775],[-84.825,33.825],[-84.875,33.825],[-84.875,33.775]]]}},{"type":"Feature","properties":{"layer":"TEMPO NO2","transport":"Westward","timePeriod":"08:00-10:00 EDT Eastward","NO2":2.17964339,"unit":"10^15 molecules cm^-2"},"geometry":{"type":"Polygon","coordinates":[[[-84.825,33.775],[-84.775,33.775],[-84.775,33.825],[-84.825,33.825],[-84.825,33.775]]]}},{"type":"Feature","properties":{"layer":"TEMPO NO2","transport":"Westward","timePeriod":"08:00-10:00 EDT Eastward","NO2":2.21184564,"unit":"10^15 molecules cm^-2"},"geometry":{"type":"Polygon","coordinates":[[[-84.775,33.775],[-84.725,33.775],[-84.725,33.825],[-84.775,33.825],[-84.775,33.775]]]}},{"type":"Feature","properties":{"layer":"TEMPO NO2","transport":"Westward","timePeriod":"08:00-10:00 EDT Eastward","NO2":2.20402384,"unit":"10^15 molecules cm^-2"},"geometry":{"type":"Polygon","coordinates":[[[-84.725,33.775],[-84.675,33.775],[-84.675,33.825],[-84.725,33.825],[-84.725,33.775]]]}},{"type":"Feature","properties":{"layer":"TEMPO NO2","transport":"Westward","timePeriod":"08:00-10:00 EDT Eastward","NO2":2.43320656,"unit":"10^15 molecules cm^-2"},"geometry":{"type":"Polygon","coordinates":[[[-84.675,33.775],[-84.625,33.775],[-84.625,33.825],[-84.675,33.825],[-84.675,33.775]]]}},{"type":"Feature","properties":{"layer":"TEMPO NO2","transport":"Westward","timePeriod":"08:00-10:00 EDT Eastward","NO2":2.95823407,"unit":"10^15 molecules cm^-2"},"geometry":{"type":"Polygon","coordinates":[[[-84.625,33.775],[-84.575,33.775],[-84.575,33.825],[-84.625,33.825],[-84.625,33.775]]]}},{"type":"Feature","properties":{"layer":"TEMPO NO2","transport":"Westward","timePeriod":"08:00-10:00 EDT Eastward","NO2":3.24269676,"unit":"10^15 molecules cm^-2"},"geometry":{"type":"Polygon","coordinates":[[[-84.575,33.775],[-84.525,33.775],[-84.525,33.825],[-84.575,33.825],[-84.575,33.775]]]}},{"type":"Feature","properties":{"layer":"TEMPO NO2","transport":"Westward","timePeriod":"08:00-10:00 EDT Eastward","NO2":3.03998399,"unit":"10^15 molecules cm^-2"},"geometry":{"type":"Polygon","coordinates":[[[-84.525,33.775],[-84.475,33.775],[-84.475,33.825],[-84.525,33.825],[-84.525,33.775]]]}},{"type":"Feature","properties":{"layer":"TEMPO NO2","transport":"Westward","timePeriod":"08:00-10:00 EDT Eastward","NO2":3.1084137,"unit":"10^15 molecules cm^-2"},"geometry":{"type":"Polygon","coordinates":[[[-84.475,33.775],[-84.425,33.775],[-84.425,33.825],[-84.475,33.825],[-84.475,33.775]]]}},{"type":"Feature","properties":{"layer":"TEMPO NO2","transport":"Westward","timePeriod":"08:00-10:00 EDT Eastward","NO2":3.43536735,"unit":"10^15 molecules cm^-2"},"geometry":{"type":"Polygon","coordinates":[[[-84.425,33.775],[-84.375,33.775],[-84.375,33.825],[-84.425,33.825],[-84.425,33.775]]]}},{"type":"Feature","properties":{"layer":"TEMPO NO2","transport":"Westward","timePeriod":"08:00-10:00 EDT Eastward","NO2":3.5904994,"unit":"10^15 molecules cm^-2"},"geometry":{"type":"Polygon","coordinates":[[[-84.375,33.775],[-84.325,33.775],[-84.325,33.825],[-84.375,33.825],[-84.375,33.775]]]}},{"type":"Feature","properties":{"layer":"TEMPO NO2","transport":"Westward","timePeriod":"08:00-10:00 EDT Eastward","NO2":3.57766652,"unit":"10^15 molecules cm^-2"},"geometry":{"type":"Polygon","coordinates":[[[-84.325,33.775],[-84.275,33.775],[-84.275,33.825],[-84.325,33.825],[-84.325,33.775]]]}},{"type":"Feature","properties":{"layer":"TEMPO NO2","transport":"Westward","timePeriod":"08:00-10:00 EDT Eastward","NO2":3.48314404,"unit":"10^15 molecules cm^-2"},"geometry":{"type":"Polygon","coordinates":[[[-84.275,33.775],[-84.225,33.775],[-84.225,33.825],[-84.275,33.825],[-84.275,33.775]]]}},{"type":"Feature","properties":{"layer":"TEMPO NO2","transport":"Westward","timePeriod":"08:00-10:00 EDT Eastward","NO2":3.26561022,"unit":"10^15 molecules cm^-2"},"geometry":{"type":"Polygon","coordinates":[[[-84.225,33.775],[-84.175,33.775],[-84.175,33.825],[-84.225,33.825],[-84.225,33.775]]]}},{"type":"Feature","properties":{"layer":"TEMPO NO2","transport":"Westward","timePeriod":"08:00-10:00 EDT Eastward","NO2":3.25179625,"unit":"10^15 molecules cm^-2"},"geometry":{"type":"Polygon","coordinates":[[[-84.175,33.775],[-84.125,33.775],[-84.125,33.825],[-84.175,33.825],[-84.175,33.775]]]}},{"type":"Feature","properties":{"layer":"TEMPO NO2","transport":"Westward","timePeriod":"08:00-10:00 EDT Eastward","NO2":3.01666236,"unit":"10^15 molecules cm^-2"},"geometry":{"type":"Polygon","coordinates":[[[-84.125,33.775],[-84.075,33.775],[-84.075,33.825],[-84.125,33.825],[-84.125,33.775]]]}},{"type":"Feature","properties":{"layer":"TEMPO NO2","transport":"Westward","timePeriod":"08:00-10:00 EDT Eastward","NO2":2.91728497,"unit":"10^15 molecules cm^-2"},"geometry":{"type":"Polygon","coordinates":[[[-84.075,33.775],[-84.025,33.775],[-84.025,33.825],[-84.075,33.825],[-84.075,33.775]]]}},{"type":"Feature","properties":{"layer":"TEMPO NO2","transport":"Westward","timePeriod":"08:00-10:00 EDT Eastward","NO2":2.87450266,"unit":"10^15 molecules cm^-2"},"geometry":{"type":"Polygon","coordinates":[[[-84.025,33.775],[-83.975,33.775],[-83.975,33.825],[-84.025,33.825],[-84.025,33.775]]]}},{"type":"Feature","properties":{"layer":"TEMPO NO2","transport":"Westward","timePeriod":"08:00-10:00 EDT Eastward","NO2":2.93739867,"unit":"10^15 molecules cm^-2"},"geometry":{"type":"Polygon","coordinates":[[[-83.975,33.775],[-83.925,33.775],[-83.925,33.825],[-83.975,33.825],[-83.975,33.775]]]}},{"type":"Feature","properties":{"layer":"TEMPO NO2","transport":"Westward","timePeriod":"08:00-10:00 EDT Eastward","NO2":2.70534563,"unit":"10^15 molecules cm^-2"},"geometry":{"type":"Polygon","coordinates":[[[-83.925,33.775],[-83.875,33.775],[-83.875,33.825],[-83.925,33.825],[-83.925,33.775]]]}},{"type":"Feature","properties":{"layer":"TEMPO NO2","transport":"Westward","timePeriod":"08:00-10:00 EDT Eastward","NO2":2.53984833,"unit":"10^15 molecules cm^-2"},"geometry":{"type":"Polygon","coordinates":[[[-83.875,33.775],[-83.825,33.775],[-83.825,33.825],[-83.875,33.825],[-83.875,33.775]]]}},{"type":"Feature","properties":{"layer":"TEMPO NO2","transport":"Westward","timePeriod":"08:00-10:00 EDT Eastward","NO2":2.51130223,"unit":"10^15 molecules cm^-2"},"geometry":{"type":"Polygon","coordinates":[[[-83.825,33.775],[-83.775,33.775],[-83.775,33.825],[-83.825,33.825],[-83.825,33.775]]]}},{"type":"Feature","properties":{"layer":"TEMPO NO2","transport":"Westward","timePeriod":"08:00-10:00 EDT Eastward","NO2":1.7506783,"unit":"10^15 molecules cm^-2"},"geometry":{"type":"Polygon","coordinates":[[[-84.975,33.825],[-84.925,33.825],[-84.925,33.875],[-84.975,33.875],[-84.975,33.825]]]}},{"type":"Feature","properties":{"layer":"TEMPO NO2","transport":"Westward","timePeriod":"08:00-10:00 EDT Eastward","NO2":1.88753164,"unit":"10^15 molecules cm^-2"},"geometry":{"type":"Polygon","coordinates":[[[-84.925,33.825],[-84.875,33.825],[-84.875,33.875],[-84.925,33.875],[-84.925,33.825]]]}},{"type":"Feature","properties":{"layer":"TEMPO NO2","transport":"Westward","timePeriod":"08:00-10:00 EDT Eastward","NO2":2.07793617,"unit":"10^15 molecules cm^-2"},"geometry":{"type":"Polygon","coordinates":[[[-84.875,33.825],[-84.825,33.825],[-84.825,33.875],[-84.875,33.875],[-84.875,33.825]]]}},{"type":"Feature","properties":{"layer":"TEMPO NO2","transport":"Westward","timePeriod":"08:00-10:00 EDT Eastward","NO2":2.1213026,"unit":"10^15 molecules cm^-2"},"geometry":{"type":"Polygon","coordinates":[[[-84.825,33.825],[-84.775,33.825],[-84.775,33.875],[-84.825,33.875],[-84.825,33.825]]]}},{"type":"Feature","properties":{"layer":"TEMPO NO2","transport":"Westward","timePeriod":"08:00-10:00 EDT Eastward","NO2":2.14495921,"unit":"10^15 molecules cm^-2"},"geometry":{"type":"Polygon","coordinates":[[[-84.775,33.825],[-84.725,33.825],[-84.725,33.875],[-84.775,33.875],[-84.775,33.825]]]}},{"type":"Feature","properties":{"layer":"TEMPO NO2","transport":"Westward","timePeriod":"08:00-10:00 EDT Eastward","NO2":2.21562743,"unit":"10^15 molecules cm^-2"},"geometry":{"type":"Polygon","coordinates":[[[-84.725,33.825],[-84.675,33.825],[-84.675,33.875],[-84.725,33.875],[-84.725,33.825]]]}},{"type":"Feature","properties":{"layer":"TEMPO NO2","transport":"Westward","timePeriod":"08:00-10:00 EDT Eastward","NO2":2.33907247,"unit":"10^15 molecules cm^-2"},"geometry":{"type":"Polygon","coordinates":[[[-84.675,33.825],[-84.625,33.825],[-84.625,33.875],[-84.675,33.875],[-84.675,33.825]]]}},{"type":"Feature","properties":{"layer":"TEMPO NO2","transport":"Westward","timePeriod":"08:00-10:00 EDT Eastward","NO2":2.43648195,"unit":"10^15 molecules cm^-2"},"geometry":{"type":"Polygon","coordinates":[[[-84.625,33.825],[-84.575,33.825],[-84.575,33.875],[-84.625,33.875],[-84.625,33.825]]]}},{"type":"Feature","properties":{"layer":"TEMPO NO2","transport":"Westward","timePeriod":"08:00-10:00 EDT Eastward","NO2":2.57537246,"unit":"10^15 molecules cm^-2"},"geometry":{"type":"Polygon","coordinates":[[[-84.575,33.825],[-84.525,33.825],[-84.525,33.875],[-84.575,33.875],[-84.575,33.825]]]}},{"type":"Feature","properties":{"layer":"TEMPO NO2","transport":"Westward","timePeriod":"08:00-10:00 EDT Eastward","NO2":2.88747716,"unit":"10^15 molecules cm^-2"},"geometry":{"type":"Polygon","coordinates":[[[-84.525,33.825],[-84.475,33.825],[-84.475,33.875],[-84.525,33.875],[-84.525,33.825]]]}},{"type":"Feature","properties":{"layer":"TEMPO NO2","transport":"Westward","timePeriod":"08:00-10:00 EDT Eastward","NO2":3.06523252,"unit":"10^15 molecules cm^-2"},"geometry":{"type":"Polygon","coordinates":[[[-84.475,33.825],[-84.425,33.825],[-84.425,33.875],[-84.475,33.875],[-84.475,33.825]]]}},{"type":"Feature","properties":{"layer":"TEMPO NO2","transport":"Westward","timePeriod":"08:00-10:00 EDT Eastward","NO2":3.53188491,"unit":"10^15 molecules cm^-2"},"geometry":{"type":"Polygon","coordinates":[[[-84.425,33.825],[-84.375,33.825],[-84.375,33.875],[-84.425,33.875],[-84.425,33.825]]]}},{"type":"Feature","properties":{"layer":"TEMPO NO2","transport":"Westward","timePeriod":"08:00-10:00 EDT Eastward","NO2":3.61334491,"unit":"10^15 molecules cm^-2"},"geometry":{"type":"Polygon","coordinates":[[[-84.375,33.825],[-84.325,33.825],[-84.325,33.875],[-84.375,33.875],[-84.375,33.825]]]}},{"type":"Feature","properties":{"layer":"TEMPO NO2","transport":"Westward","timePeriod":"08:00-10:00 EDT Eastward","NO2":3.13668323,"unit":"10^15 molecules cm^-2"},"geometry":{"type":"Polygon","coordinates":[[[-84.325,33.825],[-84.275,33.825],[-84.275,33.875],[-84.325,33.875],[-84.325,33.825]]]}},{"type":"Feature","properties":{"layer":"TEMPO NO2","transport":"Westward","timePeriod":"08:00-10:00 EDT Eastward","NO2":3.73556876,"unit":"10^15 molecules cm^-2"},"geometry":{"type":"Polygon","coordinates":[[[-84.275,33.825],[-84.225,33.825],[-84.225,33.875],[-84.275,33.875],[-84.275,33.825]]]}},{"type":"Feature","properties":{"layer":"TEMPO NO2","transport":"Westward","timePeriod":"08:00-10:00 EDT Eastward","NO2":3.60816693,"unit":"10^15 molecules cm^-2"},"geometry":{"type":"Polygon","coordinates":[[[-84.225,33.825],[-84.175,33.825],[-84.175,33.875],[-84.225,33.875],[-84.225,33.825]]]}},{"type":"Feature","properties":{"layer":"TEMPO NO2","transport":"Westward","timePeriod":"08:00-10:00 EDT Eastward","NO2":3.34039116,"unit":"10^15 molecules cm^-2"},"geometry":{"type":"Polygon","coordinates":[[[-84.175,33.825],[-84.125,33.825],[-84.125,33.875],[-84.175,33.875],[-84.175,33.825]]]}},{"type":"Feature","properties":{"layer":"TEMPO NO2","transport":"Westward","timePeriod":"08:00-10:00 EDT Eastward","NO2":3.155972,"unit":"10^15 molecules cm^-2"},"geometry":{"type":"Polygon","coordinates":[[[-84.125,33.825],[-84.075,33.825],[-84.075,33.875],[-84.125,33.875],[-84.125,33.825]]]}},{"type":"Feature","properties":{"layer":"TEMPO NO2","transport":"Westward","timePeriod":"08:00-10:00 EDT Eastward","NO2":3.01351404,"unit":"10^15 molecules cm^-2"},"geometry":{"type":"Polygon","coordinates":[[[-84.075,33.825],[-84.025,33.825],[-84.025,33.875],[-84.075,33.875],[-84.075,33.825]]]}},{"type":"Feature","properties":{"layer":"TEMPO NO2","transport":"Westward","timePeriod":"08:00-10:00 EDT Eastward","NO2":2.96726775,"unit":"10^15 molecules cm^-2"},"geometry":{"type":"Polygon","coordinates":[[[-84.025,33.825],[-83.975,33.825],[-83.975,33.875],[-84.025,33.875],[-84.025,33.825]]]}},{"type":"Feature","properties":{"layer":"TEMPO NO2","transport":"Westward","timePeriod":"08:00-10:00 EDT Eastward","NO2":2.97528219,"unit":"10^15 molecules cm^-2"},"geometry":{"type":"Polygon","coordinates":[[[-83.975,33.825],[-83.925,33.825],[-83.925,33.875],[-83.975,33.875],[-83.975,33.825]]]}},{"type":"Feature","properties":{"layer":"TEMPO NO2","transport":"Westward","timePeriod":"08:00-10:00 EDT Eastward","NO2":2.90896845,"unit":"10^15 molecules cm^-2"},"geometry":{"type":"Polygon","coordinates":[[[-83.925,33.825],[-83.875,33.825],[-83.875,33.875],[-83.925,33.875],[-83.925,33.825]]]}},{"type":"Feature","properties":{"layer":"TEMPO NO2","transport":"Westward","timePeriod":"08:00-10:00 EDT Eastward","NO2":2.60914326,"unit":"10^15 molecules cm^-2"},"geometry":{"type":"Polygon","coordinates":[[[-83.875,33.825],[-83.825,33.825],[-83.825,33.875],[-83.875,33.875],[-83.875,33.825]]]}},{"type":"Feature","properties":{"layer":"TEMPO NO2","transport":"Westward","timePeriod":"08:00-10:00 EDT Eastward","NO2":2.50736403,"unit":"10^15 molecules cm^-2"},"geometry":{"type":"Polygon","coordinates":[[[-83.825,33.825],[-83.775,33.825],[-83.775,33.875],[-83.825,33.875],[-83.825,33.825]]]}},{"type":"Feature","properties":{"layer":"TEMPO NO2","transport":"Westward","timePeriod":"08:00-10:00 EDT Eastward","NO2":2.0076704,"unit":"10^15 molecules cm^-2"},"geometry":{"type":"Polygon","coordinates":[[[-84.975,33.875],[-84.925,33.875],[-84.925,33.925],[-84.975,33.925],[-84.975,33.875]]]}},{"type":"Feature","properties":{"layer":"TEMPO NO2","transport":"Westward","timePeriod":"08:00-10:00 EDT Eastward","NO2":1.98792684,"unit":"10^15 molecules cm^-2"},"geometry":{"type":"Polygon","coordinates":[[[-84.925,33.875],[-84.875,33.875],[-84.875,33.925],[-84.925,33.925],[-84.925,33.875]]]}},{"type":"Feature","properties":{"layer":"TEMPO NO2","transport":"Westward","timePeriod":"08:00-10:00 EDT Eastward","NO2":1.99707413,"unit":"10^15 molecules cm^-2"},"geometry":{"type":"Polygon","coordinates":[[[-84.875,33.875],[-84.825,33.875],[-84.825,33.925],[-84.875,33.925],[-84.875,33.875]]]}},{"type":"Feature","properties":{"layer":"TEMPO NO2","transport":"Westward","timePeriod":"08:00-10:00 EDT Eastward","NO2":2.1223557,"unit":"10^15 molecules cm^-2"},"geometry":{"type":"Polygon","coordinates":[[[-84.825,33.875],[-84.775,33.875],[-84.775,33.925],[-84.825,33.925],[-84.825,33.875]]]}},{"type":"Feature","properties":{"layer":"TEMPO NO2","transport":"Westward","timePeriod":"08:00-10:00 EDT Eastward","NO2":2.30584359,"unit":"10^15 molecules cm^-2"},"geometry":{"type":"Polygon","coordinates":[[[-84.775,33.875],[-84.725,33.875],[-84.725,33.925],[-84.775,33.925],[-84.775,33.875]]]}},{"type":"Feature","properties":{"layer":"TEMPO NO2","transport":"Westward","timePeriod":"08:00-10:00 EDT Eastward","NO2":2.27673101,"unit":"10^15 molecules cm^-2"},"geometry":{"type":"Polygon","coordinates":[[[-84.725,33.875],[-84.675,33.875],[-84.675,33.925],[-84.725,33.925],[-84.725,33.875]]]}},{"type":"Feature","properties":{"layer":"TEMPO NO2","transport":"Westward","timePeriod":"08:00-10:00 EDT Eastward","NO2":2.22571182,"unit":"10^15 molecules cm^-2"},"geometry":{"type":"Polygon","coordinates":[[[-84.675,33.875],[-84.625,33.875],[-84.625,33.925],[-84.675,33.925],[-84.675,33.875]]]}},{"type":"Feature","properties":{"layer":"TEMPO NO2","transport":"Westward","timePeriod":"08:00-10:00 EDT Eastward","NO2":2.37067556,"unit":"10^15 molecules cm^-2"},"geometry":{"type":"Polygon","coordinates":[[[-84.625,33.875],[-84.575,33.875],[-84.575,33.925],[-84.625,33.925],[-84.625,33.875]]]}},{"type":"Feature","properties":{"layer":"TEMPO NO2","transport":"Westward","timePeriod":"08:00-10:00 EDT Eastward","NO2":2.55795336,"unit":"10^15 molecules cm^-2"},"geometry":{"type":"Polygon","coordinates":[[[-84.575,33.875],[-84.525,33.875],[-84.525,33.925],[-84.575,33.925],[-84.575,33.875]]]}},{"type":"Feature","properties":{"layer":"TEMPO NO2","transport":"Westward","timePeriod":"08:00-10:00 EDT Eastward","NO2":2.61535382,"unit":"10^15 molecules cm^-2"},"geometry":{"type":"Polygon","coordinates":[[[-84.525,33.875],[-84.475,33.875],[-84.475,33.925],[-84.525,33.925],[-84.525,33.875]]]}},{"type":"Feature","properties":{"layer":"TEMPO NO2","transport":"Westward","timePeriod":"08:00-10:00 EDT Eastward","NO2":2.96413088,"unit":"10^15 molecules cm^-2"},"geometry":{"type":"Polygon","coordinates":[[[-84.475,33.875],[-84.425,33.875],[-84.425,33.925],[-84.475,33.925],[-84.475,33.875]]]}},{"type":"Feature","properties":{"layer":"TEMPO NO2","transport":"Westward","timePeriod":"08:00-10:00 EDT Eastward","NO2":3.06235814,"unit":"10^15 molecules cm^-2"},"geometry":{"type":"Polygon","coordinates":[[[-84.425,33.875],[-84.375,33.875],[-84.375,33.925],[-84.425,33.925],[-84.425,33.875]]]}},{"type":"Feature","properties":{"layer":"TEMPO NO2","transport":"Westward","timePeriod":"08:00-10:00 EDT Eastward","NO2":3.01936126,"unit":"10^15 molecules cm^-2"},"geometry":{"type":"Polygon","coordinates":[[[-84.375,33.875],[-84.325,33.875],[-84.325,33.925],[-84.375,33.925],[-84.375,33.875]]]}},{"type":"Feature","properties":{"layer":"TEMPO NO2","transport":"Westward","timePeriod":"08:00-10:00 EDT Eastward","NO2":3.29601693,"unit":"10^15 molecules cm^-2"},"geometry":{"type":"Polygon","coordinates":[[[-84.325,33.875],[-84.275,33.875],[-84.275,33.925],[-84.325,33.925],[-84.325,33.875]]]}},{"type":"Feature","properties":{"layer":"TEMPO NO2","transport":"Westward","timePeriod":"08:00-10:00 EDT Eastward","NO2":3.20177555,"unit":"10^15 molecules cm^-2"},"geometry":{"type":"Polygon","coordinates":[[[-84.275,33.875],[-84.225,33.875],[-84.225,33.925],[-84.275,33.925],[-84.275,33.875]]]}},{"type":"Feature","properties":{"layer":"TEMPO NO2","transport":"Westward","timePeriod":"08:00-10:00 EDT Eastward","NO2":3.48221517,"unit":"10^15 molecules cm^-2"},"geometry":{"type":"Polygon","coordinates":[[[-84.225,33.875],[-84.175,33.875],[-84.175,33.925],[-84.225,33.925],[-84.225,33.875]]]}},{"type":"Feature","properties":{"layer":"TEMPO NO2","transport":"Westward","timePeriod":"08:00-10:00 EDT Eastward","NO2":3.36464238,"unit":"10^15 molecules cm^-2"},"geometry":{"type":"Polygon","coordinates":[[[-84.175,33.875],[-84.125,33.875],[-84.125,33.925],[-84.175,33.925],[-84.175,33.875]]]}},{"type":"Feature","properties":{"layer":"TEMPO NO2","transport":"Westward","timePeriod":"08:00-10:00 EDT Eastward","NO2":3.27401733,"unit":"10^15 molecules cm^-2"},"geometry":{"type":"Polygon","coordinates":[[[-84.125,33.875],[-84.075,33.875],[-84.075,33.925],[-84.125,33.925],[-84.125,33.875]]]}},{"type":"Feature","properties":{"layer":"TEMPO NO2","transport":"Westward","timePeriod":"08:00-10:00 EDT Eastward","NO2":3.04304338,"unit":"10^15 molecules cm^-2"},"geometry":{"type":"Polygon","coordinates":[[[-84.075,33.875],[-84.025,33.875],[-84.025,33.925],[-84.075,33.925],[-84.075,33.875]]]}},{"type":"Feature","properties":{"layer":"TEMPO NO2","transport":"Westward","timePeriod":"08:00-10:00 EDT Eastward","NO2":2.90821838,"unit":"10^15 molecules cm^-2"},"geometry":{"type":"Polygon","coordinates":[[[-84.025,33.875],[-83.975,33.875],[-83.975,33.925],[-84.025,33.925],[-84.025,33.875]]]}},{"type":"Feature","properties":{"layer":"TEMPO NO2","transport":"Westward","timePeriod":"08:00-10:00 EDT Eastward","NO2":2.89212751,"unit":"10^15 molecules cm^-2"},"geometry":{"type":"Polygon","coordinates":[[[-83.975,33.875],[-83.925,33.875],[-83.925,33.925],[-83.975,33.925],[-83.975,33.875]]]}},{"type":"Feature","properties":{"layer":"TEMPO NO2","transport":"Westward","timePeriod":"08:00-10:00 EDT Eastward","NO2":2.87826848,"unit":"10^15 molecules cm^-2"},"geometry":{"type":"Polygon","coordinates":[[[-83.925,33.875],[-83.875,33.875],[-83.875,33.925],[-83.925,33.925],[-83.925,33.875]]]}},{"type":"Feature","properties":{"layer":"TEMPO NO2","transport":"Westward","timePeriod":"08:00-10:00 EDT Eastward","NO2":2.65916753,"unit":"10^15 molecules cm^-2"},"geometry":{"type":"Polygon","coordinates":[[[-83.875,33.875],[-83.825,33.875],[-83.825,33.925],[-83.875,33.925],[-83.875,33.875]]]}},{"type":"Feature","properties":{"layer":"TEMPO NO2","transport":"Westward","timePeriod":"08:00-10:00 EDT Eastward","NO2":2.55312,"unit":"10^15 molecules cm^-2"},"geometry":{"type":"Polygon","coordinates":[[[-83.825,33.875],[-83.775,33.875],[-83.775,33.925],[-83.825,33.925],[-83.825,33.875]]]}},{"type":"Feature","properties":{"layer":"TEMPO NO2","transport":"Westward","timePeriod":"08:00-10:00 EDT Eastward","NO2":2.0448091,"unit":"10^15 molecules cm^-2"},"geometry":{"type":"Polygon","coordinates":[[[-84.975,33.925],[-84.925,33.925],[-84.925,33.975],[-84.975,33.975],[-84.975,33.925]]]}},{"type":"Feature","properties":{"layer":"TEMPO NO2","transport":"Westward","timePeriod":"08:00-10:00 EDT Eastward","NO2":2.18496847,"unit":"10^15 molecules cm^-2"},"geometry":{"type":"Polygon","coordinates":[[[-84.925,33.925],[-84.875,33.925],[-84.875,33.975],[-84.925,33.975],[-84.925,33.925]]]}},{"type":"Feature","properties":{"layer":"TEMPO NO2","transport":"Westward","timePeriod":"08:00-10:00 EDT Eastward","NO2":2.21998215,"unit":"10^15 molecules cm^-2"},"geometry":{"type":"Polygon","coordinates":[[[-84.875,33.925],[-84.825,33.925],[-84.825,33.975],[-84.875,33.975],[-84.875,33.925]]]}},{"type":"Feature","properties":{"layer":"TEMPO NO2","transport":"Westward","timePeriod":"08:00-10:00 EDT Eastward","NO2":2.25141454,"unit":"10^15 molecules cm^-2"},"geometry":{"type":"Polygon","coordinates":[[[-84.825,33.925],[-84.775,33.925],[-84.775,33.975],[-84.825,33.975],[-84.825,33.925]]]}},{"type":"Feature","properties":{"layer":"TEMPO NO2","transport":"Westward","timePeriod":"08:00-10:00 EDT Eastward","NO2":2.29492617,"unit":"10^15 molecules cm^-2"},"geometry":{"type":"Polygon","coordinates":[[[-84.775,33.925],[-84.725,33.925],[-84.725,33.975],[-84.775,33.975],[-84.775,33.925]]]}},{"type":"Feature","properties":{"layer":"TEMPO NO2","transport":"Westward","timePeriod":"08:00-10:00 EDT Eastward","NO2":2.26610708,"unit":"10^15 molecules cm^-2"},"geometry":{"type":"Polygon","coordinates":[[[-84.725,33.925],[-84.675,33.925],[-84.675,33.975],[-84.725,33.975],[-84.725,33.925]]]}},{"type":"Feature","properties":{"layer":"TEMPO NO2","transport":"Westward","timePeriod":"08:00-10:00 EDT Eastward","NO2":2.2970984,"unit":"10^15 molecules cm^-2"},"geometry":{"type":"Polygon","coordinates":[[[-84.675,33.925],[-84.625,33.925],[-84.625,33.975],[-84.675,33.975],[-84.675,33.925]]]}},{"type":"Feature","properties":{"layer":"TEMPO NO2","transport":"Westward","timePeriod":"08:00-10:00 EDT Eastward","NO2":2.52769184,"unit":"10^15 molecules cm^-2"},"geometry":{"type":"Polygon","coordinates":[[[-84.625,33.925],[-84.575,33.925],[-84.575,33.975],[-84.625,33.975],[-84.625,33.925]]]}},{"type":"Feature","properties":{"layer":"TEMPO NO2","transport":"Westward","timePeriod":"08:00-10:00 EDT Eastward","NO2":2.68309593,"unit":"10^15 molecules cm^-2"},"geometry":{"type":"Polygon","coordinates":[[[-84.575,33.925],[-84.525,33.925],[-84.525,33.975],[-84.575,33.975],[-84.575,33.925]]]}},{"type":"Feature","properties":{"layer":"TEMPO NO2","transport":"Westward","timePeriod":"08:00-10:00 EDT Eastward","NO2":2.68054819,"unit":"10^15 molecules cm^-2"},"geometry":{"type":"Polygon","coordinates":[[[-84.525,33.925],[-84.475,33.925],[-84.475,33.975],[-84.525,33.975],[-84.525,33.925]]]}},{"type":"Feature","properties":{"layer":"TEMPO NO2","transport":"Westward","timePeriod":"08:00-10:00 EDT Eastward","NO2":2.8675673,"unit":"10^15 molecules cm^-2"},"geometry":{"type":"Polygon","coordinates":[[[-84.475,33.925],[-84.425,33.925],[-84.425,33.975],[-84.475,33.975],[-84.475,33.925]]]}},{"type":"Feature","properties":{"layer":"TEMPO NO2","transport":"Westward","timePeriod":"08:00-10:00 EDT Eastward","NO2":3.09629703,"unit":"10^15 molecules cm^-2"},"geometry":{"type":"Polygon","coordinates":[[[-84.425,33.925],[-84.375,33.925],[-84.375,33.975],[-84.425,33.975],[-84.425,33.925]]]}},{"type":"Feature","properties":{"layer":"TEMPO NO2","transport":"Westward","timePeriod":"08:00-10:00 EDT Eastward","NO2":3.2296803,"unit":"10^15 molecules cm^-2"},"geometry":{"type":"Polygon","coordinates":[[[-84.375,33.925],[-84.325,33.925],[-84.325,33.975],[-84.375,33.975],[-84.375,33.925]]]}},{"type":"Feature","properties":{"layer":"TEMPO NO2","transport":"Westward","timePeriod":"08:00-10:00 EDT Eastward","NO2":2.96338964,"unit":"10^15 molecules cm^-2"},"geometry":{"type":"Polygon","coordinates":[[[-84.325,33.925],[-84.275,33.925],[-84.275,33.975],[-84.325,33.975],[-84.325,33.925]]]}},{"type":"Feature","properties":{"layer":"TEMPO NO2","transport":"Westward","timePeriod":"08:00-10:00 EDT Eastward","NO2":3.20633936,"unit":"10^15 molecules cm^-2"},"geometry":{"type":"Polygon","coordinates":[[[-84.275,33.925],[-84.225,33.925],[-84.225,33.975],[-84.275,33.975],[-84.275,33.925]]]}},{"type":"Feature","properties":{"layer":"TEMPO NO2","transport":"Westward","timePeriod":"08:00-10:00 EDT Eastward","NO2":3.2433579,"unit":"10^15 molecules cm^-2"},"geometry":{"type":"Polygon","coordinates":[[[-84.225,33.925],[-84.175,33.925],[-84.175,33.975],[-84.225,33.975],[-84.225,33.925]]]}},{"type":"Feature","properties":{"layer":"TEMPO NO2","transport":"Westward","timePeriod":"08:00-10:00 EDT Eastward","NO2":3.32020807,"unit":"10^15 molecules cm^-2"},"geometry":{"type":"Polygon","coordinates":[[[-84.175,33.925],[-84.125,33.925],[-84.125,33.975],[-84.175,33.975],[-84.175,33.925]]]}},{"type":"Feature","properties":{"layer":"TEMPO NO2","transport":"Westward","timePeriod":"08:00-10:00 EDT Eastward","NO2":3.20602584,"unit":"10^15 molecules cm^-2"},"geometry":{"type":"Polygon","coordinates":[[[-84.125,33.925],[-84.075,33.925],[-84.075,33.975],[-84.125,33.975],[-84.125,33.925]]]}},{"type":"Feature","properties":{"layer":"TEMPO NO2","transport":"Westward","timePeriod":"08:00-10:00 EDT Eastward","NO2":3.05120206,"unit":"10^15 molecules cm^-2"},"geometry":{"type":"Polygon","coordinates":[[[-84.075,33.925],[-84.025,33.925],[-84.025,33.975],[-84.075,33.975],[-84.075,33.925]]]}},{"type":"Feature","properties":{"layer":"TEMPO NO2","transport":"Westward","timePeriod":"08:00-10:00 EDT Eastward","NO2":3.00575089,"unit":"10^15 molecules cm^-2"},"geometry":{"type":"Polygon","coordinates":[[[-84.025,33.925],[-83.975,33.925],[-83.975,33.975],[-84.025,33.975],[-84.025,33.925]]]}},{"type":"Feature","properties":{"layer":"TEMPO NO2","transport":"Westward","timePeriod":"08:00-10:00 EDT Eastward","NO2":2.95432806,"unit":"10^15 molecules cm^-2"},"geometry":{"type":"Polygon","coordinates":[[[-83.975,33.925],[-83.925,33.925],[-83.925,33.975],[-83.975,33.975],[-83.975,33.925]]]}},{"type":"Feature","properties":{"layer":"TEMPO NO2","transport":"Westward","timePeriod":"08:00-10:00 EDT Eastward","NO2":2.89317584,"unit":"10^15 molecules cm^-2"},"geometry":{"type":"Polygon","coordinates":[[[-83.925,33.925],[-83.875,33.925],[-83.875,33.975],[-83.925,33.975],[-83.925,33.925]]]}},{"type":"Feature","properties":{"layer":"TEMPO NO2","transport":"Westward","timePeriod":"08:00-10:00 EDT Eastward","NO2":2.70514512,"unit":"10^15 molecules cm^-2"},"geometry":{"type":"Polygon","coordinates":[[[-83.875,33.925],[-83.825,33.925],[-83.825,33.975],[-83.875,33.975],[-83.875,33.925]]]}},{"type":"Feature","properties":{"layer":"TEMPO NO2","transport":"Westward","timePeriod":"08:00-10:00 EDT Eastward","NO2":2.50399113,"unit":"10^15 molecules cm^-2"},"geometry":{"type":"Polygon","coordinates":[[[-83.825,33.925],[-83.775,33.925],[-83.775,33.975],[-83.825,33.975],[-83.825,33.925]]]}},{"type":"Feature","properties":{"layer":"TEMPO NO2","transport":"Westward","timePeriod":"08:00-10:00 EDT Eastward","NO2":2.05595756,"unit":"10^15 molecules cm^-2"},"geometry":{"type":"Polygon","coordinates":[[[-84.975,33.975],[-84.925,33.975],[-84.925,34.025],[-84.975,34.025],[-84.975,33.975]]]}},{"type":"Feature","properties":{"layer":"TEMPO NO2","transport":"Westward","timePeriod":"08:00-10:00 EDT Eastward","NO2":2.07082963,"unit":"10^15 molecules cm^-2"},"geometry":{"type":"Polygon","coordinates":[[[-84.925,33.975],[-84.875,33.975],[-84.875,34.025],[-84.925,34.025],[-84.925,33.975]]]}},{"type":"Feature","properties":{"layer":"TEMPO NO2","transport":"Westward","timePeriod":"08:00-10:00 EDT Eastward","NO2":2.01294208,"unit":"10^15 molecules cm^-2"},"geometry":{"type":"Polygon","coordinates":[[[-84.875,33.975],[-84.825,33.975],[-84.825,34.025],[-84.875,34.025],[-84.875,33.975]]]}},{"type":"Feature","properties":{"layer":"TEMPO NO2","transport":"Westward","timePeriod":"08:00-10:00 EDT Eastward","NO2":2.32895184,"unit":"10^15 molecules cm^-2"},"geometry":{"type":"Polygon","coordinates":[[[-84.825,33.975],[-84.775,33.975],[-84.775,34.025],[-84.825,34.025],[-84.825,33.975]]]}},{"type":"Feature","properties":{"layer":"TEMPO NO2","transport":"Westward","timePeriod":"08:00-10:00 EDT Eastward","NO2":2.47742152,"unit":"10^15 molecules cm^-2"},"geometry":{"type":"Polygon","coordinates":[[[-84.775,33.975],[-84.725,33.975],[-84.725,34.025],[-84.775,34.025],[-84.775,33.975]]]}},{"type":"Feature","properties":{"layer":"TEMPO NO2","transport":"Westward","timePeriod":"08:00-10:00 EDT Eastward","NO2":2.46642613,"unit":"10^15 molecules cm^-2"},"geometry":{"type":"Polygon","coordinates":[[[-84.725,33.975],[-84.675,33.975],[-84.675,34.025],[-84.725,34.025],[-84.725,33.975]]]}},{"type":"Feature","properties":{"layer":"TEMPO NO2","transport":"Westward","timePeriod":"08:00-10:00 EDT Eastward","NO2":2.38701701,"unit":"10^15 molecules cm^-2"},"geometry":{"type":"Polygon","coordinates":[[[-84.675,33.975],[-84.625,33.975],[-84.625,34.025],[-84.675,34.025],[-84.675,33.975]]]}},{"type":"Feature","properties":{"layer":"TEMPO NO2","transport":"Westward","timePeriod":"08:00-10:00 EDT Eastward","NO2":2.34913898,"unit":"10^15 molecules cm^-2"},"geometry":{"type":"Polygon","coordinates":[[[-84.625,33.975],[-84.575,33.975],[-84.575,34.025],[-84.625,34.025],[-84.625,33.975]]]}},{"type":"Feature","properties":{"layer":"TEMPO NO2","transport":"Westward","timePeriod":"08:00-10:00 EDT Eastward","NO2":2.63668561,"unit":"10^15 molecules cm^-2"},"geometry":{"type":"Polygon","coordinates":[[[-84.575,33.975],[-84.525,33.975],[-84.525,34.025],[-84.575,34.025],[-84.575,33.975]]]}},{"type":"Feature","properties":{"layer":"TEMPO NO2","transport":"Westward","timePeriod":"08:00-10:00 EDT Eastward","NO2":2.63270211,"unit":"10^15 molecules cm^-2"},"geometry":{"type":"Polygon","coordinates":[[[-84.525,33.975],[-84.475,33.975],[-84.475,34.025],[-84.525,34.025],[-84.525,33.975]]]}},{"type":"Feature","properties":{"layer":"TEMPO NO2","transport":"Westward","timePeriod":"08:00-10:00 EDT Eastward","NO2":2.60638309,"unit":"10^15 molecules cm^-2"},"geometry":{"type":"Polygon","coordinates":[[[-84.475,33.975],[-84.425,33.975],[-84.425,34.025],[-84.475,34.025],[-84.475,33.975]]]}},{"type":"Feature","properties":{"layer":"TEMPO NO2","transport":"Westward","timePeriod":"08:00-10:00 EDT Eastward","NO2":2.81813478,"unit":"10^15 molecules cm^-2"},"geometry":{"type":"Polygon","coordinates":[[[-84.425,33.975],[-84.375,33.975],[-84.375,34.025],[-84.425,34.025],[-84.425,33.975]]]}},{"type":"Feature","properties":{"layer":"TEMPO NO2","transport":"Westward","timePeriod":"08:00-10:00 EDT Eastward","NO2":2.9327929,"unit":"10^15 molecules cm^-2"},"geometry":{"type":"Polygon","coordinates":[[[-84.375,33.975],[-84.325,33.975],[-84.325,34.025],[-84.375,34.025],[-84.375,33.975]]]}},{"type":"Feature","properties":{"layer":"TEMPO NO2","transport":"Westward","timePeriod":"08:00-10:00 EDT Eastward","NO2":2.81887317,"unit":"10^15 molecules cm^-2"},"geometry":{"type":"Polygon","coordinates":[[[-84.325,33.975],[-84.275,33.975],[-84.275,34.025],[-84.325,34.025],[-84.325,33.975]]]}},{"type":"Feature","properties":{"layer":"TEMPO NO2","transport":"Westward","timePeriod":"08:00-10:00 EDT Eastward","NO2":2.88089752,"unit":"10^15 molecules cm^-2"},"geometry":{"type":"Polygon","coordinates":[[[-84.275,33.975],[-84.225,33.975],[-84.225,34.025],[-84.275,34.025],[-84.275,33.975]]]}},{"type":"Feature","properties":{"layer":"TEMPO NO2","transport":"Westward","timePeriod":"08:00-10:00 EDT Eastward","NO2":2.97329,"unit":"10^15 molecules cm^-2"},"geometry":{"type":"Polygon","coordinates":[[[-84.225,33.975],[-84.175,33.975],[-84.175,34.025],[-84.225,34.025],[-84.225,33.975]]]}},{"type":"Feature","properties":{"layer":"TEMPO NO2","transport":"Westward","timePeriod":"08:00-10:00 EDT Eastward","NO2":3.0279057,"unit":"10^15 molecules cm^-2"},"geometry":{"type":"Polygon","coordinates":[[[-84.175,33.975],[-84.125,33.975],[-84.125,34.025],[-84.175,34.025],[-84.175,33.975]]]}},{"type":"Feature","properties":{"layer":"TEMPO NO2","transport":"Westward","timePeriod":"08:00-10:00 EDT Eastward","NO2":3.12528181,"unit":"10^15 molecules cm^-2"},"geometry":{"type":"Polygon","coordinates":[[[-84.125,33.975],[-84.075,33.975],[-84.075,34.025],[-84.125,34.025],[-84.125,33.975]]]}},{"type":"Feature","properties":{"layer":"TEMPO NO2","transport":"Westward","timePeriod":"08:00-10:00 EDT Eastward","NO2":3.07488847,"unit":"10^15 molecules cm^-2"},"geometry":{"type":"Polygon","coordinates":[[[-84.075,33.975],[-84.025,33.975],[-84.025,34.025],[-84.075,34.025],[-84.075,33.975]]]}},{"type":"Feature","properties":{"layer":"TEMPO NO2","transport":"Westward","timePeriod":"08:00-10:00 EDT Eastward","NO2":3.2862606,"unit":"10^15 molecules cm^-2"},"geometry":{"type":"Polygon","coordinates":[[[-84.025,33.975],[-83.975,33.975],[-83.975,34.025],[-84.025,34.025],[-84.025,33.975]]]}},{"type":"Feature","properties":{"layer":"TEMPO NO2","transport":"Westward","timePeriod":"08:00-10:00 EDT Eastward","NO2":2.8975563,"unit":"10^15 molecules cm^-2"},"geometry":{"type":"Polygon","coordinates":[[[-83.975,33.975],[-83.925,33.975],[-83.925,34.025],[-83.975,34.025],[-83.975,33.975]]]}},{"type":"Feature","properties":{"layer":"TEMPO NO2","transport":"Westward","timePeriod":"08:00-10:00 EDT Eastward","NO2":2.74095678,"unit":"10^15 molecules cm^-2"},"geometry":{"type":"Polygon","coordinates":[[[-83.925,33.975],[-83.875,33.975],[-83.875,34.025],[-83.925,34.025],[-83.925,33.975]]]}},{"type":"Feature","properties":{"layer":"TEMPO NO2","transport":"Westward","timePeriod":"08:00-10:00 EDT Eastward","NO2":2.64144254,"unit":"10^15 molecules cm^-2"},"geometry":{"type":"Polygon","coordinates":[[[-83.875,33.975],[-83.825,33.975],[-83.825,34.025],[-83.875,34.025],[-83.875,33.975]]]}},{"type":"Feature","properties":{"layer":"TEMPO NO2","transport":"Westward","timePeriod":"08:00-10:00 EDT Eastward","NO2":2.5132246,"unit":"10^15 molecules cm^-2"},"geometry":{"type":"Polygon","coordinates":[[[-83.825,33.975],[-83.775,33.975],[-83.775,34.025],[-83.825,34.025],[-83.825,33.975]]]}},{"type":"Feature","properties":{"layer":"TEMPO NO2","transport":"Westward","timePeriod":"08:00-10:00 EDT Eastward","NO2":2.03612161,"unit":"10^15 molecules cm^-2"},"geometry":{"type":"Polygon","coordinates":[[[-84.975,34.025],[-84.925,34.025],[-84.925,34.075],[-84.975,34.075],[-84.975,34.025]]]}},{"type":"Feature","properties":{"layer":"TEMPO NO2","transport":"Westward","timePeriod":"08:00-10:00 EDT Eastward","NO2":2.13346338,"unit":"10^15 molecules cm^-2"},"geometry":{"type":"Polygon","coordinates":[[[-84.925,34.025],[-84.875,34.025],[-84.875,34.075],[-84.925,34.075],[-84.925,34.025]]]}},{"type":"Feature","properties":{"layer":"TEMPO NO2","transport":"Westward","timePeriod":"08:00-10:00 EDT Eastward","NO2":2.21941,"unit":"10^15 molecules cm^-2"},"geometry":{"type":"Polygon","coordinates":[[[-84.875,34.025],[-84.825,34.025],[-84.825,34.075],[-84.875,34.075],[-84.875,34.025]]]}},{"type":"Feature","properties":{"layer":"TEMPO NO2","transport":"Westward","timePeriod":"08:00-10:00 EDT Eastward","NO2":2.49890924,"unit":"10^15 molecules cm^-2"},"geometry":{"type":"Polygon","coordinates":[[[-84.825,34.025],[-84.775,34.025],[-84.775,34.075],[-84.825,34.075],[-84.825,34.025]]]}},{"type":"Feature","properties":{"layer":"TEMPO NO2","transport":"Westward","timePeriod":"08:00-10:00 EDT Eastward","NO2":2.43789101,"unit":"10^15 molecules cm^-2"},"geometry":{"type":"Polygon","coordinates":[[[-84.775,34.025],[-84.725,34.025],[-84.725,34.075],[-84.775,34.075],[-84.775,34.025]]]}},{"type":"Feature","properties":{"layer":"TEMPO NO2","transport":"Westward","timePeriod":"08:00-10:00 EDT Eastward","NO2":2.44954252,"unit":"10^15 molecules cm^-2"},"geometry":{"type":"Polygon","coordinates":[[[-84.725,34.025],[-84.675,34.025],[-84.675,34.075],[-84.725,34.075],[-84.725,34.025]]]}},{"type":"Feature","properties":{"layer":"TEMPO NO2","transport":"Westward","timePeriod":"08:00-10:00 EDT Eastward","NO2":2.45634365,"unit":"10^15 molecules cm^-2"},"geometry":{"type":"Polygon","coordinates":[[[-84.675,34.025],[-84.625,34.025],[-84.625,34.075],[-84.675,34.075],[-84.675,34.025]]]}},{"type":"Feature","properties":{"layer":"TEMPO NO2","transport":"Westward","timePeriod":"08:00-10:00 EDT Eastward","NO2":2.81021166,"unit":"10^15 molecules cm^-2"},"geometry":{"type":"Polygon","coordinates":[[[-84.625,34.025],[-84.575,34.025],[-84.575,34.075],[-84.625,34.075],[-84.625,34.025]]]}},{"type":"Feature","properties":{"layer":"TEMPO NO2","transport":"Westward","timePeriod":"08:00-10:00 EDT Eastward","NO2":2.92216396,"unit":"10^15 molecules cm^-2"},"geometry":{"type":"Polygon","coordinates":[[[-84.575,34.025],[-84.525,34.025],[-84.525,34.075],[-84.575,34.075],[-84.575,34.025]]]}},{"type":"Feature","properties":{"layer":"TEMPO NO2","transport":"Westward","timePeriod":"08:00-10:00 EDT Eastward","NO2":2.63121772,"unit":"10^15 molecules cm^-2"},"geometry":{"type":"Polygon","coordinates":[[[-84.525,34.025],[-84.475,34.025],[-84.475,34.075],[-84.525,34.075],[-84.525,34.025]]]}},{"type":"Feature","properties":{"layer":"TEMPO NO2","transport":"Westward","timePeriod":"08:00-10:00 EDT Eastward","NO2":2.70125294,"unit":"10^15 molecules cm^-2"},"geometry":{"type":"Polygon","coordinates":[[[-84.475,34.025],[-84.425,34.025],[-84.425,34.075],[-84.475,34.075],[-84.475,34.025]]]}},{"type":"Feature","properties":{"layer":"TEMPO NO2","transport":"Westward","timePeriod":"08:00-10:00 EDT Eastward","NO2":2.84896803,"unit":"10^15 molecules cm^-2"},"geometry":{"type":"Polygon","coordinates":[[[-84.425,34.025],[-84.375,34.025],[-84.375,34.075],[-84.425,34.075],[-84.425,34.025]]]}},{"type":"Feature","properties":{"layer":"TEMPO NO2","transport":"Westward","timePeriod":"08:00-10:00 EDT Eastward","NO2":2.8209846,"unit":"10^15 molecules cm^-2"},"geometry":{"type":"Polygon","coordinates":[[[-84.375,34.025],[-84.325,34.025],[-84.325,34.075],[-84.375,34.075],[-84.375,34.025]]]}},{"type":"Feature","properties":{"layer":"TEMPO NO2","transport":"Westward","timePeriod":"08:00-10:00 EDT Eastward","NO2":2.78189254,"unit":"10^15 molecules cm^-2"},"geometry":{"type":"Polygon","coordinates":[[[-84.325,34.025],[-84.275,34.025],[-84.275,34.075],[-84.325,34.075],[-84.325,34.025]]]}},{"type":"Feature","properties":{"layer":"TEMPO NO2","transport":"Westward","timePeriod":"08:00-10:00 EDT Eastward","NO2":2.76233768,"unit":"10^15 molecules cm^-2"},"geometry":{"type":"Polygon","coordinates":[[[-84.275,34.025],[-84.225,34.025],[-84.225,34.075],[-84.275,34.075],[-84.275,34.025]]]}},{"type":"Feature","properties":{"layer":"TEMPO NO2","transport":"Westward","timePeriod":"08:00-10:00 EDT Eastward","NO2":2.72991943,"unit":"10^15 molecules cm^-2"},"geometry":{"type":"Polygon","coordinates":[[[-84.225,34.025],[-84.175,34.025],[-84.175,34.075],[-84.225,34.075],[-84.225,34.025]]]}},{"type":"Feature","properties":{"layer":"TEMPO NO2","transport":"Westward","timePeriod":"08:00-10:00 EDT Eastward","NO2":2.66123581,"unit":"10^15 molecules cm^-2"},"geometry":{"type":"Polygon","coordinates":[[[-84.175,34.025],[-84.125,34.025],[-84.125,34.075],[-84.175,34.075],[-84.175,34.025]]]}},{"type":"Feature","properties":{"layer":"TEMPO NO2","transport":"Westward","timePeriod":"08:00-10:00 EDT Eastward","NO2":2.61309648,"unit":"10^15 molecules cm^-2"},"geometry":{"type":"Polygon","coordinates":[[[-84.125,34.025],[-84.075,34.025],[-84.075,34.075],[-84.125,34.075],[-84.125,34.025]]]}},{"type":"Feature","properties":{"layer":"TEMPO NO2","transport":"Westward","timePeriod":"08:00-10:00 EDT Eastward","NO2":2.69392729,"unit":"10^15 molecules cm^-2"},"geometry":{"type":"Polygon","coordinates":[[[-84.075,34.025],[-84.025,34.025],[-84.025,34.075],[-84.075,34.075],[-84.075,34.025]]]}},{"type":"Feature","properties":{"layer":"TEMPO NO2","transport":"Westward","timePeriod":"08:00-10:00 EDT Eastward","NO2":2.65595579,"unit":"10^15 molecules cm^-2"},"geometry":{"type":"Polygon","coordinates":[[[-84.025,34.025],[-83.975,34.025],[-83.975,34.075],[-84.025,34.075],[-84.025,34.025]]]}},{"type":"Feature","properties":{"layer":"TEMPO NO2","transport":"Westward","timePeriod":"08:00-10:00 EDT Eastward","NO2":2.73829,"unit":"10^15 molecules cm^-2"},"geometry":{"type":"Polygon","coordinates":[[[-83.975,34.025],[-83.925,34.025],[-83.925,34.075],[-83.975,34.075],[-83.975,34.025]]]}},{"type":"Feature","properties":{"layer":"TEMPO NO2","transport":"Westward","timePeriod":"08:00-10:00 EDT Eastward","NO2":2.728302,"unit":"10^15 molecules cm^-2"},"geometry":{"type":"Polygon","coordinates":[[[-83.925,34.025],[-83.875,34.025],[-83.875,34.075],[-83.925,34.075],[-83.925,34.025]]]}},{"type":"Feature","properties":{"layer":"TEMPO NO2","transport":"Westward","timePeriod":"08:00-10:00 EDT Eastward","NO2":2.73583937,"unit":"10^15 molecules cm^-2"},"geometry":{"type":"Polygon","coordinates":[[[-83.875,34.025],[-83.825,34.025],[-83.825,34.075],[-83.875,34.075],[-83.875,34.025]]]}},{"type":"Feature","properties":{"layer":"TEMPO NO2","transport":"Westward","timePeriod":"08:00-10:00 EDT Eastward","NO2":2.60675788,"unit":"10^15 molecules cm^-2"},"geometry":{"type":"Polygon","coordinates":[[[-83.825,34.025],[-83.775,34.025],[-83.775,34.075],[-83.825,34.075],[-83.825,34.025]]]}},{"type":"Feature","properties":{"layer":"TEMPO NO2","transport":"Westward","timePeriod":"08:00-10:00 EDT Eastward","NO2":1.97215033,"unit":"10^15 molecules cm^-2"},"geometry":{"type":"Polygon","coordinates":[[[-84.975,34.075],[-84.925,34.075],[-84.925,34.125],[-84.975,34.125],[-84.975,34.075]]]}},{"type":"Feature","properties":{"layer":"TEMPO NO2","transport":"Westward","timePeriod":"08:00-10:00 EDT Eastward","NO2":2.10195613,"unit":"10^15 molecules cm^-2"},"geometry":{"type":"Polygon","coordinates":[[[-84.925,34.075],[-84.875,34.075],[-84.875,34.125],[-84.925,34.125],[-84.925,34.075]]]}},{"type":"Feature","properties":{"layer":"TEMPO NO2","transport":"Westward","timePeriod":"08:00-10:00 EDT Eastward","NO2":2.22035694,"unit":"10^15 molecules cm^-2"},"geometry":{"type":"Polygon","coordinates":[[[-84.875,34.075],[-84.825,34.075],[-84.825,34.125],[-84.875,34.125],[-84.875,34.075]]]}},{"type":"Feature","properties":{"layer":"TEMPO NO2","transport":"Westward","timePeriod":"08:00-10:00 EDT Eastward","NO2":2.25702834,"unit":"10^15 molecules cm^-2"},"geometry":{"type":"Polygon","coordinates":[[[-84.825,34.075],[-84.775,34.075],[-84.775,34.125],[-84.825,34.125],[-84.825,34.075]]]}},{"type":"Feature","properties":{"layer":"TEMPO NO2","transport":"Westward","timePeriod":"08:00-10:00 EDT Eastward","NO2":2.40973043,"unit":"10^15 molecules cm^-2"},"geometry":{"type":"Polygon","coordinates":[[[-84.775,34.075],[-84.725,34.075],[-84.725,34.125],[-84.775,34.125],[-84.775,34.075]]]}},{"type":"Feature","properties":{"layer":"TEMPO NO2","transport":"Westward","timePeriod":"08:00-10:00 EDT Eastward","NO2":2.64230847,"unit":"10^15 molecules cm^-2"},"geometry":{"type":"Polygon","coordinates":[[[-84.725,34.075],[-84.675,34.075],[-84.675,34.125],[-84.725,34.125],[-84.725,34.075]]]}},{"type":"Feature","properties":{"layer":"TEMPO NO2","transport":"Westward","timePeriod":"08:00-10:00 EDT Eastward","NO2":2.64079452,"unit":"10^15 molecules cm^-2"},"geometry":{"type":"Polygon","coordinates":[[[-84.675,34.075],[-84.625,34.075],[-84.625,34.125],[-84.675,34.125],[-84.675,34.075]]]}},{"type":"Feature","properties":{"layer":"TEMPO NO2","transport":"Westward","timePeriod":"08:00-10:00 EDT Eastward","NO2":2.59948468,"unit":"10^15 molecules cm^-2"},"geometry":{"type":"Polygon","coordinates":[[[-84.625,34.075],[-84.575,34.075],[-84.575,34.125],[-84.625,34.125],[-84.625,34.075]]]}},{"type":"Feature","properties":{"layer":"TEMPO NO2","transport":"Westward","timePeriod":"08:00-10:00 EDT Eastward","NO2":2.41908503,"unit":"10^15 molecules cm^-2"},"geometry":{"type":"Polygon","coordinates":[[[-84.575,34.075],[-84.525,34.075],[-84.525,34.125],[-84.575,34.125],[-84.575,34.075]]]}},{"type":"Feature","properties":{"layer":"TEMPO NO2","transport":"Westward","timePeriod":"08:00-10:00 EDT Eastward","NO2":2.64924479,"unit":"10^15 molecules cm^-2"},"geometry":{"type":"Polygon","coordinates":[[[-84.525,34.075],[-84.475,34.075],[-84.475,34.125],[-84.525,34.125],[-84.525,34.075]]]}},{"type":"Feature","properties":{"layer":"TEMPO NO2","transport":"Westward","timePeriod":"08:00-10:00 EDT Eastward","NO2":2.58418202,"unit":"10^15 molecules cm^-2"},"geometry":{"type":"Polygon","coordinates":[[[-84.475,34.075],[-84.425,34.075],[-84.425,34.125],[-84.475,34.125],[-84.475,34.075]]]}},{"type":"Feature","properties":{"layer":"TEMPO NO2","transport":"Westward","timePeriod":"08:00-10:00 EDT Eastward","NO2":2.61015677,"unit":"10^15 molecules cm^-2"},"geometry":{"type":"Polygon","coordinates":[[[-84.425,34.075],[-84.375,34.075],[-84.375,34.125],[-84.425,34.125],[-84.425,34.075]]]}},{"type":"Feature","properties":{"layer":"TEMPO NO2","transport":"Westward","timePeriod":"08:00-10:00 EDT Eastward","NO2":2.64903259,"unit":"10^15 molecules cm^-2"},"geometry":{"type":"Polygon","coordinates":[[[-84.375,34.075],[-84.325,34.075],[-84.325,34.125],[-84.375,34.125],[-84.375,34.075]]]}},{"type":"Feature","properties":{"layer":"TEMPO NO2","transport":"Westward","timePeriod":"08:00-10:00 EDT Eastward","NO2":2.69921255,"unit":"10^15 molecules cm^-2"},"geometry":{"type":"Polygon","coordinates":[[[-84.325,34.075],[-84.275,34.075],[-84.275,34.125],[-84.325,34.125],[-84.325,34.075]]]}},{"type":"Feature","properties":{"layer":"TEMPO NO2","transport":"Westward","timePeriod":"08:00-10:00 EDT Eastward","NO2":2.78326106,"unit":"10^15 molecules cm^-2"},"geometry":{"type":"Polygon","coordinates":[[[-84.275,34.075],[-84.225,34.075],[-84.225,34.125],[-84.275,34.125],[-84.275,34.075]]]}},{"type":"Feature","properties":{"layer":"TEMPO NO2","transport":"Westward","timePeriod":"08:00-10:00 EDT Eastward","NO2":2.75434303,"unit":"10^15 molecules cm^-2"},"geometry":{"type":"Polygon","coordinates":[[[-84.225,34.075],[-84.175,34.075],[-84.175,34.125],[-84.225,34.125],[-84.225,34.075]]]}},{"type":"Feature","properties":{"layer":"TEMPO NO2","transport":"Westward","timePeriod":"08:00-10:00 EDT Eastward","NO2":2.58965325,"unit":"10^15 molecules cm^-2"},"geometry":{"type":"Polygon","coordinates":[[[-84.175,34.075],[-84.125,34.075],[-84.125,34.125],[-84.175,34.125],[-84.175,34.075]]]}},{"type":"Feature","properties":{"layer":"TEMPO NO2","transport":"Westward","timePeriod":"08:00-10:00 EDT Eastward","NO2":2.62199712,"unit":"10^15 molecules cm^-2"},"geometry":{"type":"Polygon","coordinates":[[[-84.125,34.075],[-84.075,34.075],[-84.075,34.125],[-84.125,34.125],[-84.125,34.075]]]}},{"type":"Feature","properties":{"layer":"TEMPO NO2","transport":"Westward","timePeriod":"08:00-10:00 EDT Eastward","NO2":2.64953089,"unit":"10^15 molecules cm^-2"},"geometry":{"type":"Polygon","coordinates":[[[-84.075,34.075],[-84.025,34.075],[-84.025,34.125],[-84.075,34.125],[-84.075,34.075]]]}},{"type":"Feature","properties":{"layer":"TEMPO NO2","transport":"Westward","timePeriod":"08:00-10:00 EDT Eastward","NO2":2.69885421,"unit":"10^15 molecules cm^-2"},"geometry":{"type":"Polygon","coordinates":[[[-84.025,34.075],[-83.975,34.075],[-83.975,34.125],[-84.025,34.125],[-84.025,34.075]]]}},{"type":"Feature","properties":{"layer":"TEMPO NO2","transport":"Westward","timePeriod":"08:00-10:00 EDT Eastward","NO2":2.69849825,"unit":"10^15 molecules cm^-2"},"geometry":{"type":"Polygon","coordinates":[[[-83.975,34.075],[-83.925,34.075],[-83.925,34.125],[-83.975,34.125],[-83.975,34.075]]]}},{"type":"Feature","properties":{"layer":"TEMPO NO2","transport":"Westward","timePeriod":"08:00-10:00 EDT Eastward","NO2":2.76754379,"unit":"10^15 molecules cm^-2"},"geometry":{"type":"Polygon","coordinates":[[[-83.925,34.075],[-83.875,34.075],[-83.875,34.125],[-83.925,34.125],[-83.925,34.075]]]}},{"type":"Feature","properties":{"layer":"TEMPO NO2","transport":"Westward","timePeriod":"08:00-10:00 EDT Eastward","NO2":2.72228742,"unit":"10^15 molecules cm^-2"},"geometry":{"type":"Polygon","coordinates":[[[-83.875,34.075],[-83.825,34.075],[-83.825,34.125],[-83.875,34.125],[-83.875,34.075]]]}},{"type":"Feature","properties":{"layer":"TEMPO NO2","transport":"Westward","timePeriod":"08:00-10:00 EDT Eastward","NO2":2.42509103,"unit":"10^15 molecules cm^-2"},"geometry":{"type":"Polygon","coordinates":[[[-83.825,34.075],[-83.775,34.075],[-83.775,34.125],[-83.825,34.125],[-83.825,34.075]]]}},{"type":"Feature","properties":{"layer":"TEMPO NO2","transport":"Westward","timePeriod":"08:00-10:00 EDT Eastward","NO2":2.07268381,"unit":"10^15 molecules cm^-2"},"geometry":{"type":"Polygon","coordinates":[[[-84.975,34.125],[-84.925,34.125],[-84.925,34.175],[-84.975,34.175],[-84.975,34.125]]]}},{"type":"Feature","properties":{"layer":"TEMPO NO2","transport":"Westward","timePeriod":"08:00-10:00 EDT Eastward","NO2":2.42841744,"unit":"10^15 molecules cm^-2"},"geometry":{"type":"Polygon","coordinates":[[[-84.925,34.125],[-84.875,34.125],[-84.875,34.175],[-84.925,34.175],[-84.925,34.125]]]}},{"type":"Feature","properties":{"layer":"TEMPO NO2","transport":"Westward","timePeriod":"08:00-10:00 EDT Eastward","NO2":2.55885673,"unit":"10^15 molecules cm^-2"},"geometry":{"type":"Polygon","coordinates":[[[-84.875,34.125],[-84.825,34.125],[-84.825,34.175],[-84.875,34.175],[-84.875,34.125]]]}},{"type":"Feature","properties":{"layer":"TEMPO NO2","transport":"Westward","timePeriod":"08:00-10:00 EDT Eastward","NO2":2.50190187,"unit":"10^15 molecules cm^-2"},"geometry":{"type":"Polygon","coordinates":[[[-84.825,34.125],[-84.775,34.125],[-84.775,34.175],[-84.825,34.175],[-84.825,34.125]]]}},{"type":"Feature","properties":{"layer":"TEMPO NO2","transport":"Westward","timePeriod":"08:00-10:00 EDT Eastward","NO2":2.51466131,"unit":"10^15 molecules cm^-2"},"geometry":{"type":"Polygon","coordinates":[[[-84.775,34.125],[-84.725,34.125],[-84.725,34.175],[-84.775,34.175],[-84.775,34.125]]]}},{"type":"Feature","properties":{"layer":"TEMPO NO2","transport":"Westward","timePeriod":"08:00-10:00 EDT Eastward","NO2":2.50421429,"unit":"10^15 molecules cm^-2"},"geometry":{"type":"Polygon","coordinates":[[[-84.725,34.125],[-84.675,34.125],[-84.675,34.175],[-84.725,34.175],[-84.725,34.125]]]}},{"type":"Feature","properties":{"layer":"TEMPO NO2","transport":"Westward","timePeriod":"08:00-10:00 EDT Eastward","NO2":2.34701633,"unit":"10^15 molecules cm^-2"},"geometry":{"type":"Polygon","coordinates":[[[-84.675,34.125],[-84.625,34.125],[-84.625,34.175],[-84.675,34.175],[-84.675,34.125]]]}},{"type":"Feature","properties":{"layer":"TEMPO NO2","transport":"Westward","timePeriod":"08:00-10:00 EDT Eastward","NO2":2.47063208,"unit":"10^15 molecules cm^-2"},"geometry":{"type":"Polygon","coordinates":[[[-84.625,34.125],[-84.575,34.125],[-84.575,34.175],[-84.625,34.175],[-84.625,34.125]]]}},{"type":"Feature","properties":{"layer":"TEMPO NO2","transport":"Westward","timePeriod":"08:00-10:00 EDT Eastward","NO2":2.47200727,"unit":"10^15 molecules cm^-2"},"geometry":{"type":"Polygon","coordinates":[[[-84.575,34.125],[-84.525,34.125],[-84.525,34.175],[-84.575,34.175],[-84.575,34.125]]]}},{"type":"Feature","properties":{"layer":"TEMPO NO2","transport":"Westward","timePeriod":"08:00-10:00 EDT Eastward","NO2":2.58193827,"unit":"10^15 molecules cm^-2"},"geometry":{"type":"Polygon","coordinates":[[[-84.525,34.125],[-84.475,34.125],[-84.475,34.175],[-84.525,34.175],[-84.525,34.125]]]}},{"type":"Feature","properties":{"layer":"TEMPO NO2","transport":"Westward","timePeriod":"08:00-10:00 EDT Eastward","NO2":2.60429692,"unit":"10^15 molecules cm^-2"},"geometry":{"type":"Polygon","coordinates":[[[-84.475,34.125],[-84.425,34.125],[-84.425,34.175],[-84.475,34.175],[-84.475,34.125]]]}},{"type":"Feature","properties":{"layer":"TEMPO NO2","transport":"Westward","timePeriod":"08:00-10:00 EDT Eastward","NO2":2.56723905,"unit":"10^15 molecules cm^-2"},"geometry":{"type":"Polygon","coordinates":[[[-84.425,34.125],[-84.375,34.125],[-84.375,34.175],[-84.425,34.175],[-84.425,34.125]]]}},{"type":"Feature","properties":{"layer":"TEMPO NO2","transport":"Westward","timePeriod":"08:00-10:00 EDT Eastward","NO2":2.47631335,"unit":"10^15 molecules cm^-2"},"geometry":{"type":"Polygon","coordinates":[[[-84.375,34.125],[-84.325,34.125],[-84.325,34.175],[-84.375,34.175],[-84.375,34.125]]]}},{"type":"Feature","properties":{"layer":"TEMPO NO2","transport":"Westward","timePeriod":"08:00-10:00 EDT Eastward","NO2":2.36188197,"unit":"10^15 molecules cm^-2"},"geometry":{"type":"Polygon","coordinates":[[[-84.325,34.125],[-84.275,34.125],[-84.275,34.175],[-84.325,34.175],[-84.325,34.125]]]}},{"type":"Feature","properties":{"layer":"TEMPO NO2","transport":"Westward","timePeriod":"08:00-10:00 EDT Eastward","NO2":2.44925094,"unit":"10^15 molecules cm^-2"},"geometry":{"type":"Polygon","coordinates":[[[-84.275,34.125],[-84.225,34.125],[-84.225,34.175],[-84.275,34.175],[-84.275,34.125]]]}},{"type":"Feature","properties":{"layer":"TEMPO NO2","transport":"Westward","timePeriod":"08:00-10:00 EDT Eastward","NO2":2.56383801,"unit":"10^15 molecules cm^-2"},"geometry":{"type":"Polygon","coordinates":[[[-84.225,34.125],[-84.175,34.125],[-84.175,34.175],[-84.225,34.175],[-84.225,34.125]]]}},{"type":"Feature","properties":{"layer":"TEMPO NO2","transport":"Westward","timePeriod":"08:00-10:00 EDT Eastward","NO2":2.41151524,"unit":"10^15 molecules cm^-2"},"geometry":{"type":"Polygon","coordinates":[[[-84.175,34.125],[-84.125,34.125],[-84.125,34.175],[-84.175,34.175],[-84.175,34.125]]]}},{"type":"Feature","properties":{"layer":"TEMPO NO2","transport":"Westward","timePeriod":"08:00-10:00 EDT Eastward","NO2":2.3363266,"unit":"10^15 molecules cm^-2"},"geometry":{"type":"Polygon","coordinates":[[[-84.125,34.125],[-84.075,34.125],[-84.075,34.175],[-84.125,34.175],[-84.125,34.125]]]}},{"type":"Feature","properties":{"layer":"TEMPO NO2","transport":"Westward","timePeriod":"08:00-10:00 EDT Eastward","NO2":2.31722832,"unit":"10^15 molecules cm^-2"},"geometry":{"type":"Polygon","coordinates":[[[-84.075,34.125],[-84.025,34.125],[-84.025,34.175],[-84.075,34.175],[-84.075,34.125]]]}},{"type":"Feature","properties":{"layer":"TEMPO NO2","transport":"Westward","timePeriod":"08:00-10:00 EDT Eastward","NO2":2.54345083,"unit":"10^15 molecules cm^-2"},"geometry":{"type":"Polygon","coordinates":[[[-84.025,34.125],[-83.975,34.125],[-83.975,34.175],[-84.025,34.175],[-84.025,34.125]]]}},{"type":"Feature","properties":{"layer":"TEMPO NO2","transport":"Westward","timePeriod":"08:00-10:00 EDT Eastward","NO2":2.30044866,"unit":"10^15 molecules cm^-2"},"geometry":{"type":"Polygon","coordinates":[[[-83.975,34.125],[-83.925,34.125],[-83.925,34.175],[-83.975,34.175],[-83.975,34.125]]]}},{"type":"Feature","properties":{"layer":"TEMPO NO2","transport":"Westward","timePeriod":"08:00-10:00 EDT Eastward","NO2":2.25113,"unit":"10^15 molecules cm^-2"},"geometry":{"type":"Polygon","coordinates":[[[-83.925,34.125],[-83.875,34.125],[-83.875,34.175],[-83.925,34.175],[-83.925,34.125]]]}},{"type":"Feature","properties":{"layer":"TEMPO NO2","transport":"Westward","timePeriod":"08:00-10:00 EDT Eastward","NO2":2.36677957,"unit":"10^15 molecules cm^-2"},"geometry":{"type":"Polygon","coordinates":[[[-83.875,34.125],[-83.825,34.125],[-83.825,34.175],[-83.875,34.175],[-83.875,34.125]]]}},{"type":"Feature","properties":{"layer":"TEMPO NO2","transport":"Westward","timePeriod":"08:00-10:00 EDT Eastward","NO2":2.51372027,"unit":"10^15 molecules cm^-2"},"geometry":{"type":"Polygon","coordinates":[[[-83.825,34.125],[-83.775,34.125],[-83.775,34.175],[-83.825,34.175],[-83.825,34.125]]]}},{"type":"Feature","properties":{"layer":"TEMPO NO2","transport":"Westward","timePeriod":"08:00-10:00 EDT Eastward","NO2":1.97692275,"unit":"10^15 molecules cm^-2"},"geometry":{"type":"Polygon","coordinates":[[[-84.975,34.175],[-84.925,34.175],[-84.925,34.225],[-84.975,34.225],[-84.975,34.175]]]}},{"type":"Feature","properties":{"layer":"TEMPO NO2","transport":"Westward","timePeriod":"08:00-10:00 EDT Eastward","NO2":2.11854863,"unit":"10^15 molecules cm^-2"},"geometry":{"type":"Polygon","coordinates":[[[-84.925,34.175],[-84.875,34.175],[-84.875,34.225],[-84.925,34.225],[-84.925,34.175]]]}},{"type":"Feature","properties":{"layer":"TEMPO NO2","transport":"Westward","timePeriod":"08:00-10:00 EDT Eastward","NO2":2.30009055,"unit":"10^15 molecules cm^-2"},"geometry":{"type":"Polygon","coordinates":[[[-84.875,34.175],[-84.825,34.175],[-84.825,34.225],[-84.875,34.225],[-84.875,34.175]]]}},{"type":"Feature","properties":{"layer":"TEMPO NO2","transport":"Westward","timePeriod":"08:00-10:00 EDT Eastward","NO2":2.45654273,"unit":"10^15 molecules cm^-2"},"geometry":{"type":"Polygon","coordinates":[[[-84.825,34.175],[-84.775,34.175],[-84.775,34.225],[-84.825,34.225],[-84.825,34.175]]]}},{"type":"Feature","properties":{"layer":"TEMPO NO2","transport":"Westward","timePeriod":"08:00-10:00 EDT Eastward","NO2":2.20990372,"unit":"10^15 molecules cm^-2"},"geometry":{"type":"Polygon","coordinates":[[[-84.775,34.175],[-84.725,34.175],[-84.725,34.225],[-84.775,34.225],[-84.775,34.175]]]}},{"type":"Feature","properties":{"layer":"TEMPO NO2","transport":"Westward","timePeriod":"08:00-10:00 EDT Eastward","NO2":2.16409349,"unit":"10^15 molecules cm^-2"},"geometry":{"type":"Polygon","coordinates":[[[-84.725,34.175],[-84.675,34.175],[-84.675,34.225],[-84.725,34.225],[-84.725,34.175]]]}},{"type":"Feature","properties":{"layer":"TEMPO NO2","transport":"Westward","timePeriod":"08:00-10:00 EDT Eastward","NO2":2.2434113,"unit":"10^15 molecules cm^-2"},"geometry":{"type":"Polygon","coordinates":[[[-84.675,34.175],[-84.625,34.175],[-84.625,34.225],[-84.675,34.225],[-84.675,34.175]]]}},{"type":"Feature","properties":{"layer":"TEMPO NO2","transport":"Westward","timePeriod":"08:00-10:00 EDT Eastward","NO2":2.26792693,"unit":"10^15 molecules cm^-2"},"geometry":{"type":"Polygon","coordinates":[[[-84.625,34.175],[-84.575,34.175],[-84.575,34.225],[-84.625,34.225],[-84.625,34.175]]]}},{"type":"Feature","properties":{"layer":"TEMPO NO2","transport":"Westward","timePeriod":"08:00-10:00 EDT Eastward","NO2":2.25732279,"unit":"10^15 molecules cm^-2"},"geometry":{"type":"Polygon","coordinates":[[[-84.575,34.175],[-84.525,34.175],[-84.525,34.225],[-84.575,34.225],[-84.575,34.175]]]}},{"type":"Feature","properties":{"layer":"TEMPO NO2","transport":"Westward","timePeriod":"08:00-10:00 EDT Eastward","NO2":2.26090837,"unit":"10^15 molecules cm^-2"},"geometry":{"type":"Polygon","coordinates":[[[-84.525,34.175],[-84.475,34.175],[-84.475,34.225],[-84.525,34.225],[-84.525,34.175]]]}},{"type":"Feature","properties":{"layer":"TEMPO NO2","transport":"Westward","timePeriod":"08:00-10:00 EDT Eastward","NO2":2.16208339,"unit":"10^15 molecules cm^-2"},"geometry":{"type":"Polygon","coordinates":[[[-84.475,34.175],[-84.425,34.175],[-84.425,34.225],[-84.475,34.225],[-84.475,34.175]]]}},{"type":"Feature","properties":{"layer":"TEMPO NO2","transport":"Westward","timePeriod":"08:00-10:00 EDT Eastward","NO2":2.26587844,"unit":"10^15 molecules cm^-2"},"geometry":{"type":"Polygon","coordinates":[[[-84.425,34.175],[-84.375,34.175],[-84.375,34.225],[-84.425,34.225],[-84.425,34.175]]]}},{"type":"Feature","properties":{"layer":"TEMPO NO2","transport":"Westward","timePeriod":"08:00-10:00 EDT Eastward","NO2":2.12533927,"unit":"10^15 molecules cm^-2"},"geometry":{"type":"Polygon","coordinates":[[[-84.375,34.175],[-84.325,34.175],[-84.325,34.225],[-84.375,34.225],[-84.375,34.175]]]}},{"type":"Feature","properties":{"layer":"TEMPO NO2","transport":"Westward","timePeriod":"08:00-10:00 EDT Eastward","NO2":1.91591215,"unit":"10^15 molecules cm^-2"},"geometry":{"type":"Polygon","coordinates":[[[-84.325,34.175],[-84.275,34.175],[-84.275,34.225],[-84.325,34.225],[-84.325,34.175]]]}},{"type":"Feature","properties":{"layer":"TEMPO NO2","transport":"Westward","timePeriod":"08:00-10:00 EDT Eastward","NO2":2.0602417,"unit":"10^15 molecules cm^-2"},"geometry":{"type":"Polygon","coordinates":[[[-84.275,34.175],[-84.225,34.175],[-84.225,34.225],[-84.275,34.225],[-84.275,34.175]]]}},{"type":"Feature","properties":{"layer":"TEMPO NO2","transport":"Westward","timePeriod":"08:00-10:00 EDT Eastward","NO2":2.17396307,"unit":"10^15 molecules cm^-2"},"geometry":{"type":"Polygon","coordinates":[[[-84.225,34.175],[-84.175,34.175],[-84.175,34.225],[-84.225,34.225],[-84.225,34.175]]]}},{"type":"Feature","properties":{"layer":"TEMPO NO2","transport":"Westward","timePeriod":"08:00-10:00 EDT Eastward","NO2":2.16374207,"unit":"10^15 molecules cm^-2"},"geometry":{"type":"Polygon","coordinates":[[[-84.175,34.175],[-84.125,34.175],[-84.125,34.225],[-84.175,34.225],[-84.175,34.175]]]}},{"type":"Feature","properties":{"layer":"TEMPO NO2","transport":"Westward","timePeriod":"08:00-10:00 EDT Eastward","NO2":2.04762864,"unit":"10^15 molecules cm^-2"},"geometry":{"type":"Polygon","coordinates":[[[-84.125,34.175],[-84.075,34.175],[-84.075,34.225],[-84.125,34.225],[-84.125,34.175]]]}},{"type":"Feature","properties":{"layer":"TEMPO NO2","transport":"Westward","timePeriod":"08:00-10:00 EDT Eastward","NO2":2.13736463,"unit":"10^15 molecules cm^-2"},"geometry":{"type":"Polygon","coordinates":[[[-84.075,34.175],[-84.025,34.175],[-84.025,34.225],[-84.075,34.225],[-84.075,34.175]]]}},{"type":"Feature","properties":{"layer":"TEMPO NO2","transport":"Westward","timePeriod":"08:00-10:00 EDT Eastward","NO2":2.18710279,"unit":"10^15 molecules cm^-2"},"geometry":{"type":"Polygon","coordinates":[[[-84.025,34.175],[-83.975,34.175],[-83.975,34.225],[-84.025,34.225],[-84.025,34.175]]]}},{"type":"Feature","properties":{"layer":"TEMPO NO2","transport":"Westward","timePeriod":"08:00-10:00 EDT Eastward","NO2":2.09153605,"unit":"10^15 molecules cm^-2"},"geometry":{"type":"Polygon","coordinates":[[[-83.975,34.175],[-83.925,34.175],[-83.925,34.225],[-83.975,34.225],[-83.975,34.175]]]}},{"type":"Feature","properties":{"layer":"TEMPO NO2","transport":"Westward","timePeriod":"08:00-10:00 EDT Eastward","NO2":2.18088961,"unit":"10^15 molecules cm^-2"},"geometry":{"type":"Polygon","coordinates":[[[-83.925,34.175],[-83.875,34.175],[-83.875,34.225],[-83.925,34.225],[-83.925,34.175]]]}},{"type":"Feature","properties":{"layer":"TEMPO NO2","transport":"Westward","timePeriod":"08:00-10:00 EDT Eastward","NO2":2.16438365,"unit":"10^15 molecules cm^-2"},"geometry":{"type":"Polygon","coordinates":[[[-83.875,34.175],[-83.825,34.175],[-83.825,34.225],[-83.875,34.225],[-83.875,34.175]]]}},{"type":"Feature","properties":{"layer":"TEMPO NO2","transport":"Westward","timePeriod":"08:00-10:00 EDT Eastward","NO2":2.1489141,"unit":"10^15 molecules cm^-2"},"geometry":{"type":"Polygon","coordinates":[[[-83.825,34.175],[-83.775,34.175],[-83.775,34.225],[-83.825,34.225],[-83.825,34.175]]]}},{"type":"Feature","properties":{"layer":"TEMPO NO2","transport":"Westward","timePeriod":"08:00-10:00 EDT Eastward","NO2":2.07568336,"unit":"10^15 molecules cm^-2"},"geometry":{"type":"Polygon","coordinates":[[[-84.975,34.225],[-84.925,34.225],[-84.925,34.275],[-84.975,34.275],[-84.975,34.225]]]}},{"type":"Feature","properties":{"layer":"TEMPO NO2","transport":"Westward","timePeriod":"08:00-10:00 EDT Eastward","NO2":2.18094373,"unit":"10^15 molecules cm^-2"},"geometry":{"type":"Polygon","coordinates":[[[-84.925,34.225],[-84.875,34.225],[-84.875,34.275],[-84.925,34.275],[-84.925,34.225]]]}},{"type":"Feature","properties":{"layer":"TEMPO NO2","transport":"Westward","timePeriod":"08:00-10:00 EDT Eastward","NO2":2.16710067,"unit":"10^15 molecules cm^-2"},"geometry":{"type":"Polygon","coordinates":[[[-84.875,34.225],[-84.825,34.225],[-84.825,34.275],[-84.875,34.275],[-84.875,34.225]]]}},{"type":"Feature","properties":{"layer":"TEMPO NO2","transport":"Westward","timePeriod":"08:00-10:00 EDT Eastward","NO2":2.18529558,"unit":"10^15 molecules cm^-2"},"geometry":{"type":"Polygon","coordinates":[[[-84.825,34.225],[-84.775,34.225],[-84.775,34.275],[-84.825,34.275],[-84.825,34.225]]]}},{"type":"Feature","properties":{"layer":"TEMPO NO2","transport":"Westward","timePeriod":"08:00-10:00 EDT Eastward","NO2":2.21435142,"unit":"10^15 molecules cm^-2"},"geometry":{"type":"Polygon","coordinates":[[[-84.775,34.225],[-84.725,34.225],[-84.725,34.275],[-84.775,34.275],[-84.775,34.225]]]}},{"type":"Feature","properties":{"layer":"TEMPO NO2","transport":"Westward","timePeriod":"08:00-10:00 EDT Eastward","NO2":2.34205437,"unit":"10^15 molecules cm^-2"},"geometry":{"type":"Polygon","coordinates":[[[-84.725,34.225],[-84.675,34.225],[-84.675,34.275],[-84.725,34.275],[-84.725,34.225]]]}},{"type":"Feature","properties":{"layer":"TEMPO NO2","transport":"Westward","timePeriod":"08:00-10:00 EDT Eastward","NO2":2.11539197,"unit":"10^15 molecules cm^-2"},"geometry":{"type":"Polygon","coordinates":[[[-84.675,34.225],[-84.625,34.225],[-84.625,34.275],[-84.675,34.275],[-84.675,34.225]]]}},{"type":"Feature","properties":{"layer":"TEMPO NO2","transport":"Westward","timePeriod":"08:00-10:00 EDT Eastward","NO2":2.03325701,"unit":"10^15 molecules cm^-2"},"geometry":{"type":"Polygon","coordinates":[[[-84.625,34.225],[-84.575,34.225],[-84.575,34.275],[-84.625,34.275],[-84.625,34.225]]]}},{"type":"Feature","properties":{"layer":"TEMPO NO2","transport":"Westward","timePeriod":"08:00-10:00 EDT Eastward","NO2":1.98016036,"unit":"10^15 molecules cm^-2"},"geometry":{"type":"Polygon","coordinates":[[[-84.575,34.225],[-84.525,34.225],[-84.525,34.275],[-84.575,34.275],[-84.575,34.225]]]}},{"type":"Feature","properties":{"layer":"TEMPO NO2","transport":"Westward","timePeriod":"08:00-10:00 EDT Eastward","NO2":2.2097137,"unit":"10^15 molecules cm^-2"},"geometry":{"type":"Polygon","coordinates":[[[-84.525,34.225],[-84.475,34.225],[-84.475,34.275],[-84.525,34.275],[-84.525,34.225]]]}},{"type":"Feature","properties":{"layer":"TEMPO NO2","transport":"Westward","timePeriod":"08:00-10:00 EDT Eastward","NO2":2.12622285,"unit":"10^15 molecules cm^-2"},"geometry":{"type":"Polygon","coordinates":[[[-84.475,34.225],[-84.425,34.225],[-84.425,34.275],[-84.475,34.275],[-84.475,34.225]]]}},{"type":"Feature","properties":{"layer":"TEMPO NO2","transport":"Westward","timePeriod":"08:00-10:00 EDT Eastward","NO2":2.03573442,"unit":"10^15 molecules cm^-2"},"geometry":{"type":"Polygon","coordinates":[[[-84.425,34.225],[-84.375,34.225],[-84.375,34.275],[-84.425,34.275],[-84.425,34.225]]]}},{"type":"Feature","properties":{"layer":"TEMPO NO2","transport":"Westward","timePeriod":"08:00-10:00 EDT Eastward","NO2":2.03076935,"unit":"10^15 molecules cm^-2"},"geometry":{"type":"Polygon","coordinates":[[[-84.375,34.225],[-84.325,34.225],[-84.325,34.275],[-84.375,34.275],[-84.375,34.225]]]}},{"type":"Feature","properties":{"layer":"TEMPO NO2","transport":"Westward","timePeriod":"08:00-10:00 EDT Eastward","NO2":1.96996546,"unit":"10^15 molecules cm^-2"},"geometry":{"type":"Polygon","coordinates":[[[-84.325,34.225],[-84.275,34.225],[-84.275,34.275],[-84.325,34.275],[-84.325,34.225]]]}},{"type":"Feature","properties":{"layer":"TEMPO NO2","transport":"Westward","timePeriod":"08:00-10:00 EDT Eastward","NO2":1.92505038,"unit":"10^15 molecules cm^-2"},"geometry":{"type":"Polygon","coordinates":[[[-84.275,34.225],[-84.225,34.225],[-84.225,34.275],[-84.275,34.275],[-84.275,34.225]]]}},{"type":"Feature","properties":{"layer":"TEMPO NO2","transport":"Westward","timePeriod":"08:00-10:00 EDT Eastward","NO2":1.99776161,"unit":"10^15 molecules cm^-2"},"geometry":{"type":"Polygon","coordinates":[[[-84.225,34.225],[-84.175,34.225],[-84.175,34.275],[-84.225,34.275],[-84.225,34.225]]]}},{"type":"Feature","properties":{"layer":"TEMPO NO2","transport":"Westward","timePeriod":"08:00-10:00 EDT Eastward","NO2":2.00254,"unit":"10^15 molecules cm^-2"},"geometry":{"type":"Polygon","coordinates":[[[-84.175,34.225],[-84.125,34.225],[-84.125,34.275],[-84.175,34.275],[-84.175,34.225]]]}},{"type":"Feature","properties":{"layer":"TEMPO NO2","transport":"Westward","timePeriod":"08:00-10:00 EDT Eastward","NO2":2.05990458,"unit":"10^15 molecules cm^-2"},"geometry":{"type":"Polygon","coordinates":[[[-84.125,34.225],[-84.075,34.225],[-84.075,34.275],[-84.125,34.275],[-84.125,34.225]]]}},{"type":"Feature","properties":{"layer":"TEMPO NO2","transport":"Westward","timePeriod":"08:00-10:00 EDT Eastward","NO2":2.0102241,"unit":"10^15 molecules cm^-2"},"geometry":{"type":"Polygon","coordinates":[[[-84.075,34.225],[-84.025,34.225],[-84.025,34.275],[-84.075,34.275],[-84.075,34.225]]]}},{"type":"Feature","properties":{"layer":"TEMPO NO2","transport":"Westward","timePeriod":"08:00-10:00 EDT Eastward","NO2":2.09248638,"unit":"10^15 molecules cm^-2"},"geometry":{"type":"Polygon","coordinates":[[[-84.025,34.225],[-83.975,34.225],[-83.975,34.275],[-84.025,34.275],[-84.025,34.225]]]}},{"type":"Feature","properties":{"layer":"TEMPO NO2","transport":"Westward","timePeriod":"08:00-10:00 EDT Eastward","NO2":1.90291345,"unit":"10^15 molecules cm^-2"},"geometry":{"type":"Polygon","coordinates":[[[-83.975,34.225],[-83.925,34.225],[-83.925,34.275],[-83.975,34.275],[-83.975,34.225]]]}},{"type":"Feature","properties":{"layer":"TEMPO NO2","transport":"Westward","timePeriod":"08:00-10:00 EDT Eastward","NO2":2.14304161,"unit":"10^15 molecules cm^-2"},"geometry":{"type":"Polygon","coordinates":[[[-83.925,34.225],[-83.875,34.225],[-83.875,34.275],[-83.925,34.275],[-83.925,34.225]]]}},{"type":"Feature","properties":{"layer":"TEMPO NO2","transport":"Westward","timePeriod":"08:00-10:00 EDT Eastward","NO2":1.97251987,"unit":"10^15 molecules cm^-2"},"geometry":{"type":"Polygon","coordinates":[[[-83.875,34.225],[-83.825,34.225],[-83.825,34.275],[-83.875,34.275],[-83.875,34.225]]]}},{"type":"Feature","properties":{"layer":"TEMPO NO2","transport":"Westward","timePeriod":"08:00-10:00 EDT Eastward","NO2":2.03714705,"unit":"10^15 molecules cm^-2"},"geometry":{"type":"Polygon","coordinates":[[[-83.825,34.225],[-83.775,34.225],[-83.775,34.275],[-83.825,34.275],[-83.825,34.225]]]}},{"type":"Feature","properties":{"layer":"TEMPO NO2","transport":"Westward","timePeriod":"08:00-10:00 EDT Eastward","NO2":2.10088944,"unit":"10^15 molecules cm^-2"},"geometry":{"type":"Polygon","coordinates":[[[-84.975,34.275],[-84.925,34.275],[-84.925,34.325],[-84.975,34.325],[-84.975,34.275]]]}},{"type":"Feature","properties":{"layer":"TEMPO NO2","transport":"Westward","timePeriod":"08:00-10:00 EDT Eastward","NO2":2.17259622,"unit":"10^15 molecules cm^-2"},"geometry":{"type":"Polygon","coordinates":[[[-84.925,34.275],[-84.875,34.275],[-84.875,34.325],[-84.925,34.325],[-84.925,34.275]]]}},{"type":"Feature","properties":{"layer":"TEMPO NO2","transport":"Westward","timePeriod":"08:00-10:00 EDT Eastward","NO2":2.28207016,"unit":"10^15 molecules cm^-2"},"geometry":{"type":"Polygon","coordinates":[[[-84.875,34.275],[-84.825,34.275],[-84.825,34.325],[-84.875,34.325],[-84.875,34.275]]]}},{"type":"Feature","properties":{"layer":"TEMPO NO2","transport":"Westward","timePeriod":"08:00-10:00 EDT Eastward","NO2":2.48502088,"unit":"10^15 molecules cm^-2"},"geometry":{"type":"Polygon","coordinates":[[[-84.825,34.275],[-84.775,34.275],[-84.775,34.325],[-84.825,34.325],[-84.825,34.275]]]}},{"type":"Feature","properties":{"layer":"TEMPO NO2","transport":"Westward","timePeriod":"08:00-10:00 EDT Eastward","NO2":2.19408226,"unit":"10^15 molecules cm^-2"},"geometry":{"type":"Polygon","coordinates":[[[-84.775,34.275],[-84.725,34.275],[-84.725,34.325],[-84.775,34.325],[-84.775,34.275]]]}},{"type":"Feature","properties":{"layer":"TEMPO NO2","transport":"Westward","timePeriod":"08:00-10:00 EDT Eastward","NO2":2.15497518,"unit":"10^15 molecules cm^-2"},"geometry":{"type":"Polygon","coordinates":[[[-84.725,34.275],[-84.675,34.275],[-84.675,34.325],[-84.725,34.325],[-84.725,34.275]]]}},{"type":"Feature","properties":{"layer":"TEMPO NO2","transport":"Westward","timePeriod":"08:00-10:00 EDT Eastward","NO2":2.11770844,"unit":"10^15 molecules cm^-2"},"geometry":{"type":"Polygon","coordinates":[[[-84.675,34.275],[-84.625,34.275],[-84.625,34.325],[-84.675,34.325],[-84.675,34.275]]]}},{"type":"Feature","properties":{"layer":"TEMPO NO2","transport":"Westward","timePeriod":"08:00-10:00 EDT Eastward","NO2":2.03774023,"unit":"10^15 molecules cm^-2"},"geometry":{"type":"Polygon","coordinates":[[[-84.625,34.275],[-84.575,34.275],[-84.575,34.325],[-84.625,34.325],[-84.625,34.275]]]}},{"type":"Feature","properties":{"layer":"TEMPO NO2","transport":"Westward","timePeriod":"08:00-10:00 EDT Eastward","NO2":1.96335816,"unit":"10^15 molecules cm^-2"},"geometry":{"type":"Polygon","coordinates":[[[-84.575,34.275],[-84.525,34.275],[-84.525,34.325],[-84.575,34.325],[-84.575,34.275]]]}},{"type":"Feature","properties":{"layer":"TEMPO NO2","transport":"Westward","timePeriod":"08:00-10:00 EDT Eastward","NO2":2.02709675,"unit":"10^15 molecules cm^-2"},"geometry":{"type":"Polygon","coordinates":[[[-84.525,34.275],[-84.475,34.275],[-84.475,34.325],[-84.525,34.325],[-84.525,34.275]]]}},{"type":"Feature","properties":{"layer":"TEMPO NO2","transport":"Westward","timePeriod":"08:00-10:00 EDT Eastward","NO2":2.08546,"unit":"10^15 molecules cm^-2"},"geometry":{"type":"Polygon","coordinates":[[[-84.475,34.275],[-84.425,34.275],[-84.425,34.325],[-84.475,34.325],[-84.475,34.275]]]}},{"type":"Feature","properties":{"layer":"TEMPO NO2","transport":"Westward","timePeriod":"08:00-10:00 EDT Eastward","NO2":2.11441708,"unit":"10^15 molecules cm^-2"},"geometry":{"type":"Polygon","coordinates":[[[-84.425,34.275],[-84.375,34.275],[-84.375,34.325],[-84.425,34.325],[-84.425,34.275]]]}},{"type":"Feature","properties":{"layer":"TEMPO NO2","transport":"Westward","timePeriod":"08:00-10:00 EDT Eastward","NO2":1.98142064,"unit":"10^15 molecules cm^-2"},"geometry":{"type":"Polygon","coordinates":[[[-84.375,34.275],[-84.325,34.275],[-84.325,34.325],[-84.375,34.325],[-84.375,34.275]]]}},{"type":"Feature","properties":{"layer":"TEMPO NO2","transport":"Westward","timePeriod":"08:00-10:00 EDT Eastward","NO2":2.07835412,"unit":"10^15 molecules cm^-2"},"geometry":{"type":"Polygon","coordinates":[[[-84.325,34.275],[-84.275,34.275],[-84.275,34.325],[-84.325,34.325],[-84.325,34.275]]]}},{"type":"Feature","properties":{"layer":"TEMPO NO2","transport":"Westward","timePeriod":"08:00-10:00 EDT Eastward","NO2":2.11317205,"unit":"10^15 molecules cm^-2"},"geometry":{"type":"Polygon","coordinates":[[[-84.275,34.275],[-84.225,34.275],[-84.225,34.325],[-84.275,34.325],[-84.275,34.275]]]}},{"type":"Feature","properties":{"layer":"TEMPO NO2","transport":"Westward","timePeriod":"08:00-10:00 EDT Eastward","NO2":2.04072738,"unit":"10^15 molecules cm^-2"},"geometry":{"type":"Polygon","coordinates":[[[-84.225,34.275],[-84.175,34.275],[-84.175,34.325],[-84.225,34.325],[-84.225,34.275]]]}},{"type":"Feature","properties":{"layer":"TEMPO NO2","transport":"Westward","timePeriod":"08:00-10:00 EDT Eastward","NO2":1.95807266,"unit":"10^15 molecules cm^-2"},"geometry":{"type":"Polygon","coordinates":[[[-84.175,34.275],[-84.125,34.275],[-84.125,34.325],[-84.175,34.325],[-84.175,34.275]]]}},{"type":"Feature","properties":{"layer":"TEMPO NO2","transport":"Westward","timePeriod":"08:00-10:00 EDT Eastward","NO2":2.04072547,"unit":"10^15 molecules cm^-2"},"geometry":{"type":"Polygon","coordinates":[[[-84.125,34.275],[-84.075,34.275],[-84.075,34.325],[-84.125,34.325],[-84.125,34.275]]]}},{"type":"Feature","properties":{"layer":"TEMPO NO2","transport":"Westward","timePeriod":"08:00-10:00 EDT Eastward","NO2":2.079247,"unit":"10^15 molecules cm^-2"},"geometry":{"type":"Polygon","coordinates":[[[-84.075,34.275],[-84.025,34.275],[-84.025,34.325],[-84.075,34.325],[-84.075,34.275]]]}},{"type":"Feature","properties":{"layer":"TEMPO NO2","transport":"Westward","timePeriod":"08:00-10:00 EDT Eastward","NO2":1.96955729,"unit":"10^15 molecules cm^-2"},"geometry":{"type":"Polygon","coordinates":[[[-84.025,34.275],[-83.975,34.275],[-83.975,34.325],[-84.025,34.325],[-84.025,34.275]]]}},{"type":"Feature","properties":{"layer":"TEMPO NO2","transport":"Westward","timePeriod":"08:00-10:00 EDT Eastward","NO2":2.01637602,"unit":"10^15 molecules cm^-2"},"geometry":{"type":"Polygon","coordinates":[[[-83.975,34.275],[-83.925,34.275],[-83.925,34.325],[-83.975,34.325],[-83.975,34.275]]]}},{"type":"Feature","properties":{"layer":"TEMPO NO2","transport":"Westward","timePeriod":"08:00-10:00 EDT Eastward","NO2":2.03850746,"unit":"10^15 molecules cm^-2"},"geometry":{"type":"Polygon","coordinates":[[[-83.925,34.275],[-83.875,34.275],[-83.875,34.325],[-83.925,34.325],[-83.925,34.275]]]}},{"type":"Feature","properties":{"layer":"TEMPO NO2","transport":"Westward","timePeriod":"08:00-10:00 EDT Eastward","NO2":2.08503366,"unit":"10^15 molecules cm^-2"},"geometry":{"type":"Polygon","coordinates":[[[-83.875,34.275],[-83.825,34.275],[-83.825,34.325],[-83.875,34.325],[-83.875,34.275]]]}},{"type":"Feature","properties":{"layer":"TEMPO NO2","transport":"Westward","timePeriod":"08:00-10:00 EDT Eastward","NO2":1.96440554,"unit":"10^15 molecules cm^-2"},"geometry":{"type":"Polygon","coordinates":[[[-83.825,34.275],[-83.775,34.275],[-83.775,34.325],[-83.825,34.325],[-83.825,34.275]]]}},{"type":"Feature","properties":{"layer":"TEMPO NO2","transport":"Westward","timePeriod":"08:00-10:00 EDT Eastward","NO2":2.00160336,"unit":"10^15 molecules cm^-2"},"geometry":{"type":"Polygon","coordinates":[[[-84.975,34.325],[-84.925,34.325],[-84.925,34.375],[-84.975,34.375],[-84.975,34.325]]]}},{"type":"Feature","properties":{"layer":"TEMPO NO2","transport":"Westward","timePeriod":"08:00-10:00 EDT Eastward","NO2":1.9923768,"unit":"10^15 molecules cm^-2"},"geometry":{"type":"Polygon","coordinates":[[[-84.925,34.325],[-84.875,34.325],[-84.875,34.375],[-84.925,34.375],[-84.925,34.325]]]}},{"type":"Feature","properties":{"layer":"TEMPO NO2","transport":"Westward","timePeriod":"08:00-10:00 EDT Eastward","NO2":2.04601622,"unit":"10^15 molecules cm^-2"},"geometry":{"type":"Polygon","coordinates":[[[-84.875,34.325],[-84.825,34.325],[-84.825,34.375],[-84.875,34.375],[-84.875,34.325]]]}},{"type":"Feature","properties":{"layer":"TEMPO NO2","transport":"Westward","timePeriod":"08:00-10:00 EDT Eastward","NO2":2.17747116,"unit":"10^15 molecules cm^-2"},"geometry":{"type":"Polygon","coordinates":[[[-84.825,34.325],[-84.775,34.325],[-84.775,34.375],[-84.825,34.375],[-84.825,34.325]]]}},{"type":"Feature","properties":{"layer":"TEMPO NO2","transport":"Westward","timePeriod":"08:00-10:00 EDT Eastward","NO2":2.28784418,"unit":"10^15 molecules cm^-2"},"geometry":{"type":"Polygon","coordinates":[[[-84.775,34.325],[-84.725,34.325],[-84.725,34.375],[-84.775,34.375],[-84.775,34.325]]]}},{"type":"Feature","properties":{"layer":"TEMPO NO2","transport":"Westward","timePeriod":"08:00-10:00 EDT Eastward","NO2":2.08322215,"unit":"10^15 molecules cm^-2"},"geometry":{"type":"Polygon","coordinates":[[[-84.725,34.325],[-84.675,34.325],[-84.675,34.375],[-84.725,34.375],[-84.725,34.325]]]}},{"type":"Feature","properties":{"layer":"TEMPO NO2","transport":"Westward","timePeriod":"08:00-10:00 EDT Eastward","NO2":1.93095315,"unit":"10^15 molecules cm^-2"},"geometry":{"type":"Polygon","coordinates":[[[-84.675,34.325],[-84.625,34.325],[-84.625,34.375],[-84.675,34.375],[-84.675,34.325]]]}},{"type":"Feature","properties":{"layer":"TEMPO NO2","transport":"Westward","timePeriod":"08:00-10:00 EDT Eastward","NO2":1.88768756,"unit":"10^15 molecules cm^-2"},"geometry":{"type":"Polygon","coordinates":[[[-84.625,34.325],[-84.575,34.325],[-84.575,34.375],[-84.625,34.375],[-84.625,34.325]]]}},{"type":"Feature","properties":{"layer":"TEMPO NO2","transport":"Westward","timePeriod":"08:00-10:00 EDT Eastward","NO2":1.9061811,"unit":"10^15 molecules cm^-2"},"geometry":{"type":"Polygon","coordinates":[[[-84.575,34.325],[-84.525,34.325],[-84.525,34.375],[-84.575,34.375],[-84.575,34.325]]]}},{"type":"Feature","properties":{"layer":"TEMPO NO2","transport":"Westward","timePeriod":"08:00-10:00 EDT Eastward","NO2":1.90675271,"unit":"10^15 molecules cm^-2"},"geometry":{"type":"Polygon","coordinates":[[[-84.525,34.325],[-84.475,34.325],[-84.475,34.375],[-84.525,34.375],[-84.525,34.325]]]}},{"type":"Feature","properties":{"layer":"TEMPO NO2","transport":"Westward","timePeriod":"08:00-10:00 EDT Eastward","NO2":1.8667748,"unit":"10^15 molecules cm^-2"},"geometry":{"type":"Polygon","coordinates":[[[-84.475,34.325],[-84.425,34.325],[-84.425,34.375],[-84.475,34.375],[-84.475,34.325]]]}},{"type":"Feature","properties":{"layer":"TEMPO NO2","transport":"Westward","timePeriod":"08:00-10:00 EDT Eastward","NO2":1.93450522,"unit":"10^15 molecules cm^-2"},"geometry":{"type":"Polygon","coordinates":[[[-84.425,34.325],[-84.375,34.325],[-84.375,34.375],[-84.425,34.375],[-84.425,34.325]]]}},{"type":"Feature","properties":{"layer":"TEMPO NO2","transport":"Westward","timePeriod":"08:00-10:00 EDT Eastward","NO2":1.87413585,"unit":"10^15 molecules cm^-2"},"geometry":{"type":"Polygon","coordinates":[[[-84.375,34.325],[-84.325,34.325],[-84.325,34.375],[-84.375,34.375],[-84.375,34.325]]]}},{"type":"Feature","properties":{"layer":"TEMPO NO2","transport":"Westward","timePeriod":"08:00-10:00 EDT Eastward","NO2":2.10403395,"unit":"10^15 molecules cm^-2"},"geometry":{"type":"Polygon","coordinates":[[[-84.325,34.325],[-84.275,34.325],[-84.275,34.375],[-84.325,34.375],[-84.325,34.325]]]}},{"type":"Feature","properties":{"layer":"TEMPO NO2","transport":"Westward","timePeriod":"08:00-10:00 EDT Eastward","NO2":1.98131084,"unit":"10^15 molecules cm^-2"},"geometry":{"type":"Polygon","coordinates":[[[-84.275,34.325],[-84.225,34.325],[-84.225,34.375],[-84.275,34.375],[-84.275,34.325]]]}},{"type":"Feature","properties":{"layer":"TEMPO NO2","transport":"Westward","timePeriod":"08:00-10:00 EDT Eastward","NO2":1.84379971,"unit":"10^15 molecules cm^-2"},"geometry":{"type":"Polygon","coordinates":[[[-84.225,34.325],[-84.175,34.325],[-84.175,34.375],[-84.225,34.375],[-84.225,34.325]]]}},{"type":"Feature","properties":{"layer":"TEMPO NO2","transport":"Westward","timePeriod":"08:00-10:00 EDT Eastward","NO2":1.79523301,"unit":"10^15 molecules cm^-2"},"geometry":{"type":"Polygon","coordinates":[[[-84.175,34.325],[-84.125,34.325],[-84.125,34.375],[-84.175,34.375],[-84.175,34.325]]]}},{"type":"Feature","properties":{"layer":"TEMPO NO2","transport":"Westward","timePeriod":"08:00-10:00 EDT Eastward","NO2":1.89725864,"unit":"10^15 molecules cm^-2"},"geometry":{"type":"Polygon","coordinates":[[[-84.125,34.325],[-84.075,34.325],[-84.075,34.375],[-84.125,34.375],[-84.125,34.325]]]}},{"type":"Feature","properties":{"layer":"TEMPO NO2","transport":"Westward","timePeriod":"08:00-10:00 EDT Eastward","NO2":1.95793355,"unit":"10^15 molecules cm^-2"},"geometry":{"type":"Polygon","coordinates":[[[-84.075,34.325],[-84.025,34.325],[-84.025,34.375],[-84.075,34.375],[-84.075,34.325]]]}},{"type":"Feature","properties":{"layer":"TEMPO NO2","transport":"Westward","timePeriod":"08:00-10:00 EDT Eastward","NO2":1.81244326,"unit":"10^15 molecules cm^-2"},"geometry":{"type":"Polygon","coordinates":[[[-84.025,34.325],[-83.975,34.325],[-83.975,34.375],[-84.025,34.375],[-84.025,34.325]]]}},{"type":"Feature","properties":{"layer":"TEMPO NO2","transport":"Westward","timePeriod":"08:00-10:00 EDT Eastward","NO2":1.92644191,"unit":"10^15 molecules cm^-2"},"geometry":{"type":"Polygon","coordinates":[[[-83.975,34.325],[-83.925,34.325],[-83.925,34.375],[-83.975,34.375],[-83.975,34.325]]]}},{"type":"Feature","properties":{"layer":"TEMPO NO2","transport":"Westward","timePeriod":"08:00-10:00 EDT Eastward","NO2":1.83327496,"unit":"10^15 molecules cm^-2"},"geometry":{"type":"Polygon","coordinates":[[[-83.925,34.325],[-83.875,34.325],[-83.875,34.375],[-83.925,34.375],[-83.925,34.325]]]}},{"type":"Feature","properties":{"layer":"TEMPO NO2","transport":"Westward","timePeriod":"08:00-10:00 EDT Eastward","NO2":2.00633931,"unit":"10^15 molecules cm^-2"},"geometry":{"type":"Polygon","coordinates":[[[-83.875,34.325],[-83.825,34.325],[-83.825,34.375],[-83.875,34.375],[-83.875,34.325]]]}},{"type":"Feature","properties":{"layer":"TEMPO NO2","transport":"Westward","timePeriod":"08:00-10:00 EDT Eastward","NO2":2.08456326,"unit":"10^15 molecules cm^-2"},"geometry":{"type":"Polygon","coordinates":[[[-83.825,34.325],[-83.775,34.325],[-83.775,34.375],[-83.825,34.375],[-83.825,34.325]]]}},{"type":"Feature","properties":{"layer":"TEMPO NO2","transport":"Westward","timePeriod":"08:00-10:00 EDT Eastward","NO2":2.10533309,"unit":"10^15 molecules cm^-2"},"geometry":{"type":"Polygon","coordinates":[[[-84.975,34.375],[-84.925,34.375],[-84.925,34.425],[-84.975,34.425],[-84.975,34.375]]]}},{"type":"Feature","properties":{"layer":"TEMPO NO2","transport":"Westward","timePeriod":"08:00-10:00 EDT Eastward","NO2":1.88447654,"unit":"10^15 molecules cm^-2"},"geometry":{"type":"Polygon","coordinates":[[[-84.925,34.375],[-84.875,34.375],[-84.875,34.425],[-84.925,34.425],[-84.925,34.375]]]}},{"type":"Feature","properties":{"layer":"TEMPO NO2","transport":"Westward","timePeriod":"08:00-10:00 EDT Eastward","NO2":1.9347,"unit":"10^15 molecules cm^-2"},"geometry":{"type":"Polygon","coordinates":[[[-84.875,34.375],[-84.825,34.375],[-84.825,34.425],[-84.875,34.425],[-84.875,34.375]]]}},{"type":"Feature","properties":{"layer":"TEMPO NO2","transport":"Westward","timePeriod":"08:00-10:00 EDT Eastward","NO2":1.98779345,"unit":"10^15 molecules cm^-2"},"geometry":{"type":"Polygon","coordinates":[[[-84.825,34.375],[-84.775,34.375],[-84.775,34.425],[-84.825,34.425],[-84.825,34.375]]]}},{"type":"Feature","properties":{"layer":"TEMPO NO2","transport":"Westward","timePeriod":"08:00-10:00 EDT Eastward","NO2":2.05882359,"unit":"10^15 molecules cm^-2"},"geometry":{"type":"Polygon","coordinates":[[[-84.775,34.375],[-84.725,34.375],[-84.725,34.425],[-84.775,34.425],[-84.775,34.375]]]}},{"type":"Feature","properties":{"layer":"TEMPO NO2","transport":"Westward","timePeriod":"08:00-10:00 EDT Eastward","NO2":1.96470261,"unit":"10^15 molecules cm^-2"},"geometry":{"type":"Polygon","coordinates":[[[-84.725,34.375],[-84.675,34.375],[-84.675,34.425],[-84.725,34.425],[-84.725,34.375]]]}},{"type":"Feature","properties":{"layer":"TEMPO NO2","transport":"Westward","timePeriod":"08:00-10:00 EDT Eastward","NO2":1.91947818,"unit":"10^15 molecules cm^-2"},"geometry":{"type":"Polygon","coordinates":[[[-84.675,34.375],[-84.625,34.375],[-84.625,34.425],[-84.675,34.425],[-84.675,34.375]]]}},{"type":"Feature","properties":{"layer":"TEMPO NO2","transport":"Westward","timePeriod":"08:00-10:00 EDT Eastward","NO2":1.838642,"unit":"10^15 molecules cm^-2"},"geometry":{"type":"Polygon","coordinates":[[[-84.625,34.375],[-84.575,34.375],[-84.575,34.425],[-84.625,34.425],[-84.625,34.375]]]}},{"type":"Feature","properties":{"layer":"TEMPO NO2","transport":"Westward","timePeriod":"08:00-10:00 EDT Eastward","NO2":1.81646395,"unit":"10^15 molecules cm^-2"},"geometry":{"type":"Polygon","coordinates":[[[-84.575,34.375],[-84.525,34.375],[-84.525,34.425],[-84.575,34.425],[-84.575,34.375]]]}},{"type":"Feature","properties":{"layer":"TEMPO NO2","transport":"Westward","timePeriod":"08:00-10:00 EDT Eastward","NO2":1.82531893,"unit":"10^15 molecules cm^-2"},"geometry":{"type":"Polygon","coordinates":[[[-84.525,34.375],[-84.475,34.375],[-84.475,34.425],[-84.525,34.425],[-84.525,34.375]]]}},{"type":"Feature","properties":{"layer":"TEMPO NO2","transport":"Westward","timePeriod":"08:00-10:00 EDT Eastward","NO2":1.74571335,"unit":"10^15 molecules cm^-2"},"geometry":{"type":"Polygon","coordinates":[[[-84.475,34.375],[-84.425,34.375],[-84.425,34.425],[-84.475,34.425],[-84.475,34.375]]]}},{"type":"Feature","properties":{"layer":"TEMPO NO2","transport":"Westward","timePeriod":"08:00-10:00 EDT Eastward","NO2":1.82982409,"unit":"10^15 molecules cm^-2"},"geometry":{"type":"Polygon","coordinates":[[[-84.425,34.375],[-84.375,34.375],[-84.375,34.425],[-84.425,34.425],[-84.425,34.375]]]}},{"type":"Feature","properties":{"layer":"TEMPO NO2","transport":"Westward","timePeriod":"08:00-10:00 EDT Eastward","NO2":1.85679567,"unit":"10^15 molecules cm^-2"},"geometry":{"type":"Polygon","coordinates":[[[-84.375,34.375],[-84.325,34.375],[-84.325,34.425],[-84.375,34.425],[-84.375,34.375]]]}},{"type":"Feature","properties":{"layer":"TEMPO NO2","transport":"Westward","timePeriod":"08:00-10:00 EDT Eastward","NO2":1.92543769,"unit":"10^15 molecules cm^-2"},"geometry":{"type":"Polygon","coordinates":[[[-84.325,34.375],[-84.275,34.375],[-84.275,34.425],[-84.325,34.425],[-84.325,34.375]]]}},{"type":"Feature","properties":{"layer":"TEMPO NO2","transport":"Westward","timePeriod":"08:00-10:00 EDT Eastward","NO2":1.883322,"unit":"10^15 molecules cm^-2"},"geometry":{"type":"Polygon","coordinates":[[[-84.275,34.375],[-84.225,34.375],[-84.225,34.425],[-84.275,34.425],[-84.275,34.375]]]}},{"type":"Feature","properties":{"layer":"TEMPO NO2","transport":"Westward","timePeriod":"08:00-10:00 EDT Eastward","NO2":1.69277489,"unit":"10^15 molecules cm^-2"},"geometry":{"type":"Polygon","coordinates":[[[-84.225,34.375],[-84.175,34.375],[-84.175,34.425],[-84.225,34.425],[-84.225,34.375]]]}},{"type":"Feature","properties":{"layer":"TEMPO NO2","transport":"Westward","timePeriod":"08:00-10:00 EDT Eastward","NO2":1.65989542,"unit":"10^15 molecules cm^-2"},"geometry":{"type":"Polygon","coordinates":[[[-84.175,34.375],[-84.125,34.375],[-84.125,34.425],[-84.175,34.425],[-84.175,34.375]]]}},{"type":"Feature","properties":{"layer":"TEMPO NO2","transport":"Westward","timePeriod":"08:00-10:00 EDT Eastward","NO2":1.77635884,"unit":"10^15 molecules cm^-2"},"geometry":{"type":"Polygon","coordinates":[[[-84.125,34.375],[-84.075,34.375],[-84.075,34.425],[-84.125,34.425],[-84.125,34.375]]]}},{"type":"Feature","properties":{"layer":"TEMPO NO2","transport":"Westward","timePeriod":"08:00-10:00 EDT Eastward","NO2":1.84462833,"unit":"10^15 molecules cm^-2"},"geometry":{"type":"Polygon","coordinates":[[[-84.075,34.375],[-84.025,34.375],[-84.025,34.425],[-84.075,34.425],[-84.075,34.375]]]}},{"type":"Feature","properties":{"layer":"TEMPO NO2","transport":"Westward","timePeriod":"08:00-10:00 EDT Eastward","NO2":1.85947967,"unit":"10^15 molecules cm^-2"},"geometry":{"type":"Polygon","coordinates":[[[-84.025,34.375],[-83.975,34.375],[-83.975,34.425],[-84.025,34.425],[-84.025,34.375]]]}},{"type":"Feature","properties":{"layer":"TEMPO NO2","transport":"Westward","timePeriod":"08:00-10:00 EDT Eastward","NO2":1.83189201,"unit":"10^15 molecules cm^-2"},"geometry":{"type":"Polygon","coordinates":[[[-83.975,34.375],[-83.925,34.375],[-83.925,34.425],[-83.975,34.425],[-83.975,34.375]]]}},{"type":"Feature","properties":{"layer":"TEMPO NO2","transport":"Westward","timePeriod":"08:00-10:00 EDT Eastward","NO2":1.85190952,"unit":"10^15 molecules cm^-2"},"geometry":{"type":"Polygon","coordinates":[[[-83.925,34.375],[-83.875,34.375],[-83.875,34.425],[-83.925,34.425],[-83.925,34.375]]]}},{"type":"Feature","properties":{"layer":"TEMPO NO2","transport":"Westward","timePeriod":"08:00-10:00 EDT Eastward","NO2":1.83750033,"unit":"10^15 molecules cm^-2"},"geometry":{"type":"Polygon","coordinates":[[[-83.875,34.375],[-83.825,34.375],[-83.825,34.425],[-83.875,34.425],[-83.875,34.375]]]}},{"type":"Feature","properties":{"layer":"TEMPO NO2","transport":"Westward","timePeriod":"08:00-10:00 EDT Eastward","NO2":1.80179739,"unit":"10^15 molecules cm^-2"},"geometry":{"type":"Polygon","coordinates":[[[-83.825,34.375],[-83.775,34.375],[-83.775,34.425],[-83.825,34.425],[-83.825,34.375]]]}},{"type":"Feature","properties":{"layer":"TEMPO NO2","transport":"Westward","timePeriod":"08:00-10:00 EDT Eastward","NO2":2.17280698,"unit":"10^15 molecules cm^-2"},"geometry":{"type":"Polygon","coordinates":[[[-84.975,34.425],[-84.925,34.425],[-84.925,34.475],[-84.975,34.475],[-84.975,34.425]]]}},{"type":"Feature","properties":{"layer":"TEMPO NO2","transport":"Westward","timePeriod":"08:00-10:00 EDT Eastward","NO2":2.06417823,"unit":"10^15 molecules cm^-2"},"geometry":{"type":"Polygon","coordinates":[[[-84.925,34.425],[-84.875,34.425],[-84.875,34.475],[-84.925,34.475],[-84.925,34.425]]]}},{"type":"Feature","properties":{"layer":"TEMPO NO2","transport":"Westward","timePeriod":"08:00-10:00 EDT Eastward","NO2":1.9978534,"unit":"10^15 molecules cm^-2"},"geometry":{"type":"Polygon","coordinates":[[[-84.875,34.425],[-84.825,34.425],[-84.825,34.475],[-84.875,34.475],[-84.875,34.425]]]}},{"type":"Feature","properties":{"layer":"TEMPO NO2","transport":"Westward","timePeriod":"08:00-10:00 EDT Eastward","NO2":2.01116133,"unit":"10^15 molecules cm^-2"},"geometry":{"type":"Polygon","coordinates":[[[-84.825,34.425],[-84.775,34.425],[-84.775,34.475],[-84.825,34.475],[-84.825,34.425]]]}},{"type":"Feature","properties":{"layer":"TEMPO NO2","transport":"Westward","timePeriod":"08:00-10:00 EDT Eastward","NO2":2.04632545,"unit":"10^15 molecules cm^-2"},"geometry":{"type":"Polygon","coordinates":[[[-84.775,34.425],[-84.725,34.425],[-84.725,34.475],[-84.775,34.475],[-84.775,34.425]]]}},{"type":"Feature","properties":{"layer":"TEMPO NO2","transport":"Westward","timePeriod":"08:00-10:00 EDT Eastward","NO2":2.03238869,"unit":"10^15 molecules cm^-2"},"geometry":{"type":"Polygon","coordinates":[[[-84.725,34.425],[-84.675,34.425],[-84.675,34.475],[-84.725,34.475],[-84.725,34.425]]]}},{"type":"Feature","properties":{"layer":"TEMPO NO2","transport":"Westward","timePeriod":"08:00-10:00 EDT Eastward","NO2":2.06372714,"unit":"10^15 molecules cm^-2"},"geometry":{"type":"Polygon","coordinates":[[[-84.675,34.425],[-84.625,34.425],[-84.625,34.475],[-84.675,34.475],[-84.675,34.425]]]}},{"type":"Feature","properties":{"layer":"TEMPO NO2","transport":"Westward","timePeriod":"08:00-10:00 EDT Eastward","NO2":1.92980146,"unit":"10^15 molecules cm^-2"},"geometry":{"type":"Polygon","coordinates":[[[-84.625,34.425],[-84.575,34.425],[-84.575,34.475],[-84.625,34.475],[-84.625,34.425]]]}},{"type":"Feature","properties":{"layer":"TEMPO NO2","transport":"Westward","timePeriod":"08:00-10:00 EDT Eastward","NO2":1.70846,"unit":"10^15 molecules cm^-2"},"geometry":{"type":"Polygon","coordinates":[[[-84.575,34.425],[-84.525,34.425],[-84.525,34.475],[-84.575,34.475],[-84.575,34.425]]]}},{"type":"Feature","properties":{"layer":"TEMPO NO2","transport":"Westward","timePeriod":"08:00-10:00 EDT Eastward","NO2":1.618541,"unit":"10^15 molecules cm^-2"},"geometry":{"type":"Polygon","coordinates":[[[-84.525,34.425],[-84.475,34.425],[-84.475,34.475],[-84.525,34.475],[-84.525,34.425]]]}},{"type":"Feature","properties":{"layer":"TEMPO NO2","transport":"Westward","timePeriod":"08:00-10:00 EDT Eastward","NO2":1.68800676,"unit":"10^15 molecules cm^-2"},"geometry":{"type":"Polygon","coordinates":[[[-84.475,34.425],[-84.425,34.425],[-84.425,34.475],[-84.475,34.475],[-84.475,34.425]]]}},{"type":"Feature","properties":{"layer":"TEMPO NO2","transport":"Westward","timePeriod":"08:00-10:00 EDT Eastward","NO2":1.67376649,"unit":"10^15 molecules cm^-2"},"geometry":{"type":"Polygon","coordinates":[[[-84.425,34.425],[-84.375,34.425],[-84.375,34.475],[-84.425,34.475],[-84.425,34.425]]]}},{"type":"Feature","properties":{"layer":"TEMPO NO2","transport":"Westward","timePeriod":"08:00-10:00 EDT Eastward","NO2":1.55456138,"unit":"10^15 molecules cm^-2"},"geometry":{"type":"Polygon","coordinates":[[[-84.375,34.425],[-84.325,34.425],[-84.325,34.475],[-84.375,34.475],[-84.375,34.425]]]}},{"type":"Feature","properties":{"layer":"TEMPO NO2","transport":"Westward","timePeriod":"08:00-10:00 EDT Eastward","NO2":1.62262893,"unit":"10^15 molecules cm^-2"},"geometry":{"type":"Polygon","coordinates":[[[-84.325,34.425],[-84.275,34.425],[-84.275,34.475],[-84.325,34.475],[-84.325,34.425]]]}},{"type":"Feature","properties":{"layer":"TEMPO NO2","transport":"Westward","timePeriod":"08:00-10:00 EDT Eastward","NO2":1.69007099,"unit":"10^15 molecules cm^-2"},"geometry":{"type":"Polygon","coordinates":[[[-84.275,34.425],[-84.225,34.425],[-84.225,34.475],[-84.275,34.475],[-84.275,34.425]]]}},{"type":"Feature","properties":{"layer":"TEMPO NO2","transport":"Westward","timePeriod":"08:00-10:00 EDT Eastward","NO2":1.59436929,"unit":"10^15 molecules cm^-2"},"geometry":{"type":"Polygon","coordinates":[[[-84.225,34.425],[-84.175,34.425],[-84.175,34.475],[-84.225,34.475],[-84.225,34.425]]]}},{"type":"Feature","properties":{"layer":"TEMPO NO2","transport":"Westward","timePeriod":"08:00-10:00 EDT Eastward","NO2":1.75506389,"unit":"10^15 molecules cm^-2"},"geometry":{"type":"Polygon","coordinates":[[[-84.175,34.425],[-84.125,34.425],[-84.125,34.475],[-84.175,34.475],[-84.175,34.425]]]}},{"type":"Feature","properties":{"layer":"TEMPO NO2","transport":"Westward","timePeriod":"08:00-10:00 EDT Eastward","NO2":1.70138943,"unit":"10^15 molecules cm^-2"},"geometry":{"type":"Polygon","coordinates":[[[-84.125,34.425],[-84.075,34.425],[-84.075,34.475],[-84.125,34.475],[-84.125,34.425]]]}},{"type":"Feature","properties":{"layer":"TEMPO NO2","transport":"Westward","timePeriod":"08:00-10:00 EDT Eastward","NO2":1.67813778,"unit":"10^15 molecules cm^-2"},"geometry":{"type":"Polygon","coordinates":[[[-84.075,34.425],[-84.025,34.425],[-84.025,34.475],[-84.075,34.475],[-84.075,34.425]]]}},{"type":"Feature","properties":{"layer":"TEMPO NO2","transport":"Westward","timePeriod":"08:00-10:00 EDT Eastward","NO2":1.71679723,"unit":"10^15 molecules cm^-2"},"geometry":{"type":"Polygon","coordinates":[[[-84.025,34.425],[-83.975,34.425],[-83.975,34.475],[-84.025,34.475],[-84.025,34.425]]]}},{"type":"Feature","properties":{"layer":"TEMPO NO2","transport":"Westward","timePeriod":"08:00-10:00 EDT Eastward","NO2":1.58352852,"unit":"10^15 molecules cm^-2"},"geometry":{"type":"Polygon","coordinates":[[[-83.975,34.425],[-83.925,34.425],[-83.925,34.475],[-83.975,34.475],[-83.975,34.425]]]}},{"type":"Feature","properties":{"layer":"TEMPO NO2","transport":"Westward","timePeriod":"08:00-10:00 EDT Eastward","NO2":1.72204971,"unit":"10^15 molecules cm^-2"},"geometry":{"type":"Polygon","coordinates":[[[-83.925,34.425],[-83.875,34.425],[-83.875,34.475],[-83.925,34.475],[-83.925,34.425]]]}},{"type":"Feature","properties":{"layer":"TEMPO NO2","transport":"Westward","timePeriod":"08:00-10:00 EDT Eastward","NO2":1.69803154,"unit":"10^15 molecules cm^-2"},"geometry":{"type":"Polygon","coordinates":[[[-83.875,34.425],[-83.825,34.425],[-83.825,34.475],[-83.875,34.475],[-83.875,34.425]]]}},{"type":"Feature","properties":{"layer":"TEMPO NO2","transport":"Westward","timePeriod":"08:00-10:00 EDT Eastward","NO2":1.63394821,"unit":"10^15 molecules cm^-2"},"geometry":{"type":"Polygon","coordinates":[[[-83.825,34.425],[-83.775,34.425],[-83.775,34.475],[-83.825,34.475],[-83.825,34.425]]]}}]}