{"type":"FeatureCollection","features":[{"type":"Feature","properties":{"layer":"TEMPO NO2","transport":"Westward","timePeriod":"12:00-14:00 EDT Westward","NO2":1.55722249,"unit":"10^15 molecules cm^-2"},"geometry":{"type":"Polygon","coordinates":[[[-84.975,33.125],[-84.925,33.125],[-84.925,33.175],[-84.975,33.175],[-84.975,33.125]]]}},{"type":"Feature","properties":{"layer":"TEMPO NO2","transport":"Westward","timePeriod":"12:00-14:00 EDT Westward","NO2":1.32362247,"unit":"10^15 molecules cm^-2"},"geometry":{"type":"Polygon","coordinates":[[[-84.925,33.125],[-84.875,33.125],[-84.875,33.175],[-84.925,33.175],[-84.925,33.125]]]}},{"type":"Feature","properties":{"layer":"TEMPO NO2","transport":"Westward","timePeriod":"12:00-14:00 EDT Westward","NO2":1.32183278,"unit":"10^15 molecules cm^-2"},"geometry":{"type":"Polygon","coordinates":[[[-84.875,33.125],[-84.825,33.125],[-84.825,33.175],[-84.875,33.175],[-84.875,33.125]]]}},{"type":"Feature","properties":{"layer":"TEMPO NO2","transport":"Westward","timePeriod":"12:00-14:00 EDT Westward","NO2":1.4241482,"unit":"10^15 molecules cm^-2"},"geometry":{"type":"Polygon","coordinates":[[[-84.825,33.125],[-84.775,33.125],[-84.775,33.175],[-84.825,33.175],[-84.825,33.125]]]}},{"type":"Feature","properties":{"layer":"TEMPO NO2","transport":"Westward","timePeriod":"12:00-14:00 EDT Westward","NO2":1.69556713,"unit":"10^15 molecules cm^-2"},"geometry":{"type":"Polygon","coordinates":[[[-84.775,33.125],[-84.725,33.125],[-84.725,33.175],[-84.775,33.175],[-84.775,33.125]]]}},{"type":"Feature","properties":{"layer":"TEMPO NO2","transport":"Westward","timePeriod":"12:00-14:00 EDT Westward","NO2":1.44843924,"unit":"10^15 molecules cm^-2"},"geometry":{"type":"Polygon","coordinates":[[[-84.725,33.125],[-84.675,33.125],[-84.675,33.175],[-84.725,33.175],[-84.725,33.125]]]}},{"type":"Feature","properties":{"layer":"TEMPO NO2","transport":"Westward","timePeriod":"12:00-14:00 EDT Westward","NO2":1.52000487,"unit":"10^15 molecules cm^-2"},"geometry":{"type":"Polygon","coordinates":[[[-84.675,33.125],[-84.625,33.125],[-84.625,33.175],[-84.675,33.175],[-84.675,33.125]]]}},{"type":"Feature","properties":{"layer":"TEMPO NO2","transport":"Westward","timePeriod":"12:00-14:00 EDT Westward","NO2":1.49084353,"unit":"10^15 molecules cm^-2"},"geometry":{"type":"Polygon","coordinates":[[[-84.625,33.125],[-84.575,33.125],[-84.575,33.175],[-84.625,33.175],[-84.625,33.125]]]}},{"type":"Feature","properties":{"layer":"TEMPO NO2","transport":"Westward","timePeriod":"12:00-14:00 EDT Westward","NO2":1.41127825,"unit":"10^15 molecules cm^-2"},"geometry":{"type":"Polygon","coordinates":[[[-84.575,33.125],[-84.525,33.125],[-84.525,33.175],[-84.575,33.175],[-84.575,33.125]]]}},{"type":"Feature","properties":{"layer":"TEMPO NO2","transport":"Westward","timePeriod":"12:00-14:00 EDT Westward","NO2":1.3855865,"unit":"10^15 molecules cm^-2"},"geometry":{"type":"Polygon","coordinates":[[[-84.525,33.125],[-84.475,33.125],[-84.475,33.175],[-84.525,33.175],[-84.525,33.125]]]}},{"type":"Feature","properties":{"layer":"TEMPO NO2","transport":"Westward","timePeriod":"12:00-14:00 EDT Westward","NO2":1.39309871,"unit":"10^15 molecules cm^-2"},"geometry":{"type":"Polygon","coordinates":[[[-84.475,33.125],[-84.425,33.125],[-84.425,33.175],[-84.475,33.175],[-84.475,33.125]]]}},{"type":"Feature","properties":{"layer":"TEMPO NO2","transport":"Westward","timePeriod":"12:00-14:00 EDT Westward","NO2":1.26747167,"unit":"10^15 molecules cm^-2"},"geometry":{"type":"Polygon","coordinates":[[[-84.425,33.125],[-84.375,33.125],[-84.375,33.175],[-84.425,33.175],[-84.425,33.125]]]}},{"type":"Feature","properties":{"layer":"TEMPO NO2","transport":"Westward","timePeriod":"12:00-14:00 EDT Westward","NO2":1.36698449,"unit":"10^15 molecules cm^-2"},"geometry":{"type":"Polygon","coordinates":[[[-84.375,33.125],[-84.325,33.125],[-84.325,33.175],[-84.375,33.175],[-84.375,33.125]]]}},{"type":"Feature","properties":{"layer":"TEMPO NO2","transport":"Westward","timePeriod":"12:00-14:00 EDT Westward","NO2":1.53896952,"unit":"10^15 molecules cm^-2"},"geometry":{"type":"Polygon","coordinates":[[[-84.325,33.125],[-84.275,33.125],[-84.275,33.175],[-84.325,33.175],[-84.325,33.125]]]}},{"type":"Feature","properties":{"layer":"TEMPO NO2","transport":"Westward","timePeriod":"12:00-14:00 EDT Westward","NO2":1.52286947,"unit":"10^15 molecules cm^-2"},"geometry":{"type":"Polygon","coordinates":[[[-84.275,33.125],[-84.225,33.125],[-84.225,33.175],[-84.275,33.175],[-84.275,33.125]]]}},{"type":"Feature","properties":{"layer":"TEMPO NO2","transport":"Westward","timePeriod":"12:00-14:00 EDT Westward","NO2":1.61421943,"unit":"10^15 molecules cm^-2"},"geometry":{"type":"Polygon","coordinates":[[[-84.225,33.125],[-84.175,33.125],[-84.175,33.175],[-84.225,33.175],[-84.225,33.125]]]}},{"type":"Feature","properties":{"layer":"TEMPO NO2","transport":"Westward","timePeriod":"12:00-14:00 EDT Westward","NO2":1.49235713,"unit":"10^15 molecules cm^-2"},"geometry":{"type":"Polygon","coordinates":[[[-84.175,33.125],[-84.125,33.125],[-84.125,33.175],[-84.175,33.175],[-84.175,33.125]]]}},{"type":"Feature","properties":{"layer":"TEMPO NO2","transport":"Westward","timePeriod":"12:00-14:00 EDT Westward","NO2":1.39759409,"unit":"10^15 molecules cm^-2"},"geometry":{"type":"Polygon","coordinates":[[[-84.125,33.125],[-84.075,33.125],[-84.075,33.175],[-84.125,33.175],[-84.125,33.125]]]}},{"type":"Feature","properties":{"layer":"TEMPO NO2","transport":"Westward","timePeriod":"12:00-14:00 EDT Westward","NO2":1.61272562,"unit":"10^15 molecules cm^-2"},"geometry":{"type":"Polygon","coordinates":[[[-84.075,33.125],[-84.025,33.125],[-84.025,33.175],[-84.075,33.175],[-84.075,33.125]]]}},{"type":"Feature","properties":{"layer":"TEMPO NO2","transport":"Westward","timePeriod":"12:00-14:00 EDT Westward","NO2":1.64034343,"unit":"10^15 molecules cm^-2"},"geometry":{"type":"Polygon","coordinates":[[[-84.025,33.125],[-83.975,33.125],[-83.975,33.175],[-84.025,33.175],[-84.025,33.125]]]}},{"type":"Feature","properties":{"layer":"TEMPO NO2","transport":"Westward","timePeriod":"12:00-14:00 EDT Westward","NO2":1.5282774,"unit":"10^15 molecules cm^-2"},"geometry":{"type":"Polygon","coordinates":[[[-83.975,33.125],[-83.925,33.125],[-83.925,33.175],[-83.975,33.175],[-83.975,33.125]]]}},{"type":"Feature","properties":{"layer":"TEMPO NO2","transport":"Westward","timePeriod":"12:00-14:00 EDT Westward","NO2":1.61032259,"unit":"10^15 molecules cm^-2"},"geometry":{"type":"Polygon","coordinates":[[[-83.925,33.125],[-83.875,33.125],[-83.875,33.175],[-83.925,33.175],[-83.925,33.125]]]}},{"type":"Feature","properties":{"layer":"TEMPO NO2","transport":"Westward","timePeriod":"12:00-14:00 EDT Westward","NO2":1.49658716,"unit":"10^15 molecules cm^-2"},"geometry":{"type":"Polygon","coordinates":[[[-83.875,33.125],[-83.825,33.125],[-83.825,33.175],[-83.875,33.175],[-83.875,33.125]]]}},{"type":"Feature","properties":{"layer":"TEMPO NO2","transport":"Westward","timePeriod":"12:00-14:00 EDT Westward","NO2":1.51715457,"unit":"10^15 molecules cm^-2"},"geometry":{"type":"Polygon","coordinates":[[[-83.825,33.125],[-83.775,33.125],[-83.775,33.175],[-83.825,33.175],[-83.825,33.125]]]}},{"type":"Feature","properties":{"layer":"TEMPO NO2","transport":"Westward","timePeriod":"12:00-14:00 EDT Westward","NO2":1.43529189,"unit":"10^15 molecules cm^-2"},"geometry":{"type":"Polygon","coordinates":[[[-84.975,33.175],[-84.925,33.175],[-84.925,33.225],[-84.975,33.225],[-84.975,33.175]]]}},{"type":"Feature","properties":{"layer":"TEMPO NO2","transport":"Westward","timePeriod":"12:00-14:00 EDT Westward","NO2":1.49992418,"unit":"10^15 molecules cm^-2"},"geometry":{"type":"Polygon","coordinates":[[[-84.925,33.175],[-84.875,33.175],[-84.875,33.225],[-84.925,33.225],[-84.925,33.175]]]}},{"type":"Feature","properties":{"layer":"TEMPO NO2","transport":"Westward","timePeriod":"12:00-14:00 EDT Westward","NO2":1.66004884,"unit":"10^15 molecules cm^-2"},"geometry":{"type":"Polygon","coordinates":[[[-84.875,33.175],[-84.825,33.175],[-84.825,33.225],[-84.875,33.225],[-84.875,33.175]]]}},{"type":"Feature","properties":{"layer":"TEMPO NO2","transport":"Westward","timePeriod":"12:00-14:00 EDT Westward","NO2":1.50382316,"unit":"10^15 molecules cm^-2"},"geometry":{"type":"Polygon","coordinates":[[[-84.825,33.175],[-84.775,33.175],[-84.775,33.225],[-84.825,33.225],[-84.825,33.175]]]}},{"type":"Feature","properties":{"layer":"TEMPO NO2","transport":"Westward","timePeriod":"12:00-14:00 EDT Westward","NO2":1.29795825,"unit":"10^15 molecules cm^-2"},"geometry":{"type":"Polygon","coordinates":[[[-84.775,33.175],[-84.725,33.175],[-84.725,33.225],[-84.775,33.225],[-84.775,33.175]]]}},{"type":"Feature","properties":{"layer":"TEMPO NO2","transport":"Westward","timePeriod":"12:00-14:00 EDT Westward","NO2":1.33022106,"unit":"10^15 molecules cm^-2"},"geometry":{"type":"Polygon","coordinates":[[[-84.725,33.175],[-84.675,33.175],[-84.675,33.225],[-84.725,33.225],[-84.725,33.175]]]}},{"type":"Feature","properties":{"layer":"TEMPO NO2","transport":"Westward","timePeriod":"12:00-14:00 EDT Westward","NO2":1.69707131,"unit":"10^15 molecules cm^-2"},"geometry":{"type":"Polygon","coordinates":[[[-84.675,33.175],[-84.625,33.175],[-84.625,33.225],[-84.675,33.225],[-84.675,33.175]]]}},{"type":"Feature","properties":{"layer":"TEMPO NO2","transport":"Westward","timePeriod":"12:00-14:00 EDT Westward","NO2":1.83815885,"unit":"10^15 molecules cm^-2"},"geometry":{"type":"Polygon","coordinates":[[[-84.625,33.175],[-84.575,33.175],[-84.575,33.225],[-84.625,33.225],[-84.625,33.175]]]}},{"type":"Feature","properties":{"layer":"TEMPO NO2","transport":"Westward","timePeriod":"12:00-14:00 EDT Westward","NO2":1.81537652,"unit":"10^15 molecules cm^-2"},"geometry":{"type":"Polygon","coordinates":[[[-84.575,33.175],[-84.525,33.175],[-84.525,33.225],[-84.575,33.225],[-84.575,33.175]]]}},{"type":"Feature","properties":{"layer":"TEMPO NO2","transport":"Westward","timePeriod":"12:00-14:00 EDT Westward","NO2":1.715608,"unit":"10^15 molecules cm^-2"},"geometry":{"type":"Polygon","coordinates":[[[-84.525,33.175],[-84.475,33.175],[-84.475,33.225],[-84.525,33.225],[-84.525,33.175]]]}},{"type":"Feature","properties":{"layer":"TEMPO NO2","transport":"Westward","timePeriod":"12:00-14:00 EDT Westward","NO2":1.74950564,"unit":"10^15 molecules cm^-2"},"geometry":{"type":"Polygon","coordinates":[[[-84.475,33.175],[-84.425,33.175],[-84.425,33.225],[-84.475,33.225],[-84.475,33.175]]]}},{"type":"Feature","properties":{"layer":"TEMPO NO2","transport":"Westward","timePeriod":"12:00-14:00 EDT Westward","NO2":1.62223959,"unit":"10^15 molecules cm^-2"},"geometry":{"type":"Polygon","coordinates":[[[-84.425,33.175],[-84.375,33.175],[-84.375,33.225],[-84.425,33.225],[-84.425,33.175]]]}},{"type":"Feature","properties":{"layer":"TEMPO NO2","transport":"Westward","timePeriod":"12:00-14:00 EDT Westward","NO2":1.52006102,"unit":"10^15 molecules cm^-2"},"geometry":{"type":"Polygon","coordinates":[[[-84.375,33.175],[-84.325,33.175],[-84.325,33.225],[-84.375,33.225],[-84.375,33.175]]]}},{"type":"Feature","properties":{"layer":"TEMPO NO2","transport":"Westward","timePeriod":"12:00-14:00 EDT Westward","NO2":1.63528097,"unit":"10^15 molecules cm^-2"},"geometry":{"type":"Polygon","coordinates":[[[-84.325,33.175],[-84.275,33.175],[-84.275,33.225],[-84.325,33.225],[-84.325,33.175]]]}},{"type":"Feature","properties":{"layer":"TEMPO NO2","transport":"Westward","timePeriod":"12:00-14:00 EDT Westward","NO2":1.68507266,"unit":"10^15 molecules cm^-2"},"geometry":{"type":"Polygon","coordinates":[[[-84.275,33.175],[-84.225,33.175],[-84.225,33.225],[-84.275,33.225],[-84.275,33.175]]]}},{"type":"Feature","properties":{"layer":"TEMPO NO2","transport":"Westward","timePeriod":"12:00-14:00 EDT Westward","NO2":1.63171983,"unit":"10^15 molecules cm^-2"},"geometry":{"type":"Polygon","coordinates":[[[-84.225,33.175],[-84.175,33.175],[-84.175,33.225],[-84.225,33.225],[-84.225,33.175]]]}},{"type":"Feature","properties":{"layer":"TEMPO NO2","transport":"Westward","timePeriod":"12:00-14:00 EDT Westward","NO2":1.54276979,"unit":"10^15 molecules cm^-2"},"geometry":{"type":"Polygon","coordinates":[[[-84.175,33.175],[-84.125,33.175],[-84.125,33.225],[-84.175,33.225],[-84.175,33.175]]]}},{"type":"Feature","properties":{"layer":"TEMPO NO2","transport":"Westward","timePeriod":"12:00-14:00 EDT Westward","NO2":1.56963515,"unit":"10^15 molecules cm^-2"},"geometry":{"type":"Polygon","coordinates":[[[-84.125,33.175],[-84.075,33.175],[-84.075,33.225],[-84.125,33.225],[-84.125,33.175]]]}},{"type":"Feature","properties":{"layer":"TEMPO NO2","transport":"Westward","timePeriod":"12:00-14:00 EDT Westward","NO2":1.54411411,"unit":"10^15 molecules cm^-2"},"geometry":{"type":"Polygon","coordinates":[[[-84.075,33.175],[-84.025,33.175],[-84.025,33.225],[-84.075,33.225],[-84.075,33.175]]]}},{"type":"Feature","properties":{"layer":"TEMPO NO2","transport":"Westward","timePeriod":"12:00-14:00 EDT Westward","NO2":1.42581534,"unit":"10^15 molecules cm^-2"},"geometry":{"type":"Polygon","coordinates":[[[-84.025,33.175],[-83.975,33.175],[-83.975,33.225],[-84.025,33.225],[-84.025,33.175]]]}},{"type":"Feature","properties":{"layer":"TEMPO NO2","transport":"Westward","timePeriod":"12:00-14:00 EDT Westward","NO2":1.39733016,"unit":"10^15 molecules cm^-2"},"geometry":{"type":"Polygon","coordinates":[[[-83.975,33.175],[-83.925,33.175],[-83.925,33.225],[-83.975,33.225],[-83.975,33.175]]]}},{"type":"Feature","properties":{"layer":"TEMPO NO2","transport":"Westward","timePeriod":"12:00-14:00 EDT Westward","NO2":1.37453401,"unit":"10^15 molecules cm^-2"},"geometry":{"type":"Polygon","coordinates":[[[-83.925,33.175],[-83.875,33.175],[-83.875,33.225],[-83.925,33.225],[-83.925,33.175]]]}},{"type":"Feature","properties":{"layer":"TEMPO NO2","transport":"Westward","timePeriod":"12:00-14:00 EDT Westward","NO2":1.38483524,"unit":"10^15 molecules cm^-2"},"geometry":{"type":"Polygon","coordinates":[[[-83.875,33.175],[-83.825,33.175],[-83.825,33.225],[-83.875,33.225],[-83.875,33.175]]]}},{"type":"Feature","properties":{"layer":"TEMPO NO2","transport":"Westward","timePeriod":"12:00-14:00 EDT Westward","NO2":1.40759289,"unit":"10^15 molecules cm^-2"},"geometry":{"type":"Polygon","coordinates":[[[-83.825,33.175],[-83.775,33.175],[-83.775,33.225],[-83.825,33.225],[-83.825,33.175]]]}},{"type":"Feature","properties":{"layer":"TEMPO NO2","transport":"Westward","timePeriod":"12:00-14:00 EDT Westward","NO2":1.84681427,"unit":"10^15 molecules cm^-2"},"geometry":{"type":"Polygon","coordinates":[[[-84.975,33.225],[-84.925,33.225],[-84.925,33.275],[-84.975,33.275],[-84.975,33.225]]]}},{"type":"Feature","properties":{"layer":"TEMPO NO2","transport":"Westward","timePeriod":"12:00-14:00 EDT Westward","NO2":1.66669035,"unit":"10^15 molecules cm^-2"},"geometry":{"type":"Polygon","coordinates":[[[-84.925,33.225],[-84.875,33.225],[-84.875,33.275],[-84.925,33.275],[-84.925,33.225]]]}},{"type":"Feature","properties":{"layer":"TEMPO NO2","transport":"Westward","timePeriod":"12:00-14:00 EDT Westward","NO2":1.57964766,"unit":"10^15 molecules cm^-2"},"geometry":{"type":"Polygon","coordinates":[[[-84.875,33.225],[-84.825,33.225],[-84.825,33.275],[-84.875,33.275],[-84.875,33.225]]]}},{"type":"Feature","properties":{"layer":"TEMPO NO2","transport":"Westward","timePeriod":"12:00-14:00 EDT Westward","NO2":1.47711253,"unit":"10^15 molecules cm^-2"},"geometry":{"type":"Polygon","coordinates":[[[-84.825,33.225],[-84.775,33.225],[-84.775,33.275],[-84.825,33.275],[-84.825,33.225]]]}},{"type":"Feature","properties":{"layer":"TEMPO NO2","transport":"Westward","timePeriod":"12:00-14:00 EDT Westward","NO2":1.41890299,"unit":"10^15 molecules cm^-2"},"geometry":{"type":"Polygon","coordinates":[[[-84.775,33.225],[-84.725,33.225],[-84.725,33.275],[-84.775,33.275],[-84.775,33.225]]]}},{"type":"Feature","properties":{"layer":"TEMPO NO2","transport":"Westward","timePeriod":"12:00-14:00 EDT Westward","NO2":1.44872105,"unit":"10^15 molecules cm^-2"},"geometry":{"type":"Polygon","coordinates":[[[-84.725,33.225],[-84.675,33.225],[-84.675,33.275],[-84.725,33.275],[-84.725,33.225]]]}},{"type":"Feature","properties":{"layer":"TEMPO NO2","transport":"Westward","timePeriod":"12:00-14:00 EDT Westward","NO2":1.81702685,"unit":"10^15 molecules cm^-2"},"geometry":{"type":"Polygon","coordinates":[[[-84.675,33.225],[-84.625,33.225],[-84.625,33.275],[-84.675,33.275],[-84.675,33.225]]]}},{"type":"Feature","properties":{"layer":"TEMPO NO2","transport":"Westward","timePeriod":"12:00-14:00 EDT Westward","NO2":1.62498653,"unit":"10^15 molecules cm^-2"},"geometry":{"type":"Polygon","coordinates":[[[-84.625,33.225],[-84.575,33.225],[-84.575,33.275],[-84.625,33.275],[-84.625,33.225]]]}},{"type":"Feature","properties":{"layer":"TEMPO NO2","transport":"Westward","timePeriod":"12:00-14:00 EDT Westward","NO2":1.66497314,"unit":"10^15 molecules cm^-2"},"geometry":{"type":"Polygon","coordinates":[[[-84.575,33.225],[-84.525,33.225],[-84.525,33.275],[-84.575,33.275],[-84.575,33.225]]]}},{"type":"Feature","properties":{"layer":"TEMPO NO2","transport":"Westward","timePeriod":"12:00-14:00 EDT Westward","NO2":1.54459178,"unit":"10^15 molecules cm^-2"},"geometry":{"type":"Polygon","coordinates":[[[-84.525,33.225],[-84.475,33.225],[-84.475,33.275],[-84.525,33.275],[-84.525,33.225]]]}},{"type":"Feature","properties":{"layer":"TEMPO NO2","transport":"Westward","timePeriod":"12:00-14:00 EDT Westward","NO2":1.53072619,"unit":"10^15 molecules cm^-2"},"geometry":{"type":"Polygon","coordinates":[[[-84.475,33.225],[-84.425,33.225],[-84.425,33.275],[-84.475,33.275],[-84.475,33.225]]]}},{"type":"Feature","properties":{"layer":"TEMPO NO2","transport":"Westward","timePeriod":"12:00-14:00 EDT Westward","NO2":1.62254679,"unit":"10^15 molecules cm^-2"},"geometry":{"type":"Polygon","coordinates":[[[-84.425,33.225],[-84.375,33.225],[-84.375,33.275],[-84.425,33.275],[-84.425,33.225]]]}},{"type":"Feature","properties":{"layer":"TEMPO NO2","transport":"Westward","timePeriod":"12:00-14:00 EDT Westward","NO2":1.85238767,"unit":"10^15 molecules cm^-2"},"geometry":{"type":"Polygon","coordinates":[[[-84.375,33.225],[-84.325,33.225],[-84.325,33.275],[-84.375,33.275],[-84.375,33.225]]]}},{"type":"Feature","properties":{"layer":"TEMPO NO2","transport":"Westward","timePeriod":"12:00-14:00 EDT Westward","NO2":1.57508469,"unit":"10^15 molecules cm^-2"},"geometry":{"type":"Polygon","coordinates":[[[-84.325,33.225],[-84.275,33.225],[-84.275,33.275],[-84.325,33.275],[-84.325,33.225]]]}},{"type":"Feature","properties":{"layer":"TEMPO NO2","transport":"Westward","timePeriod":"12:00-14:00 EDT Westward","NO2":1.36276579,"unit":"10^15 molecules cm^-2"},"geometry":{"type":"Polygon","coordinates":[[[-84.275,33.225],[-84.225,33.225],[-84.225,33.275],[-84.275,33.275],[-84.275,33.225]]]}},{"type":"Feature","properties":{"layer":"TEMPO NO2","transport":"Westward","timePeriod":"12:00-14:00 EDT Westward","NO2":1.47993255,"unit":"10^15 molecules cm^-2"},"geometry":{"type":"Polygon","coordinates":[[[-84.225,33.225],[-84.175,33.225],[-84.175,33.275],[-84.225,33.275],[-84.225,33.225]]]}},{"type":"Feature","properties":{"layer":"TEMPO NO2","transport":"Westward","timePeriod":"12:00-14:00 EDT Westward","NO2":1.29948401,"unit":"10^15 molecules cm^-2"},"geometry":{"type":"Polygon","coordinates":[[[-84.175,33.225],[-84.125,33.225],[-84.125,33.275],[-84.175,33.275],[-84.175,33.225]]]}},{"type":"Feature","properties":{"layer":"TEMPO NO2","transport":"Westward","timePeriod":"12:00-14:00 EDT Westward","NO2":1.58115184,"unit":"10^15 molecules cm^-2"},"geometry":{"type":"Polygon","coordinates":[[[-84.125,33.225],[-84.075,33.225],[-84.075,33.275],[-84.125,33.275],[-84.125,33.225]]]}},{"type":"Feature","properties":{"layer":"TEMPO NO2","transport":"Westward","timePeriod":"12:00-14:00 EDT Westward","NO2":1.66572976,"unit":"10^15 molecules cm^-2"},"geometry":{"type":"Polygon","coordinates":[[[-84.075,33.225],[-84.025,33.225],[-84.025,33.275],[-84.075,33.275],[-84.075,33.225]]]}},{"type":"Feature","properties":{"layer":"TEMPO NO2","transport":"Westward","timePeriod":"12:00-14:00 EDT Westward","NO2":1.50110149,"unit":"10^15 molecules cm^-2"},"geometry":{"type":"Polygon","coordinates":[[[-84.025,33.225],[-83.975,33.225],[-83.975,33.275],[-84.025,33.275],[-84.025,33.225]]]}},{"type":"Feature","properties":{"layer":"TEMPO NO2","transport":"Westward","timePeriod":"12:00-14:00 EDT Westward","NO2":1.30279684,"unit":"10^15 molecules cm^-2"},"geometry":{"type":"Polygon","coordinates":[[[-83.975,33.225],[-83.925,33.225],[-83.925,33.275],[-83.975,33.275],[-83.975,33.225]]]}},{"type":"Feature","properties":{"layer":"TEMPO NO2","transport":"Westward","timePeriod":"12:00-14:00 EDT Westward","NO2":1.25438166,"unit":"10^15 molecules cm^-2"},"geometry":{"type":"Polygon","coordinates":[[[-83.925,33.225],[-83.875,33.225],[-83.875,33.275],[-83.925,33.275],[-83.925,33.225]]]}},{"type":"Feature","properties":{"layer":"TEMPO NO2","transport":"Westward","timePeriod":"12:00-14:00 EDT Westward","NO2":1.17218208,"unit":"10^15 molecules cm^-2"},"geometry":{"type":"Polygon","coordinates":[[[-83.875,33.225],[-83.825,33.225],[-83.825,33.275],[-83.875,33.275],[-83.875,33.225]]]}},{"type":"Feature","properties":{"layer":"TEMPO NO2","transport":"Westward","timePeriod":"12:00-14:00 EDT Westward","NO2":1.31809795,"unit":"10^15 molecules cm^-2"},"geometry":{"type":"Polygon","coordinates":[[[-83.825,33.225],[-83.775,33.225],[-83.775,33.275],[-83.825,33.275],[-83.825,33.225]]]}},{"type":"Feature","properties":{"layer":"TEMPO NO2","transport":"Westward","timePeriod":"12:00-14:00 EDT Westward","NO2":1.37008715,"unit":"10^15 molecules cm^-2"},"geometry":{"type":"Polygon","coordinates":[[[-84.975,33.275],[-84.925,33.275],[-84.925,33.325],[-84.975,33.325],[-84.975,33.275]]]}},{"type":"Feature","properties":{"layer":"TEMPO NO2","transport":"Westward","timePeriod":"12:00-14:00 EDT Westward","NO2":1.36027014,"unit":"10^15 molecules cm^-2"},"geometry":{"type":"Polygon","coordinates":[[[-84.925,33.275],[-84.875,33.275],[-84.875,33.325],[-84.925,33.325],[-84.925,33.275]]]}},{"type":"Feature","properties":{"layer":"TEMPO NO2","transport":"Westward","timePeriod":"12:00-14:00 EDT Westward","NO2":1.52489901,"unit":"10^15 molecules cm^-2"},"geometry":{"type":"Polygon","coordinates":[[[-84.875,33.275],[-84.825,33.275],[-84.825,33.325],[-84.875,33.325],[-84.875,33.275]]]}},{"type":"Feature","properties":{"layer":"TEMPO NO2","transport":"Westward","timePeriod":"12:00-14:00 EDT Westward","NO2":1.78322482,"unit":"10^15 molecules cm^-2"},"geometry":{"type":"Polygon","coordinates":[[[-84.825,33.275],[-84.775,33.275],[-84.775,33.325],[-84.825,33.325],[-84.825,33.275]]]}},{"type":"Feature","properties":{"layer":"TEMPO NO2","transport":"Westward","timePeriod":"12:00-14:00 EDT Westward","NO2":1.57575643,"unit":"10^15 molecules cm^-2"},"geometry":{"type":"Polygon","coordinates":[[[-84.775,33.275],[-84.725,33.275],[-84.725,33.325],[-84.775,33.325],[-84.775,33.275]]]}},{"type":"Feature","properties":{"layer":"TEMPO NO2","transport":"Westward","timePeriod":"12:00-14:00 EDT Westward","NO2":1.54721153,"unit":"10^15 molecules cm^-2"},"geometry":{"type":"Polygon","coordinates":[[[-84.725,33.275],[-84.675,33.275],[-84.675,33.325],[-84.725,33.325],[-84.725,33.275]]]}},{"type":"Feature","properties":{"layer":"TEMPO NO2","transport":"Westward","timePeriod":"12:00-14:00 EDT Westward","NO2":1.56762707,"unit":"10^15 molecules cm^-2"},"geometry":{"type":"Polygon","coordinates":[[[-84.675,33.275],[-84.625,33.275],[-84.625,33.325],[-84.675,33.325],[-84.675,33.275]]]}},{"type":"Feature","properties":{"layer":"TEMPO NO2","transport":"Westward","timePeriod":"12:00-14:00 EDT Westward","NO2":1.40827358,"unit":"10^15 molecules cm^-2"},"geometry":{"type":"Polygon","coordinates":[[[-84.625,33.275],[-84.575,33.275],[-84.575,33.325],[-84.625,33.325],[-84.625,33.275]]]}},{"type":"Feature","properties":{"layer":"TEMPO NO2","transport":"Westward","timePeriod":"12:00-14:00 EDT Westward","NO2":1.27936101,"unit":"10^15 molecules cm^-2"},"geometry":{"type":"Polygon","coordinates":[[[-84.575,33.275],[-84.525,33.275],[-84.525,33.325],[-84.575,33.325],[-84.575,33.275]]]}},{"type":"Feature","properties":{"layer":"TEMPO NO2","transport":"Westward","timePeriod":"12:00-14:00 EDT Westward","NO2":1.54023826,"unit":"10^15 molecules cm^-2"},"geometry":{"type":"Polygon","coordinates":[[[-84.525,33.275],[-84.475,33.275],[-84.475,33.325],[-84.525,33.325],[-84.525,33.275]]]}},{"type":"Feature","properties":{"layer":"TEMPO NO2","transport":"Westward","timePeriod":"12:00-14:00 EDT Westward","NO2":1.67650664,"unit":"10^15 molecules cm^-2"},"geometry":{"type":"Polygon","coordinates":[[[-84.475,33.275],[-84.425,33.275],[-84.425,33.325],[-84.475,33.325],[-84.475,33.275]]]}},{"type":"Feature","properties":{"layer":"TEMPO NO2","transport":"Westward","timePeriod":"12:00-14:00 EDT Westward","NO2":1.73793423,"unit":"10^15 molecules cm^-2"},"geometry":{"type":"Polygon","coordinates":[[[-84.425,33.275],[-84.375,33.275],[-84.375,33.325],[-84.425,33.325],[-84.425,33.275]]]}},{"type":"Feature","properties":{"layer":"TEMPO NO2","transport":"Westward","timePeriod":"12:00-14:00 EDT Westward","NO2":1.8286711,"unit":"10^15 molecules cm^-2"},"geometry":{"type":"Polygon","coordinates":[[[-84.375,33.275],[-84.325,33.275],[-84.325,33.325],[-84.375,33.325],[-84.375,33.275]]]}},{"type":"Feature","properties":{"layer":"TEMPO NO2","transport":"Westward","timePeriod":"12:00-14:00 EDT Westward","NO2":1.72804964,"unit":"10^15 molecules cm^-2"},"geometry":{"type":"Polygon","coordinates":[[[-84.325,33.275],[-84.275,33.275],[-84.275,33.325],[-84.325,33.325],[-84.325,33.275]]]}},{"type":"Feature","properties":{"layer":"TEMPO NO2","transport":"Westward","timePeriod":"12:00-14:00 EDT Westward","NO2":1.49211121,"unit":"10^15 molecules cm^-2"},"geometry":{"type":"Polygon","coordinates":[[[-84.275,33.275],[-84.225,33.275],[-84.225,33.325],[-84.275,33.325],[-84.275,33.275]]]}},{"type":"Feature","properties":{"layer":"TEMPO NO2","transport":"Westward","timePeriod":"12:00-14:00 EDT Westward","NO2":1.60297012,"unit":"10^15 molecules cm^-2"},"geometry":{"type":"Polygon","coordinates":[[[-84.225,33.275],[-84.175,33.275],[-84.175,33.325],[-84.225,33.325],[-84.225,33.275]]]}},{"type":"Feature","properties":{"layer":"TEMPO NO2","transport":"Westward","timePeriod":"12:00-14:00 EDT Westward","NO2":1.78940284,"unit":"10^15 molecules cm^-2"},"geometry":{"type":"Polygon","coordinates":[[[-84.175,33.275],[-84.125,33.275],[-84.125,33.325],[-84.175,33.325],[-84.175,33.275]]]}},{"type":"Feature","properties":{"layer":"TEMPO NO2","transport":"Westward","timePeriod":"12:00-14:00 EDT Westward","NO2":2.23846412,"unit":"10^15 molecules cm^-2"},"geometry":{"type":"Polygon","coordinates":[[[-84.125,33.275],[-84.075,33.275],[-84.075,33.325],[-84.125,33.325],[-84.125,33.275]]]}},{"type":"Feature","properties":{"layer":"TEMPO NO2","transport":"Westward","timePeriod":"12:00-14:00 EDT Westward","NO2":1.37586594,"unit":"10^15 molecules cm^-2"},"geometry":{"type":"Polygon","coordinates":[[[-84.075,33.275],[-84.025,33.275],[-84.025,33.325],[-84.075,33.325],[-84.075,33.275]]]}},{"type":"Feature","properties":{"layer":"TEMPO NO2","transport":"Westward","timePeriod":"12:00-14:00 EDT Westward","NO2":1.37661016,"unit":"10^15 molecules cm^-2"},"geometry":{"type":"Polygon","coordinates":[[[-84.025,33.275],[-83.975,33.275],[-83.975,33.325],[-84.025,33.325],[-84.025,33.275]]]}},{"type":"Feature","properties":{"layer":"TEMPO NO2","transport":"Westward","timePeriod":"12:00-14:00 EDT Westward","NO2":1.44770694,"unit":"10^15 molecules cm^-2"},"geometry":{"type":"Polygon","coordinates":[[[-83.975,33.275],[-83.925,33.275],[-83.925,33.325],[-83.975,33.325],[-83.975,33.275]]]}},{"type":"Feature","properties":{"layer":"TEMPO NO2","transport":"Westward","timePeriod":"12:00-14:00 EDT Westward","NO2":1.42140555,"unit":"10^15 molecules cm^-2"},"geometry":{"type":"Polygon","coordinates":[[[-83.925,33.275],[-83.875,33.275],[-83.875,33.325],[-83.925,33.325],[-83.925,33.275]]]}},{"type":"Feature","properties":{"layer":"TEMPO NO2","transport":"Westward","timePeriod":"12:00-14:00 EDT Westward","NO2":1.28285444,"unit":"10^15 molecules cm^-2"},"geometry":{"type":"Polygon","coordinates":[[[-83.875,33.275],[-83.825,33.275],[-83.825,33.325],[-83.875,33.325],[-83.875,33.275]]]}},{"type":"Feature","properties":{"layer":"TEMPO NO2","transport":"Westward","timePeriod":"12:00-14:00 EDT Westward","NO2":1.47447491,"unit":"10^15 molecules cm^-2"},"geometry":{"type":"Polygon","coordinates":[[[-83.825,33.275],[-83.775,33.275],[-83.775,33.325],[-83.825,33.325],[-83.825,33.275]]]}},{"type":"Feature","properties":{"layer":"TEMPO NO2","transport":"Westward","timePeriod":"12:00-14:00 EDT Westward","NO2":1.77985632,"unit":"10^15 molecules cm^-2"},"geometry":{"type":"Polygon","coordinates":[[[-84.975,33.325],[-84.925,33.325],[-84.925,33.375],[-84.975,33.375],[-84.975,33.325]]]}},{"type":"Feature","properties":{"layer":"TEMPO NO2","transport":"Westward","timePeriod":"12:00-14:00 EDT Westward","NO2":1.56715488,"unit":"10^15 molecules cm^-2"},"geometry":{"type":"Polygon","coordinates":[[[-84.925,33.325],[-84.875,33.325],[-84.875,33.375],[-84.925,33.375],[-84.925,33.325]]]}},{"type":"Feature","properties":{"layer":"TEMPO NO2","transport":"Westward","timePeriod":"12:00-14:00 EDT Westward","NO2":1.46381438,"unit":"10^15 molecules cm^-2"},"geometry":{"type":"Polygon","coordinates":[[[-84.875,33.325],[-84.825,33.325],[-84.825,33.375],[-84.875,33.375],[-84.875,33.325]]]}},{"type":"Feature","properties":{"layer":"TEMPO NO2","transport":"Westward","timePeriod":"12:00-14:00 EDT Westward","NO2":1.71538579,"unit":"10^15 molecules cm^-2"},"geometry":{"type":"Polygon","coordinates":[[[-84.825,33.325],[-84.775,33.325],[-84.775,33.375],[-84.825,33.375],[-84.825,33.325]]]}},{"type":"Feature","properties":{"layer":"TEMPO NO2","transport":"Westward","timePeriod":"12:00-14:00 EDT Westward","NO2":1.58402741,"unit":"10^15 molecules cm^-2"},"geometry":{"type":"Polygon","coordinates":[[[-84.775,33.325],[-84.725,33.325],[-84.725,33.375],[-84.775,33.375],[-84.775,33.325]]]}},{"type":"Feature","properties":{"layer":"TEMPO NO2","transport":"Westward","timePeriod":"12:00-14:00 EDT Westward","NO2":1.45516634,"unit":"10^15 molecules cm^-2"},"geometry":{"type":"Polygon","coordinates":[[[-84.725,33.325],[-84.675,33.325],[-84.675,33.375],[-84.725,33.375],[-84.725,33.325]]]}},{"type":"Feature","properties":{"layer":"TEMPO NO2","transport":"Westward","timePeriod":"12:00-14:00 EDT Westward","NO2":1.67519474,"unit":"10^15 molecules cm^-2"},"geometry":{"type":"Polygon","coordinates":[[[-84.675,33.325],[-84.625,33.325],[-84.625,33.375],[-84.675,33.375],[-84.675,33.325]]]}},{"type":"Feature","properties":{"layer":"TEMPO NO2","transport":"Westward","timePeriod":"12:00-14:00 EDT Westward","NO2":1.71871769,"unit":"10^15 molecules cm^-2"},"geometry":{"type":"Polygon","coordinates":[[[-84.625,33.325],[-84.575,33.325],[-84.575,33.375],[-84.625,33.375],[-84.625,33.325]]]}},{"type":"Feature","properties":{"layer":"TEMPO NO2","transport":"Westward","timePeriod":"12:00-14:00 EDT Westward","NO2":1.53727984,"unit":"10^15 molecules cm^-2"},"geometry":{"type":"Polygon","coordinates":[[[-84.575,33.325],[-84.525,33.325],[-84.525,33.375],[-84.575,33.375],[-84.575,33.325]]]}},{"type":"Feature","properties":{"layer":"TEMPO NO2","transport":"Westward","timePeriod":"12:00-14:00 EDT Westward","NO2":1.23115885,"unit":"10^15 molecules cm^-2"},"geometry":{"type":"Polygon","coordinates":[[[-84.525,33.325],[-84.475,33.325],[-84.475,33.375],[-84.525,33.375],[-84.525,33.325]]]}},{"type":"Feature","properties":{"layer":"TEMPO NO2","transport":"Westward","timePeriod":"12:00-14:00 EDT Westward","NO2":1.43310392,"unit":"10^15 molecules cm^-2"},"geometry":{"type":"Polygon","coordinates":[[[-84.475,33.325],[-84.425,33.325],[-84.425,33.375],[-84.475,33.375],[-84.475,33.325]]]}},{"type":"Feature","properties":{"layer":"TEMPO NO2","transport":"Westward","timePeriod":"12:00-14:00 EDT Westward","NO2":1.6269145,"unit":"10^15 molecules cm^-2"},"geometry":{"type":"Polygon","coordinates":[[[-84.425,33.325],[-84.375,33.325],[-84.375,33.375],[-84.425,33.375],[-84.425,33.325]]]}},{"type":"Feature","properties":{"layer":"TEMPO NO2","transport":"Westward","timePeriod":"12:00-14:00 EDT Westward","NO2":1.63784742,"unit":"10^15 molecules cm^-2"},"geometry":{"type":"Polygon","coordinates":[[[-84.375,33.325],[-84.325,33.325],[-84.325,33.375],[-84.375,33.375],[-84.375,33.325]]]}},{"type":"Feature","properties":{"layer":"TEMPO NO2","transport":"Westward","timePeriod":"12:00-14:00 EDT Westward","NO2":1.72399426,"unit":"10^15 molecules cm^-2"},"geometry":{"type":"Polygon","coordinates":[[[-84.325,33.325],[-84.275,33.325],[-84.275,33.375],[-84.325,33.375],[-84.325,33.325]]]}},{"type":"Feature","properties":{"layer":"TEMPO NO2","transport":"Westward","timePeriod":"12:00-14:00 EDT Westward","NO2":1.64260983,"unit":"10^15 molecules cm^-2"},"geometry":{"type":"Polygon","coordinates":[[[-84.275,33.325],[-84.225,33.325],[-84.225,33.375],[-84.275,33.375],[-84.275,33.325]]]}},{"type":"Feature","properties":{"layer":"TEMPO NO2","transport":"Westward","timePeriod":"12:00-14:00 EDT Westward","NO2":1.6414789,"unit":"10^15 molecules cm^-2"},"geometry":{"type":"Polygon","coordinates":[[[-84.225,33.325],[-84.175,33.325],[-84.175,33.375],[-84.225,33.375],[-84.225,33.325]]]}},{"type":"Feature","properties":{"layer":"TEMPO NO2","transport":"Westward","timePeriod":"12:00-14:00 EDT Westward","NO2":1.53586268,"unit":"10^15 molecules cm^-2"},"geometry":{"type":"Polygon","coordinates":[[[-84.175,33.325],[-84.125,33.325],[-84.125,33.375],[-84.175,33.375],[-84.175,33.325]]]}},{"type":"Feature","properties":{"layer":"TEMPO NO2","transport":"Westward","timePeriod":"12:00-14:00 EDT Westward","NO2":1.77288663,"unit":"10^15 molecules cm^-2"},"geometry":{"type":"Polygon","coordinates":[[[-84.125,33.325],[-84.075,33.325],[-84.075,33.375],[-84.125,33.375],[-84.125,33.325]]]}},{"type":"Feature","properties":{"layer":"TEMPO NO2","transport":"Westward","timePeriod":"12:00-14:00 EDT Westward","NO2":1.4550221,"unit":"10^15 molecules cm^-2"},"geometry":{"type":"Polygon","coordinates":[[[-84.075,33.325],[-84.025,33.325],[-84.025,33.375],[-84.075,33.375],[-84.075,33.325]]]}},{"type":"Feature","properties":{"layer":"TEMPO NO2","transport":"Westward","timePeriod":"12:00-14:00 EDT Westward","NO2":1.22120631,"unit":"10^15 molecules cm^-2"},"geometry":{"type":"Polygon","coordinates":[[[-84.025,33.325],[-83.975,33.325],[-83.975,33.375],[-84.025,33.375],[-84.025,33.325]]]}},{"type":"Feature","properties":{"layer":"TEMPO NO2","transport":"Westward","timePeriod":"12:00-14:00 EDT Westward","NO2":1.3115195,"unit":"10^15 molecules cm^-2"},"geometry":{"type":"Polygon","coordinates":[[[-83.975,33.325],[-83.925,33.325],[-83.925,33.375],[-83.975,33.375],[-83.975,33.325]]]}},{"type":"Feature","properties":{"layer":"TEMPO NO2","transport":"Westward","timePeriod":"12:00-14:00 EDT Westward","NO2":1.2107929,"unit":"10^15 molecules cm^-2"},"geometry":{"type":"Polygon","coordinates":[[[-83.925,33.325],[-83.875,33.325],[-83.875,33.375],[-83.925,33.375],[-83.925,33.325]]]}},{"type":"Feature","properties":{"layer":"TEMPO NO2","transport":"Westward","timePeriod":"12:00-14:00 EDT Westward","NO2":1.1508739,"unit":"10^15 molecules cm^-2"},"geometry":{"type":"Polygon","coordinates":[[[-83.875,33.325],[-83.825,33.325],[-83.825,33.375],[-83.875,33.375],[-83.875,33.325]]]}},{"type":"Feature","properties":{"layer":"TEMPO NO2","transport":"Westward","timePeriod":"12:00-14:00 EDT Westward","NO2":1.28621399,"unit":"10^15 molecules cm^-2"},"geometry":{"type":"Polygon","coordinates":[[[-83.825,33.325],[-83.775,33.325],[-83.775,33.375],[-83.825,33.375],[-83.825,33.325]]]}},{"type":"Feature","properties":{"layer":"TEMPO NO2","transport":"Westward","timePeriod":"12:00-14:00 EDT Westward","NO2":1.94680452,"unit":"10^15 molecules cm^-2"},"geometry":{"type":"Polygon","coordinates":[[[-84.975,33.375],[-84.925,33.375],[-84.925,33.425],[-84.975,33.425],[-84.975,33.375]]]}},{"type":"Feature","properties":{"layer":"TEMPO NO2","transport":"Westward","timePeriod":"12:00-14:00 EDT Westward","NO2":1.57723081,"unit":"10^15 molecules cm^-2"},"geometry":{"type":"Polygon","coordinates":[[[-84.925,33.375],[-84.875,33.375],[-84.875,33.425],[-84.925,33.425],[-84.925,33.375]]]}},{"type":"Feature","properties":{"layer":"TEMPO NO2","transport":"Westward","timePeriod":"12:00-14:00 EDT Westward","NO2":1.69273901,"unit":"10^15 molecules cm^-2"},"geometry":{"type":"Polygon","coordinates":[[[-84.875,33.375],[-84.825,33.375],[-84.825,33.425],[-84.875,33.425],[-84.875,33.375]]]}},{"type":"Feature","properties":{"layer":"TEMPO NO2","transport":"Westward","timePeriod":"12:00-14:00 EDT Westward","NO2":1.81526077,"unit":"10^15 molecules cm^-2"},"geometry":{"type":"Polygon","coordinates":[[[-84.825,33.375],[-84.775,33.375],[-84.775,33.425],[-84.825,33.425],[-84.825,33.375]]]}},{"type":"Feature","properties":{"layer":"TEMPO NO2","transport":"Westward","timePeriod":"12:00-14:00 EDT Westward","NO2":1.74365497,"unit":"10^15 molecules cm^-2"},"geometry":{"type":"Polygon","coordinates":[[[-84.775,33.375],[-84.725,33.375],[-84.725,33.425],[-84.775,33.425],[-84.775,33.375]]]}},{"type":"Feature","properties":{"layer":"TEMPO NO2","transport":"Westward","timePeriod":"12:00-14:00 EDT Westward","NO2":1.71141922,"unit":"10^15 molecules cm^-2"},"geometry":{"type":"Polygon","coordinates":[[[-84.725,33.375],[-84.675,33.375],[-84.675,33.425],[-84.725,33.425],[-84.725,33.375]]]}},{"type":"Feature","properties":{"layer":"TEMPO NO2","transport":"Westward","timePeriod":"12:00-14:00 EDT Westward","NO2":1.58284187,"unit":"10^15 molecules cm^-2"},"geometry":{"type":"Polygon","coordinates":[[[-84.675,33.375],[-84.625,33.375],[-84.625,33.425],[-84.675,33.425],[-84.675,33.375]]]}},{"type":"Feature","properties":{"layer":"TEMPO NO2","transport":"Westward","timePeriod":"12:00-14:00 EDT Westward","NO2":1.84635973,"unit":"10^15 molecules cm^-2"},"geometry":{"type":"Polygon","coordinates":[[[-84.625,33.375],[-84.575,33.375],[-84.575,33.425],[-84.625,33.425],[-84.625,33.375]]]}},{"type":"Feature","properties":{"layer":"TEMPO NO2","transport":"Westward","timePeriod":"12:00-14:00 EDT Westward","NO2":2.1671865,"unit":"10^15 molecules cm^-2"},"geometry":{"type":"Polygon","coordinates":[[[-84.575,33.375],[-84.525,33.375],[-84.525,33.425],[-84.575,33.425],[-84.575,33.375]]]}},{"type":"Feature","properties":{"layer":"TEMPO NO2","transport":"Westward","timePeriod":"12:00-14:00 EDT Westward","NO2":1.74025691,"unit":"10^15 molecules cm^-2"},"geometry":{"type":"Polygon","coordinates":[[[-84.525,33.375],[-84.475,33.375],[-84.475,33.425],[-84.525,33.425],[-84.525,33.375]]]}},{"type":"Feature","properties":{"layer":"TEMPO NO2","transport":"Westward","timePeriod":"12:00-14:00 EDT Westward","NO2":1.70051539,"unit":"10^15 molecules cm^-2"},"geometry":{"type":"Polygon","coordinates":[[[-84.475,33.375],[-84.425,33.375],[-84.425,33.425],[-84.475,33.425],[-84.475,33.375]]]}},{"type":"Feature","properties":{"layer":"TEMPO NO2","transport":"Westward","timePeriod":"12:00-14:00 EDT Westward","NO2":1.83454835,"unit":"10^15 molecules cm^-2"},"geometry":{"type":"Polygon","coordinates":[[[-84.425,33.375],[-84.375,33.375],[-84.375,33.425],[-84.425,33.425],[-84.425,33.375]]]}},{"type":"Feature","properties":{"layer":"TEMPO NO2","transport":"Westward","timePeriod":"12:00-14:00 EDT Westward","NO2":1.74899554,"unit":"10^15 molecules cm^-2"},"geometry":{"type":"Polygon","coordinates":[[[-84.375,33.375],[-84.325,33.375],[-84.325,33.425],[-84.375,33.425],[-84.375,33.375]]]}},{"type":"Feature","properties":{"layer":"TEMPO NO2","transport":"Westward","timePeriod":"12:00-14:00 EDT Westward","NO2":1.76711154,"unit":"10^15 molecules cm^-2"},"geometry":{"type":"Polygon","coordinates":[[[-84.325,33.375],[-84.275,33.375],[-84.275,33.425],[-84.325,33.425],[-84.325,33.375]]]}},{"type":"Feature","properties":{"layer":"TEMPO NO2","transport":"Westward","timePeriod":"12:00-14:00 EDT Westward","NO2":1.5914923,"unit":"10^15 molecules cm^-2"},"geometry":{"type":"Polygon","coordinates":[[[-84.275,33.375],[-84.225,33.375],[-84.225,33.425],[-84.275,33.425],[-84.275,33.375]]]}},{"type":"Feature","properties":{"layer":"TEMPO NO2","transport":"Westward","timePeriod":"12:00-14:00 EDT Westward","NO2":1.96639502,"unit":"10^15 molecules cm^-2"},"geometry":{"type":"Polygon","coordinates":[[[-84.225,33.375],[-84.175,33.375],[-84.175,33.425],[-84.225,33.425],[-84.225,33.375]]]}},{"type":"Feature","properties":{"layer":"TEMPO NO2","transport":"Westward","timePeriod":"12:00-14:00 EDT Westward","NO2":1.66047049,"unit":"10^15 molecules cm^-2"},"geometry":{"type":"Polygon","coordinates":[[[-84.175,33.375],[-84.125,33.375],[-84.125,33.425],[-84.175,33.425],[-84.175,33.375]]]}},{"type":"Feature","properties":{"layer":"TEMPO NO2","transport":"Westward","timePeriod":"12:00-14:00 EDT Westward","NO2":1.54649234,"unit":"10^15 molecules cm^-2"},"geometry":{"type":"Polygon","coordinates":[[[-84.125,33.375],[-84.075,33.375],[-84.075,33.425],[-84.125,33.425],[-84.125,33.375]]]}},{"type":"Feature","properties":{"layer":"TEMPO NO2","transport":"Westward","timePeriod":"12:00-14:00 EDT Westward","NO2":1.27139652,"unit":"10^15 molecules cm^-2"},"geometry":{"type":"Polygon","coordinates":[[[-84.075,33.375],[-84.025,33.375],[-84.025,33.425],[-84.075,33.425],[-84.075,33.375]]]}},{"type":"Feature","properties":{"layer":"TEMPO NO2","transport":"Westward","timePeriod":"12:00-14:00 EDT Westward","NO2":1.33079267,"unit":"10^15 molecules cm^-2"},"geometry":{"type":"Polygon","coordinates":[[[-84.025,33.375],[-83.975,33.375],[-83.975,33.425],[-84.025,33.425],[-84.025,33.375]]]}},{"type":"Feature","properties":{"layer":"TEMPO NO2","transport":"Westward","timePeriod":"12:00-14:00 EDT Westward","NO2":1.39420688,"unit":"10^15 molecules cm^-2"},"geometry":{"type":"Polygon","coordinates":[[[-83.975,33.375],[-83.925,33.375],[-83.925,33.425],[-83.975,33.425],[-83.975,33.375]]]}},{"type":"Feature","properties":{"layer":"TEMPO NO2","transport":"Westward","timePeriod":"12:00-14:00 EDT Westward","NO2":1.36895478,"unit":"10^15 molecules cm^-2"},"geometry":{"type":"Polygon","coordinates":[[[-83.925,33.375],[-83.875,33.375],[-83.875,33.425],[-83.925,33.425],[-83.925,33.375]]]}},{"type":"Feature","properties":{"layer":"TEMPO NO2","transport":"Westward","timePeriod":"12:00-14:00 EDT Westward","NO2":1.16428149,"unit":"10^15 molecules cm^-2"},"geometry":{"type":"Polygon","coordinates":[[[-83.875,33.375],[-83.825,33.375],[-83.825,33.425],[-83.875,33.425],[-83.875,33.375]]]}},{"type":"Feature","properties":{"layer":"TEMPO NO2","transport":"Westward","timePeriod":"12:00-14:00 EDT Westward","NO2":1.23552775,"unit":"10^15 molecules cm^-2"},"geometry":{"type":"Polygon","coordinates":[[[-83.825,33.375],[-83.775,33.375],[-83.775,33.425],[-83.825,33.425],[-83.825,33.375]]]}},{"type":"Feature","properties":{"layer":"TEMPO NO2","transport":"Westward","timePeriod":"12:00-14:00 EDT Westward","NO2":1.75982463,"unit":"10^15 molecules cm^-2"},"geometry":{"type":"Polygon","coordinates":[[[-84.975,33.425],[-84.925,33.425],[-84.925,33.475],[-84.975,33.475],[-84.975,33.425]]]}},{"type":"Feature","properties":{"layer":"TEMPO NO2","transport":"Westward","timePeriod":"12:00-14:00 EDT Westward","NO2":2.03738666,"unit":"10^15 molecules cm^-2"},"geometry":{"type":"Polygon","coordinates":[[[-84.925,33.425],[-84.875,33.425],[-84.875,33.475],[-84.925,33.475],[-84.925,33.425]]]}},{"type":"Feature","properties":{"layer":"TEMPO NO2","transport":"Westward","timePeriod":"12:00-14:00 EDT Westward","NO2":2.11368513,"unit":"10^15 molecules cm^-2"},"geometry":{"type":"Polygon","coordinates":[[[-84.875,33.425],[-84.825,33.425],[-84.825,33.475],[-84.875,33.475],[-84.875,33.425]]]}},{"type":"Feature","properties":{"layer":"TEMPO NO2","transport":"Westward","timePeriod":"12:00-14:00 EDT Westward","NO2":2.07583666,"unit":"10^15 molecules cm^-2"},"geometry":{"type":"Polygon","coordinates":[[[-84.825,33.425],[-84.775,33.425],[-84.775,33.475],[-84.825,33.475],[-84.825,33.425]]]}},{"type":"Feature","properties":{"layer":"TEMPO NO2","transport":"Westward","timePeriod":"12:00-14:00 EDT Westward","NO2":2.1694839,"unit":"10^15 molecules cm^-2"},"geometry":{"type":"Polygon","coordinates":[[[-84.775,33.425],[-84.725,33.425],[-84.725,33.475],[-84.775,33.475],[-84.775,33.425]]]}},{"type":"Feature","properties":{"layer":"TEMPO NO2","transport":"Westward","timePeriod":"12:00-14:00 EDT Westward","NO2":1.99065602,"unit":"10^15 molecules cm^-2"},"geometry":{"type":"Polygon","coordinates":[[[-84.725,33.425],[-84.675,33.425],[-84.675,33.475],[-84.725,33.475],[-84.725,33.425]]]}},{"type":"Feature","properties":{"layer":"TEMPO NO2","transport":"Westward","timePeriod":"12:00-14:00 EDT Westward","NO2":1.89569414,"unit":"10^15 molecules cm^-2"},"geometry":{"type":"Polygon","coordinates":[[[-84.675,33.425],[-84.625,33.425],[-84.625,33.475],[-84.675,33.475],[-84.675,33.425]]]}},{"type":"Feature","properties":{"layer":"TEMPO NO2","transport":"Westward","timePeriod":"12:00-14:00 EDT Westward","NO2":2.09978247,"unit":"10^15 molecules cm^-2"},"geometry":{"type":"Polygon","coordinates":[[[-84.625,33.425],[-84.575,33.425],[-84.575,33.475],[-84.625,33.475],[-84.625,33.425]]]}},{"type":"Feature","properties":{"layer":"TEMPO NO2","transport":"Westward","timePeriod":"12:00-14:00 EDT Westward","NO2":2.08892465,"unit":"10^15 molecules cm^-2"},"geometry":{"type":"Polygon","coordinates":[[[-84.575,33.425],[-84.525,33.425],[-84.525,33.475],[-84.575,33.475],[-84.575,33.425]]]}},{"type":"Feature","properties":{"layer":"TEMPO NO2","transport":"Westward","timePeriod":"12:00-14:00 EDT Westward","NO2":1.87691879,"unit":"10^15 molecules cm^-2"},"geometry":{"type":"Polygon","coordinates":[[[-84.525,33.425],[-84.475,33.425],[-84.475,33.475],[-84.525,33.475],[-84.525,33.425]]]}},{"type":"Feature","properties":{"layer":"TEMPO NO2","transport":"Westward","timePeriod":"12:00-14:00 EDT Westward","NO2":1.77259624,"unit":"10^15 molecules cm^-2"},"geometry":{"type":"Polygon","coordinates":[[[-84.475,33.425],[-84.425,33.425],[-84.425,33.475],[-84.475,33.475],[-84.475,33.425]]]}},{"type":"Feature","properties":{"layer":"TEMPO NO2","transport":"Westward","timePeriod":"12:00-14:00 EDT Westward","NO2":1.63034499,"unit":"10^15 molecules cm^-2"},"geometry":{"type":"Polygon","coordinates":[[[-84.425,33.425],[-84.375,33.425],[-84.375,33.475],[-84.425,33.475],[-84.425,33.425]]]}},{"type":"Feature","properties":{"layer":"TEMPO NO2","transport":"Westward","timePeriod":"12:00-14:00 EDT Westward","NO2":1.69684517,"unit":"10^15 molecules cm^-2"},"geometry":{"type":"Polygon","coordinates":[[[-84.375,33.425],[-84.325,33.425],[-84.325,33.475],[-84.375,33.475],[-84.375,33.425]]]}},{"type":"Feature","properties":{"layer":"TEMPO NO2","transport":"Westward","timePeriod":"12:00-14:00 EDT Westward","NO2":1.92957628,"unit":"10^15 molecules cm^-2"},"geometry":{"type":"Polygon","coordinates":[[[-84.325,33.425],[-84.275,33.425],[-84.275,33.475],[-84.325,33.475],[-84.325,33.425]]]}},{"type":"Feature","properties":{"layer":"TEMPO NO2","transport":"Westward","timePeriod":"12:00-14:00 EDT Westward","NO2":1.72193921,"unit":"10^15 molecules cm^-2"},"geometry":{"type":"Polygon","coordinates":[[[-84.275,33.425],[-84.225,33.425],[-84.225,33.475],[-84.275,33.475],[-84.275,33.425]]]}},{"type":"Feature","properties":{"layer":"TEMPO NO2","transport":"Westward","timePeriod":"12:00-14:00 EDT Westward","NO2":2.40400934,"unit":"10^15 molecules cm^-2"},"geometry":{"type":"Polygon","coordinates":[[[-84.225,33.425],[-84.175,33.425],[-84.175,33.475],[-84.225,33.475],[-84.225,33.425]]]}},{"type":"Feature","properties":{"layer":"TEMPO NO2","transport":"Westward","timePeriod":"12:00-14:00 EDT Westward","NO2":2.56988096,"unit":"10^15 molecules cm^-2"},"geometry":{"type":"Polygon","coordinates":[[[-84.175,33.425],[-84.125,33.425],[-84.125,33.475],[-84.175,33.475],[-84.175,33.425]]]}},{"type":"Feature","properties":{"layer":"TEMPO NO2","transport":"Westward","timePeriod":"12:00-14:00 EDT Westward","NO2":1.6408304,"unit":"10^15 molecules cm^-2"},"geometry":{"type":"Polygon","coordinates":[[[-84.125,33.425],[-84.075,33.425],[-84.075,33.475],[-84.125,33.475],[-84.125,33.425]]]}},{"type":"Feature","properties":{"layer":"TEMPO NO2","transport":"Westward","timePeriod":"12:00-14:00 EDT Westward","NO2":1.25937283,"unit":"10^15 molecules cm^-2"},"geometry":{"type":"Polygon","coordinates":[[[-84.075,33.425],[-84.025,33.425],[-84.025,33.475],[-84.075,33.475],[-84.075,33.425]]]}},{"type":"Feature","properties":{"layer":"TEMPO NO2","transport":"Westward","timePeriod":"12:00-14:00 EDT Westward","NO2":1.34540248,"unit":"10^15 molecules cm^-2"},"geometry":{"type":"Polygon","coordinates":[[[-84.025,33.425],[-83.975,33.425],[-83.975,33.475],[-84.025,33.475],[-84.025,33.425]]]}},{"type":"Feature","properties":{"layer":"TEMPO NO2","transport":"Westward","timePeriod":"12:00-14:00 EDT Westward","NO2":1.40760994,"unit":"10^15 molecules cm^-2"},"geometry":{"type":"Polygon","coordinates":[[[-83.975,33.425],[-83.925,33.425],[-83.925,33.475],[-83.975,33.475],[-83.975,33.425]]]}},{"type":"Feature","properties":{"layer":"TEMPO NO2","transport":"Westward","timePeriod":"12:00-14:00 EDT Westward","NO2":1.39482188,"unit":"10^15 molecules cm^-2"},"geometry":{"type":"Polygon","coordinates":[[[-83.925,33.425],[-83.875,33.425],[-83.875,33.475],[-83.925,33.475],[-83.925,33.425]]]}},{"type":"Feature","properties":{"layer":"TEMPO NO2","transport":"Westward","timePeriod":"12:00-14:00 EDT Westward","NO2":1.40221989,"unit":"10^15 molecules cm^-2"},"geometry":{"type":"Polygon","coordinates":[[[-83.875,33.425],[-83.825,33.425],[-83.825,33.475],[-83.875,33.475],[-83.875,33.425]]]}},{"type":"Feature","properties":{"layer":"TEMPO NO2","transport":"Westward","timePeriod":"12:00-14:00 EDT Westward","NO2":1.34056914,"unit":"10^15 molecules cm^-2"},"geometry":{"type":"Polygon","coordinates":[[[-83.825,33.425],[-83.775,33.425],[-83.775,33.475],[-83.825,33.475],[-83.825,33.425]]]}},{"type":"Feature","properties":{"layer":"TEMPO NO2","transport":"Westward","timePeriod":"12:00-14:00 EDT Westward","NO2":1.84171188,"unit":"10^15 molecules cm^-2"},"geometry":{"type":"Polygon","coordinates":[[[-84.975,33.475],[-84.925,33.475],[-84.925,33.525],[-84.975,33.525],[-84.975,33.475]]]}},{"type":"Feature","properties":{"layer":"TEMPO NO2","transport":"Westward","timePeriod":"12:00-14:00 EDT Westward","NO2":2.6481998,"unit":"10^15 molecules cm^-2"},"geometry":{"type":"Polygon","coordinates":[[[-84.925,33.475],[-84.875,33.475],[-84.875,33.525],[-84.925,33.525],[-84.925,33.475]]]}},{"type":"Feature","properties":{"layer":"TEMPO NO2","transport":"Westward","timePeriod":"12:00-14:00 EDT Westward","NO2":2.30129766,"unit":"10^15 molecules cm^-2"},"geometry":{"type":"Polygon","coordinates":[[[-84.875,33.475],[-84.825,33.475],[-84.825,33.525],[-84.875,33.525],[-84.875,33.475]]]}},{"type":"Feature","properties":{"layer":"TEMPO NO2","transport":"Westward","timePeriod":"12:00-14:00 EDT Westward","NO2":1.96243286,"unit":"10^15 molecules cm^-2"},"geometry":{"type":"Polygon","coordinates":[[[-84.825,33.475],[-84.775,33.475],[-84.775,33.525],[-84.825,33.525],[-84.825,33.475]]]}},{"type":"Feature","properties":{"layer":"TEMPO NO2","transport":"Westward","timePeriod":"12:00-14:00 EDT Westward","NO2":1.89147282,"unit":"10^15 molecules cm^-2"},"geometry":{"type":"Polygon","coordinates":[[[-84.775,33.475],[-84.725,33.475],[-84.725,33.525],[-84.775,33.525],[-84.775,33.475]]]}},{"type":"Feature","properties":{"layer":"TEMPO NO2","transport":"Westward","timePeriod":"12:00-14:00 EDT Westward","NO2":1.78061748,"unit":"10^15 molecules cm^-2"},"geometry":{"type":"Polygon","coordinates":[[[-84.725,33.475],[-84.675,33.475],[-84.675,33.525],[-84.725,33.525],[-84.725,33.475]]]}},{"type":"Feature","properties":{"layer":"TEMPO NO2","transport":"Westward","timePeriod":"12:00-14:00 EDT Westward","NO2":2.22470617,"unit":"10^15 molecules cm^-2"},"geometry":{"type":"Polygon","coordinates":[[[-84.675,33.475],[-84.625,33.475],[-84.625,33.525],[-84.675,33.525],[-84.675,33.475]]]}},{"type":"Feature","properties":{"layer":"TEMPO NO2","transport":"Westward","timePeriod":"12:00-14:00 EDT Westward","NO2":2.19969034,"unit":"10^15 molecules cm^-2"},"geometry":{"type":"Polygon","coordinates":[[[-84.625,33.475],[-84.575,33.475],[-84.575,33.525],[-84.625,33.525],[-84.625,33.475]]]}},{"type":"Feature","properties":{"layer":"TEMPO NO2","transport":"Westward","timePeriod":"12:00-14:00 EDT Westward","NO2":2.18629694,"unit":"10^15 molecules cm^-2"},"geometry":{"type":"Polygon","coordinates":[[[-84.575,33.475],[-84.525,33.475],[-84.525,33.525],[-84.575,33.525],[-84.575,33.475]]]}},{"type":"Feature","properties":{"layer":"TEMPO NO2","transport":"Westward","timePeriod":"12:00-14:00 EDT Westward","NO2":2.18417978,"unit":"10^15 molecules cm^-2"},"geometry":{"type":"Polygon","coordinates":[[[-84.525,33.475],[-84.475,33.475],[-84.475,33.525],[-84.525,33.525],[-84.525,33.475]]]}},{"type":"Feature","properties":{"layer":"TEMPO NO2","transport":"Westward","timePeriod":"12:00-14:00 EDT Westward","NO2":2.3763392,"unit":"10^15 molecules cm^-2"},"geometry":{"type":"Polygon","coordinates":[[[-84.475,33.475],[-84.425,33.475],[-84.425,33.525],[-84.475,33.525],[-84.475,33.475]]]}},{"type":"Feature","properties":{"layer":"TEMPO NO2","transport":"Westward","timePeriod":"12:00-14:00 EDT Westward","NO2":1.92247057,"unit":"10^15 molecules cm^-2"},"geometry":{"type":"Polygon","coordinates":[[[-84.425,33.475],[-84.375,33.475],[-84.375,33.525],[-84.425,33.525],[-84.425,33.475]]]}},{"type":"Feature","properties":{"layer":"TEMPO NO2","transport":"Westward","timePeriod":"12:00-14:00 EDT Westward","NO2":2.11008525,"unit":"10^15 molecules cm^-2"},"geometry":{"type":"Polygon","coordinates":[[[-84.375,33.475],[-84.325,33.475],[-84.325,33.525],[-84.375,33.525],[-84.375,33.475]]]}},{"type":"Feature","properties":{"layer":"TEMPO NO2","transport":"Westward","timePeriod":"12:00-14:00 EDT Westward","NO2":2.04370427,"unit":"10^15 molecules cm^-2"},"geometry":{"type":"Polygon","coordinates":[[[-84.325,33.475],[-84.275,33.475],[-84.275,33.525],[-84.325,33.525],[-84.325,33.475]]]}},{"type":"Feature","properties":{"layer":"TEMPO NO2","transport":"Westward","timePeriod":"12:00-14:00 EDT Westward","NO2":2.34205031,"unit":"10^15 molecules cm^-2"},"geometry":{"type":"Polygon","coordinates":[[[-84.275,33.475],[-84.225,33.475],[-84.225,33.525],[-84.275,33.525],[-84.275,33.475]]]}},{"type":"Feature","properties":{"layer":"TEMPO NO2","transport":"Westward","timePeriod":"12:00-14:00 EDT Westward","NO2":2.2338798,"unit":"10^15 molecules cm^-2"},"geometry":{"type":"Polygon","coordinates":[[[-84.225,33.475],[-84.175,33.475],[-84.175,33.525],[-84.225,33.525],[-84.225,33.475]]]}},{"type":"Feature","properties":{"layer":"TEMPO NO2","transport":"Westward","timePeriod":"12:00-14:00 EDT Westward","NO2":1.76578486,"unit":"10^15 molecules cm^-2"},"geometry":{"type":"Polygon","coordinates":[[[-84.175,33.475],[-84.125,33.475],[-84.125,33.525],[-84.175,33.525],[-84.175,33.475]]]}},{"type":"Feature","properties":{"layer":"TEMPO NO2","transport":"Westward","timePeriod":"12:00-14:00 EDT Westward","NO2":1.54228771,"unit":"10^15 molecules cm^-2"},"geometry":{"type":"Polygon","coordinates":[[[-84.125,33.475],[-84.075,33.475],[-84.075,33.525],[-84.125,33.525],[-84.125,33.475]]]}},{"type":"Feature","properties":{"layer":"TEMPO NO2","transport":"Westward","timePeriod":"12:00-14:00 EDT Westward","NO2":1.55592787,"unit":"10^15 molecules cm^-2"},"geometry":{"type":"Polygon","coordinates":[[[-84.075,33.475],[-84.025,33.475],[-84.025,33.525],[-84.075,33.525],[-84.075,33.475]]]}},{"type":"Feature","properties":{"layer":"TEMPO NO2","transport":"Westward","timePeriod":"12:00-14:00 EDT Westward","NO2":1.47262645,"unit":"10^15 molecules cm^-2"},"geometry":{"type":"Polygon","coordinates":[[[-84.025,33.475],[-83.975,33.475],[-83.975,33.525],[-84.025,33.525],[-84.025,33.475]]]}},{"type":"Feature","properties":{"layer":"TEMPO NO2","transport":"Westward","timePeriod":"12:00-14:00 EDT Westward","NO2":1.41984534,"unit":"10^15 molecules cm^-2"},"geometry":{"type":"Polygon","coordinates":[[[-83.975,33.475],[-83.925,33.475],[-83.925,33.525],[-83.975,33.525],[-83.975,33.475]]]}},{"type":"Feature","properties":{"layer":"TEMPO NO2","transport":"Westward","timePeriod":"12:00-14:00 EDT Westward","NO2":1.4429692,"unit":"10^15 molecules cm^-2"},"geometry":{"type":"Polygon","coordinates":[[[-83.925,33.475],[-83.875,33.475],[-83.875,33.525],[-83.925,33.525],[-83.925,33.475]]]}},{"type":"Feature","properties":{"layer":"TEMPO NO2","transport":"Westward","timePeriod":"12:00-14:00 EDT Westward","NO2":1.51167321,"unit":"10^15 molecules cm^-2"},"geometry":{"type":"Polygon","coordinates":[[[-83.875,33.475],[-83.825,33.475],[-83.825,33.525],[-83.875,33.525],[-83.875,33.475]]]}},{"type":"Feature","properties":{"layer":"TEMPO NO2","transport":"Westward","timePeriod":"12:00-14:00 EDT Westward","NO2":1.42764258,"unit":"10^15 molecules cm^-2"},"geometry":{"type":"Polygon","coordinates":[[[-83.825,33.475],[-83.775,33.475],[-83.775,33.525],[-83.825,33.525],[-83.825,33.475]]]}},{"type":"Feature","properties":{"layer":"TEMPO NO2","transport":"Westward","timePeriod":"12:00-14:00 EDT Westward","NO2":1.6890192,"unit":"10^15 molecules cm^-2"},"geometry":{"type":"Polygon","coordinates":[[[-84.975,33.525],[-84.925,33.525],[-84.925,33.575],[-84.975,33.575],[-84.975,33.525]]]}},{"type":"Feature","properties":{"layer":"TEMPO NO2","transport":"Westward","timePeriod":"12:00-14:00 EDT Westward","NO2":1.65222633,"unit":"10^15 molecules cm^-2"},"geometry":{"type":"Polygon","coordinates":[[[-84.925,33.525],[-84.875,33.525],[-84.875,33.575],[-84.925,33.575],[-84.925,33.525]]]}},{"type":"Feature","properties":{"layer":"TEMPO NO2","transport":"Westward","timePeriod":"12:00-14:00 EDT Westward","NO2":1.81795049,"unit":"10^15 molecules cm^-2"},"geometry":{"type":"Polygon","coordinates":[[[-84.875,33.525],[-84.825,33.525],[-84.825,33.575],[-84.875,33.575],[-84.875,33.525]]]}},{"type":"Feature","properties":{"layer":"TEMPO NO2","transport":"Westward","timePeriod":"12:00-14:00 EDT Westward","NO2":1.7975558,"unit":"10^15 molecules cm^-2"},"geometry":{"type":"Polygon","coordinates":[[[-84.825,33.525],[-84.775,33.525],[-84.775,33.575],[-84.825,33.575],[-84.825,33.525]]]}},{"type":"Feature","properties":{"layer":"TEMPO NO2","transport":"Westward","timePeriod":"12:00-14:00 EDT Westward","NO2":1.81558239,"unit":"10^15 molecules cm^-2"},"geometry":{"type":"Polygon","coordinates":[[[-84.775,33.525],[-84.725,33.525],[-84.725,33.575],[-84.775,33.575],[-84.775,33.525]]]}},{"type":"Feature","properties":{"layer":"TEMPO NO2","transport":"Westward","timePeriod":"12:00-14:00 EDT Westward","NO2":2.01804829,"unit":"10^15 molecules cm^-2"},"geometry":{"type":"Polygon","coordinates":[[[-84.725,33.525],[-84.675,33.525],[-84.675,33.575],[-84.725,33.575],[-84.725,33.525]]]}},{"type":"Feature","properties":{"layer":"TEMPO NO2","transport":"Westward","timePeriod":"12:00-14:00 EDT Westward","NO2":2.16641235,"unit":"10^15 molecules cm^-2"},"geometry":{"type":"Polygon","coordinates":[[[-84.675,33.525],[-84.625,33.525],[-84.625,33.575],[-84.675,33.575],[-84.675,33.525]]]}},{"type":"Feature","properties":{"layer":"TEMPO NO2","transport":"Westward","timePeriod":"12:00-14:00 EDT Westward","NO2":2.31504941,"unit":"10^15 molecules cm^-2"},"geometry":{"type":"Polygon","coordinates":[[[-84.625,33.525],[-84.575,33.525],[-84.575,33.575],[-84.625,33.575],[-84.625,33.525]]]}},{"type":"Feature","properties":{"layer":"TEMPO NO2","transport":"Westward","timePeriod":"12:00-14:00 EDT Westward","NO2":2.2356534,"unit":"10^15 molecules cm^-2"},"geometry":{"type":"Polygon","coordinates":[[[-84.575,33.525],[-84.525,33.525],[-84.525,33.575],[-84.575,33.575],[-84.575,33.525]]]}},{"type":"Feature","properties":{"layer":"TEMPO NO2","transport":"Westward","timePeriod":"12:00-14:00 EDT Westward","NO2":2.15624905,"unit":"10^15 molecules cm^-2"},"geometry":{"type":"Polygon","coordinates":[[[-84.525,33.525],[-84.475,33.525],[-84.475,33.575],[-84.525,33.575],[-84.525,33.525]]]}},{"type":"Feature","properties":{"layer":"TEMPO NO2","transport":"Westward","timePeriod":"12:00-14:00 EDT Westward","NO2":2.43869472,"unit":"10^15 molecules cm^-2"},"geometry":{"type":"Polygon","coordinates":[[[-84.475,33.525],[-84.425,33.525],[-84.425,33.575],[-84.475,33.575],[-84.475,33.525]]]}},{"type":"Feature","properties":{"layer":"TEMPO NO2","transport":"Westward","timePeriod":"12:00-14:00 EDT Westward","NO2":2.23654246,"unit":"10^15 molecules cm^-2"},"geometry":{"type":"Polygon","coordinates":[[[-84.425,33.525],[-84.375,33.525],[-84.375,33.575],[-84.425,33.575],[-84.425,33.525]]]}},{"type":"Feature","properties":{"layer":"TEMPO NO2","transport":"Westward","timePeriod":"12:00-14:00 EDT Westward","NO2":2.22125411,"unit":"10^15 molecules cm^-2"},"geometry":{"type":"Polygon","coordinates":[[[-84.375,33.525],[-84.325,33.525],[-84.325,33.575],[-84.375,33.575],[-84.375,33.525]]]}},{"type":"Feature","properties":{"layer":"TEMPO NO2","transport":"Westward","timePeriod":"12:00-14:00 EDT Westward","NO2":1.95826495,"unit":"10^15 molecules cm^-2"},"geometry":{"type":"Polygon","coordinates":[[[-84.325,33.525],[-84.275,33.525],[-84.275,33.575],[-84.325,33.575],[-84.325,33.525]]]}},{"type":"Feature","properties":{"layer":"TEMPO NO2","transport":"Westward","timePeriod":"12:00-14:00 EDT Westward","NO2":2.33615756,"unit":"10^15 molecules cm^-2"},"geometry":{"type":"Polygon","coordinates":[[[-84.275,33.525],[-84.225,33.525],[-84.225,33.575],[-84.275,33.575],[-84.275,33.525]]]}},{"type":"Feature","properties":{"layer":"TEMPO NO2","transport":"Westward","timePeriod":"12:00-14:00 EDT Westward","NO2":2.30327868,"unit":"10^15 molecules cm^-2"},"geometry":{"type":"Polygon","coordinates":[[[-84.225,33.525],[-84.175,33.525],[-84.175,33.575],[-84.225,33.575],[-84.225,33.525]]]}},{"type":"Feature","properties":{"layer":"TEMPO NO2","transport":"Westward","timePeriod":"12:00-14:00 EDT Westward","NO2":1.84060252,"unit":"10^15 molecules cm^-2"},"geometry":{"type":"Polygon","coordinates":[[[-84.175,33.525],[-84.125,33.525],[-84.125,33.575],[-84.175,33.575],[-84.175,33.525]]]}},{"type":"Feature","properties":{"layer":"TEMPO NO2","transport":"Westward","timePeriod":"12:00-14:00 EDT Westward","NO2":1.5637424,"unit":"10^15 molecules cm^-2"},"geometry":{"type":"Polygon","coordinates":[[[-84.125,33.525],[-84.075,33.525],[-84.075,33.575],[-84.125,33.575],[-84.125,33.525]]]}},{"type":"Feature","properties":{"layer":"TEMPO NO2","transport":"Westward","timePeriod":"12:00-14:00 EDT Westward","NO2":1.52602279,"unit":"10^15 molecules cm^-2"},"geometry":{"type":"Polygon","coordinates":[[[-84.075,33.525],[-84.025,33.525],[-84.025,33.575],[-84.075,33.575],[-84.075,33.525]]]}},{"type":"Feature","properties":{"layer":"TEMPO NO2","transport":"Westward","timePeriod":"12:00-14:00 EDT Westward","NO2":1.43054235,"unit":"10^15 molecules cm^-2"},"geometry":{"type":"Polygon","coordinates":[[[-84.025,33.525],[-83.975,33.525],[-83.975,33.575],[-84.025,33.575],[-84.025,33.525]]]}},{"type":"Feature","properties":{"layer":"TEMPO NO2","transport":"Westward","timePeriod":"12:00-14:00 EDT Westward","NO2":1.44966829,"unit":"10^15 molecules cm^-2"},"geometry":{"type":"Polygon","coordinates":[[[-83.975,33.525],[-83.925,33.525],[-83.925,33.575],[-83.975,33.575],[-83.975,33.525]]]}},{"type":"Feature","properties":{"layer":"TEMPO NO2","transport":"Westward","timePeriod":"12:00-14:00 EDT Westward","NO2":1.42856979,"unit":"10^15 molecules cm^-2"},"geometry":{"type":"Polygon","coordinates":[[[-83.925,33.525],[-83.875,33.525],[-83.875,33.575],[-83.925,33.575],[-83.925,33.525]]]}},{"type":"Feature","properties":{"layer":"TEMPO NO2","transport":"Westward","timePeriod":"12:00-14:00 EDT Westward","NO2":1.69317091,"unit":"10^15 molecules cm^-2"},"geometry":{"type":"Polygon","coordinates":[[[-83.875,33.525],[-83.825,33.525],[-83.825,33.575],[-83.875,33.575],[-83.875,33.525]]]}},{"type":"Feature","properties":{"layer":"TEMPO NO2","transport":"Westward","timePeriod":"12:00-14:00 EDT Westward","NO2":1.55556715,"unit":"10^15 molecules cm^-2"},"geometry":{"type":"Polygon","coordinates":[[[-83.825,33.525],[-83.775,33.525],[-83.775,33.575],[-83.825,33.575],[-83.825,33.525]]]}},{"type":"Feature","properties":{"layer":"TEMPO NO2","transport":"Westward","timePeriod":"12:00-14:00 EDT Westward","NO2":1.77934599,"unit":"10^15 molecules cm^-2"},"geometry":{"type":"Polygon","coordinates":[[[-84.975,33.575],[-84.925,33.575],[-84.925,33.625],[-84.975,33.625],[-84.975,33.575]]]}},{"type":"Feature","properties":{"layer":"TEMPO NO2","transport":"Westward","timePeriod":"12:00-14:00 EDT Westward","NO2":1.80838084,"unit":"10^15 molecules cm^-2"},"geometry":{"type":"Polygon","coordinates":[[[-84.925,33.575],[-84.875,33.575],[-84.875,33.625],[-84.925,33.625],[-84.925,33.575]]]}},{"type":"Feature","properties":{"layer":"TEMPO NO2","transport":"Westward","timePeriod":"12:00-14:00 EDT Westward","NO2":1.89632308,"unit":"10^15 molecules cm^-2"},"geometry":{"type":"Polygon","coordinates":[[[-84.875,33.575],[-84.825,33.575],[-84.825,33.625],[-84.875,33.625],[-84.875,33.575]]]}},{"type":"Feature","properties":{"layer":"TEMPO NO2","transport":"Westward","timePeriod":"12:00-14:00 EDT Westward","NO2":1.80634403,"unit":"10^15 molecules cm^-2"},"geometry":{"type":"Polygon","coordinates":[[[-84.825,33.575],[-84.775,33.575],[-84.775,33.625],[-84.825,33.625],[-84.825,33.575]]]}},{"type":"Feature","properties":{"layer":"TEMPO NO2","transport":"Westward","timePeriod":"12:00-14:00 EDT Westward","NO2":1.72342539,"unit":"10^15 molecules cm^-2"},"geometry":{"type":"Polygon","coordinates":[[[-84.775,33.575],[-84.725,33.575],[-84.725,33.625],[-84.775,33.625],[-84.775,33.575]]]}},{"type":"Feature","properties":{"layer":"TEMPO NO2","transport":"Westward","timePeriod":"12:00-14:00 EDT Westward","NO2":1.84240746,"unit":"10^15 molecules cm^-2"},"geometry":{"type":"Polygon","coordinates":[[[-84.725,33.575],[-84.675,33.575],[-84.675,33.625],[-84.725,33.625],[-84.725,33.575]]]}},{"type":"Feature","properties":{"layer":"TEMPO NO2","transport":"Westward","timePeriod":"12:00-14:00 EDT Westward","NO2":2.37894249,"unit":"10^15 molecules cm^-2"},"geometry":{"type":"Polygon","coordinates":[[[-84.675,33.575],[-84.625,33.575],[-84.625,33.625],[-84.675,33.625],[-84.675,33.575]]]}},{"type":"Feature","properties":{"layer":"TEMPO NO2","transport":"Westward","timePeriod":"12:00-14:00 EDT Westward","NO2":2.68810606,"unit":"10^15 molecules cm^-2"},"geometry":{"type":"Polygon","coordinates":[[[-84.625,33.575],[-84.575,33.575],[-84.575,33.625],[-84.625,33.625],[-84.625,33.575]]]}},{"type":"Feature","properties":{"layer":"TEMPO NO2","transport":"Westward","timePeriod":"12:00-14:00 EDT Westward","NO2":3.41545105,"unit":"10^15 molecules cm^-2"},"geometry":{"type":"Polygon","coordinates":[[[-84.575,33.575],[-84.525,33.575],[-84.525,33.625],[-84.575,33.625],[-84.575,33.575]]]}},{"type":"Feature","properties":{"layer":"TEMPO NO2","transport":"Westward","timePeriod":"12:00-14:00 EDT Westward","NO2":3.29651928,"unit":"10^15 molecules cm^-2"},"geometry":{"type":"Polygon","coordinates":[[[-84.525,33.575],[-84.475,33.575],[-84.475,33.625],[-84.525,33.625],[-84.525,33.575]]]}},{"type":"Feature","properties":{"layer":"TEMPO NO2","transport":"Westward","timePeriod":"12:00-14:00 EDT Westward","NO2":2.42937851,"unit":"10^15 molecules cm^-2"},"geometry":{"type":"Polygon","coordinates":[[[-84.475,33.575],[-84.425,33.575],[-84.425,33.625],[-84.475,33.625],[-84.475,33.575]]]}},{"type":"Feature","properties":{"layer":"TEMPO NO2","transport":"Westward","timePeriod":"12:00-14:00 EDT Westward","NO2":2.83828545,"unit":"10^15 molecules cm^-2"},"geometry":{"type":"Polygon","coordinates":[[[-84.425,33.575],[-84.375,33.575],[-84.375,33.625],[-84.425,33.625],[-84.425,33.575]]]}},{"type":"Feature","properties":{"layer":"TEMPO NO2","transport":"Westward","timePeriod":"12:00-14:00 EDT Westward","NO2":2.82718587,"unit":"10^15 molecules cm^-2"},"geometry":{"type":"Polygon","coordinates":[[[-84.375,33.575],[-84.325,33.575],[-84.325,33.625],[-84.375,33.625],[-84.375,33.575]]]}},{"type":"Feature","properties":{"layer":"TEMPO NO2","transport":"Westward","timePeriod":"12:00-14:00 EDT Westward","NO2":2.52471137,"unit":"10^15 molecules cm^-2"},"geometry":{"type":"Polygon","coordinates":[[[-84.325,33.575],[-84.275,33.575],[-84.275,33.625],[-84.325,33.625],[-84.325,33.575]]]}},{"type":"Feature","properties":{"layer":"TEMPO NO2","transport":"Westward","timePeriod":"12:00-14:00 EDT Westward","NO2":2.24842978,"unit":"10^15 molecules cm^-2"},"geometry":{"type":"Polygon","coordinates":[[[-84.275,33.575],[-84.225,33.575],[-84.225,33.625],[-84.275,33.625],[-84.275,33.575]]]}},{"type":"Feature","properties":{"layer":"TEMPO NO2","transport":"Westward","timePeriod":"12:00-14:00 EDT Westward","NO2":2.08065152,"unit":"10^15 molecules cm^-2"},"geometry":{"type":"Polygon","coordinates":[[[-84.225,33.575],[-84.175,33.575],[-84.175,33.625],[-84.225,33.625],[-84.225,33.575]]]}},{"type":"Feature","properties":{"layer":"TEMPO NO2","transport":"Westward","timePeriod":"12:00-14:00 EDT Westward","NO2":2.03629184,"unit":"10^15 molecules cm^-2"},"geometry":{"type":"Polygon","coordinates":[[[-84.175,33.575],[-84.125,33.575],[-84.125,33.625],[-84.175,33.625],[-84.175,33.575]]]}},{"type":"Feature","properties":{"layer":"TEMPO NO2","transport":"Westward","timePeriod":"12:00-14:00 EDT Westward","NO2":1.97897196,"unit":"10^15 molecules cm^-2"},"geometry":{"type":"Polygon","coordinates":[[[-84.125,33.575],[-84.075,33.575],[-84.075,33.625],[-84.125,33.625],[-84.125,33.575]]]}},{"type":"Feature","properties":{"layer":"TEMPO NO2","transport":"Westward","timePeriod":"12:00-14:00 EDT Westward","NO2":1.6175499,"unit":"10^15 molecules cm^-2"},"geometry":{"type":"Polygon","coordinates":[[[-84.075,33.575],[-84.025,33.575],[-84.025,33.625],[-84.075,33.625],[-84.075,33.575]]]}},{"type":"Feature","properties":{"layer":"TEMPO NO2","transport":"Westward","timePeriod":"12:00-14:00 EDT Westward","NO2":1.54904044,"unit":"10^15 molecules cm^-2"},"geometry":{"type":"Polygon","coordinates":[[[-84.025,33.575],[-83.975,33.575],[-83.975,33.625],[-84.025,33.625],[-84.025,33.575]]]}},{"type":"Feature","properties":{"layer":"TEMPO NO2","transport":"Westward","timePeriod":"12:00-14:00 EDT Westward","NO2":1.73271441,"unit":"10^15 molecules cm^-2"},"geometry":{"type":"Polygon","coordinates":[[[-83.975,33.575],[-83.925,33.575],[-83.925,33.625],[-83.975,33.625],[-83.975,33.575]]]}},{"type":"Feature","properties":{"layer":"TEMPO NO2","transport":"Westward","timePeriod":"12:00-14:00 EDT Westward","NO2":1.64445436,"unit":"10^15 molecules cm^-2"},"geometry":{"type":"Polygon","coordinates":[[[-83.925,33.575],[-83.875,33.575],[-83.875,33.625],[-83.925,33.625],[-83.925,33.575]]]}},{"type":"Feature","properties":{"layer":"TEMPO NO2","transport":"Westward","timePeriod":"12:00-14:00 EDT Westward","NO2":1.59362233,"unit":"10^15 molecules cm^-2"},"geometry":{"type":"Polygon","coordinates":[[[-83.875,33.575],[-83.825,33.575],[-83.825,33.625],[-83.875,33.625],[-83.875,33.575]]]}},{"type":"Feature","properties":{"layer":"TEMPO NO2","transport":"Westward","timePeriod":"12:00-14:00 EDT Westward","NO2":1.46304452,"unit":"10^15 molecules cm^-2"},"geometry":{"type":"Polygon","coordinates":[[[-83.825,33.575],[-83.775,33.575],[-83.775,33.625],[-83.825,33.625],[-83.825,33.575]]]}},{"type":"Feature","properties":{"layer":"TEMPO NO2","transport":"Westward","timePeriod":"12:00-14:00 EDT Westward","NO2":1.62905371,"unit":"10^15 molecules cm^-2"},"geometry":{"type":"Polygon","coordinates":[[[-84.975,33.625],[-84.925,33.625],[-84.925,33.675],[-84.975,33.675],[-84.975,33.625]]]}},{"type":"Feature","properties":{"layer":"TEMPO NO2","transport":"Westward","timePeriod":"12:00-14:00 EDT Westward","NO2":1.64450741,"unit":"10^15 molecules cm^-2"},"geometry":{"type":"Polygon","coordinates":[[[-84.925,33.625],[-84.875,33.625],[-84.875,33.675],[-84.925,33.675],[-84.925,33.625]]]}},{"type":"Feature","properties":{"layer":"TEMPO NO2","transport":"Westward","timePeriod":"12:00-14:00 EDT Westward","NO2":1.81267548,"unit":"10^15 molecules cm^-2"},"geometry":{"type":"Polygon","coordinates":[[[-84.875,33.625],[-84.825,33.625],[-84.825,33.675],[-84.875,33.675],[-84.875,33.625]]]}},{"type":"Feature","properties":{"layer":"TEMPO NO2","transport":"Westward","timePeriod":"12:00-14:00 EDT Westward","NO2":1.69537628,"unit":"10^15 molecules cm^-2"},"geometry":{"type":"Polygon","coordinates":[[[-84.825,33.625],[-84.775,33.625],[-84.775,33.675],[-84.825,33.675],[-84.825,33.625]]]}},{"type":"Feature","properties":{"layer":"TEMPO NO2","transport":"Westward","timePeriod":"12:00-14:00 EDT Westward","NO2":1.74705219,"unit":"10^15 molecules cm^-2"},"geometry":{"type":"Polygon","coordinates":[[[-84.775,33.625],[-84.725,33.625],[-84.725,33.675],[-84.775,33.675],[-84.775,33.625]]]}},{"type":"Feature","properties":{"layer":"TEMPO NO2","transport":"Westward","timePeriod":"12:00-14:00 EDT Westward","NO2":1.72133589,"unit":"10^15 molecules cm^-2"},"geometry":{"type":"Polygon","coordinates":[[[-84.725,33.625],[-84.675,33.625],[-84.675,33.675],[-84.725,33.675],[-84.725,33.625]]]}},{"type":"Feature","properties":{"layer":"TEMPO NO2","transport":"Westward","timePeriod":"12:00-14:00 EDT Westward","NO2":2.25342512,"unit":"10^15 molecules cm^-2"},"geometry":{"type":"Polygon","coordinates":[[[-84.675,33.625],[-84.625,33.625],[-84.625,33.675],[-84.675,33.675],[-84.675,33.625]]]}},{"type":"Feature","properties":{"layer":"TEMPO NO2","transport":"Westward","timePeriod":"12:00-14:00 EDT Westward","NO2":2.91992521,"unit":"10^15 molecules cm^-2"},"geometry":{"type":"Polygon","coordinates":[[[-84.625,33.625],[-84.575,33.625],[-84.575,33.675],[-84.625,33.675],[-84.625,33.625]]]}},{"type":"Feature","properties":{"layer":"TEMPO NO2","transport":"Westward","timePeriod":"12:00-14:00 EDT Westward","NO2":3.62403774,"unit":"10^15 molecules cm^-2"},"geometry":{"type":"Polygon","coordinates":[[[-84.575,33.625],[-84.525,33.625],[-84.525,33.675],[-84.575,33.675],[-84.575,33.625]]]}},{"type":"Feature","properties":{"layer":"TEMPO NO2","transport":"Westward","timePeriod":"12:00-14:00 EDT Westward","NO2":4.03049755,"unit":"10^15 molecules cm^-2"},"geometry":{"type":"Polygon","coordinates":[[[-84.525,33.625],[-84.475,33.625],[-84.475,33.675],[-84.525,33.675],[-84.525,33.625]]]}},{"type":"Feature","properties":{"layer":"TEMPO NO2","transport":"Westward","timePeriod":"12:00-14:00 EDT Westward","NO2":4.63342953,"unit":"10^15 molecules cm^-2"},"geometry":{"type":"Polygon","coordinates":[[[-84.475,33.625],[-84.425,33.625],[-84.425,33.675],[-84.475,33.675],[-84.475,33.625]]]}},{"type":"Feature","properties":{"layer":"TEMPO NO2","transport":"Westward","timePeriod":"12:00-14:00 EDT Westward","NO2":4.51063871,"unit":"10^15 molecules cm^-2"},"geometry":{"type":"Polygon","coordinates":[[[-84.425,33.625],[-84.375,33.625],[-84.375,33.675],[-84.425,33.675],[-84.425,33.625]]]}},{"type":"Feature","properties":{"layer":"TEMPO NO2","transport":"Westward","timePeriod":"12:00-14:00 EDT Westward","NO2":4.22053194,"unit":"10^15 molecules cm^-2"},"geometry":{"type":"Polygon","coordinates":[[[-84.375,33.625],[-84.325,33.625],[-84.325,33.675],[-84.375,33.675],[-84.375,33.625]]]}},{"type":"Feature","properties":{"layer":"TEMPO NO2","transport":"Westward","timePeriod":"12:00-14:00 EDT Westward","NO2":3.50844717,"unit":"10^15 molecules cm^-2"},"geometry":{"type":"Polygon","coordinates":[[[-84.325,33.625],[-84.275,33.625],[-84.275,33.675],[-84.325,33.675],[-84.325,33.625]]]}},{"type":"Feature","properties":{"layer":"TEMPO NO2","transport":"Westward","timePeriod":"12:00-14:00 EDT Westward","NO2":2.357059,"unit":"10^15 molecules cm^-2"},"geometry":{"type":"Polygon","coordinates":[[[-84.275,33.625],[-84.225,33.625],[-84.225,33.675],[-84.275,33.675],[-84.275,33.625]]]}},{"type":"Feature","properties":{"layer":"TEMPO NO2","transport":"Westward","timePeriod":"12:00-14:00 EDT Westward","NO2":2.00636792,"unit":"10^15 molecules cm^-2"},"geometry":{"type":"Polygon","coordinates":[[[-84.225,33.625],[-84.175,33.625],[-84.175,33.675],[-84.225,33.675],[-84.225,33.625]]]}},{"type":"Feature","properties":{"layer":"TEMPO NO2","transport":"Westward","timePeriod":"12:00-14:00 EDT Westward","NO2":2.02,"unit":"10^15 molecules cm^-2"},"geometry":{"type":"Polygon","coordinates":[[[-84.175,33.625],[-84.125,33.625],[-84.125,33.675],[-84.175,33.675],[-84.175,33.625]]]}},{"type":"Feature","properties":{"layer":"TEMPO NO2","transport":"Westward","timePeriod":"12:00-14:00 EDT Westward","NO2":1.91101432,"unit":"10^15 molecules cm^-2"},"geometry":{"type":"Polygon","coordinates":[[[-84.125,33.625],[-84.075,33.625],[-84.075,33.675],[-84.125,33.675],[-84.125,33.625]]]}},{"type":"Feature","properties":{"layer":"TEMPO NO2","transport":"Westward","timePeriod":"12:00-14:00 EDT Westward","NO2":1.84933412,"unit":"10^15 molecules cm^-2"},"geometry":{"type":"Polygon","coordinates":[[[-84.075,33.625],[-84.025,33.625],[-84.025,33.675],[-84.075,33.675],[-84.075,33.625]]]}},{"type":"Feature","properties":{"layer":"TEMPO NO2","transport":"Westward","timePeriod":"12:00-14:00 EDT Westward","NO2":1.6465168,"unit":"10^15 molecules cm^-2"},"geometry":{"type":"Polygon","coordinates":[[[-84.025,33.625],[-83.975,33.625],[-83.975,33.675],[-84.025,33.675],[-84.025,33.625]]]}},{"type":"Feature","properties":{"layer":"TEMPO NO2","transport":"Westward","timePeriod":"12:00-14:00 EDT Westward","NO2":1.69349885,"unit":"10^15 molecules cm^-2"},"geometry":{"type":"Polygon","coordinates":[[[-83.975,33.625],[-83.925,33.625],[-83.925,33.675],[-83.975,33.675],[-83.975,33.625]]]}},{"type":"Feature","properties":{"layer":"TEMPO NO2","transport":"Westward","timePeriod":"12:00-14:00 EDT Westward","NO2":1.67643166,"unit":"10^15 molecules cm^-2"},"geometry":{"type":"Polygon","coordinates":[[[-83.925,33.625],[-83.875,33.625],[-83.875,33.675],[-83.925,33.675],[-83.925,33.625]]]}},{"type":"Feature","properties":{"layer":"TEMPO NO2","transport":"Westward","timePeriod":"12:00-14:00 EDT Westward","NO2":1.80846,"unit":"10^15 molecules cm^-2"},"geometry":{"type":"Polygon","coordinates":[[[-83.875,33.625],[-83.825,33.625],[-83.825,33.675],[-83.875,33.675],[-83.875,33.625]]]}},{"type":"Feature","properties":{"layer":"TEMPO NO2","transport":"Westward","timePeriod":"12:00-14:00 EDT Westward","NO2":1.6232487,"unit":"10^15 molecules cm^-2"},"geometry":{"type":"Polygon","coordinates":[[[-83.825,33.625],[-83.775,33.625],[-83.775,33.675],[-83.825,33.675],[-83.825,33.625]]]}},{"type":"Feature","properties":{"layer":"TEMPO NO2","transport":"Westward","timePeriod":"12:00-14:00 EDT Westward","NO2":1.65845394,"unit":"10^15 molecules cm^-2"},"geometry":{"type":"Polygon","coordinates":[[[-84.975,33.675],[-84.925,33.675],[-84.925,33.725],[-84.975,33.725],[-84.975,33.675]]]}},{"type":"Feature","properties":{"layer":"TEMPO NO2","transport":"Westward","timePeriod":"12:00-14:00 EDT Westward","NO2":1.81214011,"unit":"10^15 molecules cm^-2"},"geometry":{"type":"Polygon","coordinates":[[[-84.925,33.675],[-84.875,33.675],[-84.875,33.725],[-84.925,33.725],[-84.925,33.675]]]}},{"type":"Feature","properties":{"layer":"TEMPO NO2","transport":"Westward","timePeriod":"12:00-14:00 EDT Westward","NO2":1.80098057,"unit":"10^15 molecules cm^-2"},"geometry":{"type":"Polygon","coordinates":[[[-84.875,33.675],[-84.825,33.675],[-84.825,33.725],[-84.875,33.725],[-84.875,33.675]]]}},{"type":"Feature","properties":{"layer":"TEMPO NO2","transport":"Westward","timePeriod":"12:00-14:00 EDT Westward","NO2":1.93561876,"unit":"10^15 molecules cm^-2"},"geometry":{"type":"Polygon","coordinates":[[[-84.825,33.675],[-84.775,33.675],[-84.775,33.725],[-84.825,33.725],[-84.825,33.675]]]}},{"type":"Feature","properties":{"layer":"TEMPO NO2","transport":"Westward","timePeriod":"12:00-14:00 EDT Westward","NO2":1.82416499,"unit":"10^15 molecules cm^-2"},"geometry":{"type":"Polygon","coordinates":[[[-84.775,33.675],[-84.725,33.675],[-84.725,33.725],[-84.775,33.725],[-84.775,33.675]]]}},{"type":"Feature","properties":{"layer":"TEMPO NO2","transport":"Westward","timePeriod":"12:00-14:00 EDT Westward","NO2":2.16423488,"unit":"10^15 molecules cm^-2"},"geometry":{"type":"Polygon","coordinates":[[[-84.725,33.675],[-84.675,33.675],[-84.675,33.725],[-84.725,33.725],[-84.725,33.675]]]}},{"type":"Feature","properties":{"layer":"TEMPO NO2","transport":"Westward","timePeriod":"12:00-14:00 EDT Westward","NO2":2.42326331,"unit":"10^15 molecules cm^-2"},"geometry":{"type":"Polygon","coordinates":[[[-84.675,33.675],[-84.625,33.675],[-84.625,33.725],[-84.675,33.725],[-84.675,33.675]]]}},{"type":"Feature","properties":{"layer":"TEMPO NO2","transport":"Westward","timePeriod":"12:00-14:00 EDT Westward","NO2":2.70517302,"unit":"10^15 molecules cm^-2"},"geometry":{"type":"Polygon","coordinates":[[[-84.625,33.675],[-84.575,33.675],[-84.575,33.725],[-84.625,33.725],[-84.625,33.675]]]}},{"type":"Feature","properties":{"layer":"TEMPO NO2","transport":"Westward","timePeriod":"12:00-14:00 EDT Westward","NO2":2.97846937,"unit":"10^15 molecules cm^-2"},"geometry":{"type":"Polygon","coordinates":[[[-84.575,33.675],[-84.525,33.675],[-84.525,33.725],[-84.575,33.725],[-84.575,33.675]]]}},{"type":"Feature","properties":{"layer":"TEMPO NO2","transport":"Westward","timePeriod":"12:00-14:00 EDT Westward","NO2":3.58250308,"unit":"10^15 molecules cm^-2"},"geometry":{"type":"Polygon","coordinates":[[[-84.525,33.675],[-84.475,33.675],[-84.475,33.725],[-84.525,33.725],[-84.525,33.675]]]}},{"type":"Feature","properties":{"layer":"TEMPO NO2","transport":"Westward","timePeriod":"12:00-14:00 EDT Westward","NO2":3.87985206,"unit":"10^15 molecules cm^-2"},"geometry":{"type":"Polygon","coordinates":[[[-84.475,33.675],[-84.425,33.675],[-84.425,33.725],[-84.475,33.725],[-84.475,33.675]]]}},{"type":"Feature","properties":{"layer":"TEMPO NO2","transport":"Westward","timePeriod":"12:00-14:00 EDT Westward","NO2":3.69987082,"unit":"10^15 molecules cm^-2"},"geometry":{"type":"Polygon","coordinates":[[[-84.425,33.675],[-84.375,33.675],[-84.375,33.725],[-84.425,33.725],[-84.425,33.675]]]}},{"type":"Feature","properties":{"layer":"TEMPO NO2","transport":"Westward","timePeriod":"12:00-14:00 EDT Westward","NO2":3.69876146,"unit":"10^15 molecules cm^-2"},"geometry":{"type":"Polygon","coordinates":[[[-84.375,33.675],[-84.325,33.675],[-84.325,33.725],[-84.375,33.725],[-84.375,33.675]]]}},{"type":"Feature","properties":{"layer":"TEMPO NO2","transport":"Westward","timePeriod":"12:00-14:00 EDT Westward","NO2":3.06047225,"unit":"10^15 molecules cm^-2"},"geometry":{"type":"Polygon","coordinates":[[[-84.325,33.675],[-84.275,33.675],[-84.275,33.725],[-84.325,33.725],[-84.325,33.675]]]}},{"type":"Feature","properties":{"layer":"TEMPO NO2","transport":"Westward","timePeriod":"12:00-14:00 EDT Westward","NO2":2.47045732,"unit":"10^15 molecules cm^-2"},"geometry":{"type":"Polygon","coordinates":[[[-84.275,33.675],[-84.225,33.675],[-84.225,33.725],[-84.275,33.725],[-84.275,33.675]]]}},{"type":"Feature","properties":{"layer":"TEMPO NO2","transport":"Westward","timePeriod":"12:00-14:00 EDT Westward","NO2":2.40602326,"unit":"10^15 molecules cm^-2"},"geometry":{"type":"Polygon","coordinates":[[[-84.225,33.675],[-84.175,33.675],[-84.175,33.725],[-84.225,33.725],[-84.225,33.675]]]}},{"type":"Feature","properties":{"layer":"TEMPO NO2","transport":"Westward","timePeriod":"12:00-14:00 EDT Westward","NO2":2.30889082,"unit":"10^15 molecules cm^-2"},"geometry":{"type":"Polygon","coordinates":[[[-84.175,33.675],[-84.125,33.675],[-84.125,33.725],[-84.175,33.725],[-84.175,33.675]]]}},{"type":"Feature","properties":{"layer":"TEMPO NO2","transport":"Westward","timePeriod":"12:00-14:00 EDT Westward","NO2":2.1254015,"unit":"10^15 molecules cm^-2"},"geometry":{"type":"Polygon","coordinates":[[[-84.125,33.675],[-84.075,33.675],[-84.075,33.725],[-84.125,33.725],[-84.125,33.675]]]}},{"type":"Feature","properties":{"layer":"TEMPO NO2","transport":"Westward","timePeriod":"12:00-14:00 EDT Westward","NO2":1.90144837,"unit":"10^15 molecules cm^-2"},"geometry":{"type":"Polygon","coordinates":[[[-84.075,33.675],[-84.025,33.675],[-84.025,33.725],[-84.075,33.725],[-84.075,33.675]]]}},{"type":"Feature","properties":{"layer":"TEMPO NO2","transport":"Westward","timePeriod":"12:00-14:00 EDT Westward","NO2":2.09593678,"unit":"10^15 molecules cm^-2"},"geometry":{"type":"Polygon","coordinates":[[[-84.025,33.675],[-83.975,33.675],[-83.975,33.725],[-84.025,33.725],[-84.025,33.675]]]}},{"type":"Feature","properties":{"layer":"TEMPO NO2","transport":"Westward","timePeriod":"12:00-14:00 EDT Westward","NO2":1.84844315,"unit":"10^15 molecules cm^-2"},"geometry":{"type":"Polygon","coordinates":[[[-83.975,33.675],[-83.925,33.675],[-83.925,33.725],[-83.975,33.725],[-83.975,33.675]]]}},{"type":"Feature","properties":{"layer":"TEMPO NO2","transport":"Westward","timePeriod":"12:00-14:00 EDT Westward","NO2":1.8142283,"unit":"10^15 molecules cm^-2"},"geometry":{"type":"Polygon","coordinates":[[[-83.925,33.675],[-83.875,33.675],[-83.875,33.725],[-83.925,33.725],[-83.925,33.675]]]}},{"type":"Feature","properties":{"layer":"TEMPO NO2","transport":"Westward","timePeriod":"12:00-14:00 EDT Westward","NO2":1.55215847,"unit":"10^15 molecules cm^-2"},"geometry":{"type":"Polygon","coordinates":[[[-83.875,33.675],[-83.825,33.675],[-83.825,33.725],[-83.875,33.725],[-83.875,33.675]]]}},{"type":"Feature","properties":{"layer":"TEMPO NO2","transport":"Westward","timePeriod":"12:00-14:00 EDT Westward","NO2":1.52198052,"unit":"10^15 molecules cm^-2"},"geometry":{"type":"Polygon","coordinates":[[[-83.825,33.675],[-83.775,33.675],[-83.775,33.725],[-83.825,33.725],[-83.825,33.675]]]}},{"type":"Feature","properties":{"layer":"TEMPO NO2","transport":"Westward","timePeriod":"12:00-14:00 EDT Westward","NO2":1.93267977,"unit":"10^15 molecules cm^-2"},"geometry":{"type":"Polygon","coordinates":[[[-84.975,33.725],[-84.925,33.725],[-84.925,33.775],[-84.975,33.775],[-84.975,33.725]]]}},{"type":"Feature","properties":{"layer":"TEMPO NO2","transport":"Westward","timePeriod":"12:00-14:00 EDT Westward","NO2":2.02190876,"unit":"10^15 molecules cm^-2"},"geometry":{"type":"Polygon","coordinates":[[[-84.925,33.725],[-84.875,33.725],[-84.875,33.775],[-84.925,33.775],[-84.925,33.725]]]}},{"type":"Feature","properties":{"layer":"TEMPO NO2","transport":"Westward","timePeriod":"12:00-14:00 EDT Westward","NO2":1.75914705,"unit":"10^15 molecules cm^-2"},"geometry":{"type":"Polygon","coordinates":[[[-84.875,33.725],[-84.825,33.725],[-84.825,33.775],[-84.875,33.775],[-84.875,33.725]]]}},{"type":"Feature","properties":{"layer":"TEMPO NO2","transport":"Westward","timePeriod":"12:00-14:00 EDT Westward","NO2":2.27149081,"unit":"10^15 molecules cm^-2"},"geometry":{"type":"Polygon","coordinates":[[[-84.825,33.725],[-84.775,33.725],[-84.775,33.775],[-84.825,33.775],[-84.825,33.725]]]}},{"type":"Feature","properties":{"layer":"TEMPO NO2","transport":"Westward","timePeriod":"12:00-14:00 EDT Westward","NO2":2.10557127,"unit":"10^15 molecules cm^-2"},"geometry":{"type":"Polygon","coordinates":[[[-84.775,33.725],[-84.725,33.725],[-84.725,33.775],[-84.775,33.775],[-84.775,33.725]]]}},{"type":"Feature","properties":{"layer":"TEMPO NO2","transport":"Westward","timePeriod":"12:00-14:00 EDT Westward","NO2":2.28974557,"unit":"10^15 molecules cm^-2"},"geometry":{"type":"Polygon","coordinates":[[[-84.725,33.725],[-84.675,33.725],[-84.675,33.775],[-84.725,33.775],[-84.725,33.725]]]}},{"type":"Feature","properties":{"layer":"TEMPO NO2","transport":"Westward","timePeriod":"12:00-14:00 EDT Westward","NO2":2.64500761,"unit":"10^15 molecules cm^-2"},"geometry":{"type":"Polygon","coordinates":[[[-84.675,33.725],[-84.625,33.725],[-84.625,33.775],[-84.675,33.775],[-84.675,33.725]]]}},{"type":"Feature","properties":{"layer":"TEMPO NO2","transport":"Westward","timePeriod":"12:00-14:00 EDT Westward","NO2":3.36093378,"unit":"10^15 molecules cm^-2"},"geometry":{"type":"Polygon","coordinates":[[[-84.625,33.725],[-84.575,33.725],[-84.575,33.775],[-84.625,33.775],[-84.625,33.725]]]}},{"type":"Feature","properties":{"layer":"TEMPO NO2","transport":"Westward","timePeriod":"12:00-14:00 EDT Westward","NO2":3.11201143,"unit":"10^15 molecules cm^-2"},"geometry":{"type":"Polygon","coordinates":[[[-84.575,33.725],[-84.525,33.725],[-84.525,33.775],[-84.575,33.775],[-84.575,33.725]]]}},{"type":"Feature","properties":{"layer":"TEMPO NO2","transport":"Westward","timePeriod":"12:00-14:00 EDT Westward","NO2":2.83371305,"unit":"10^15 molecules cm^-2"},"geometry":{"type":"Polygon","coordinates":[[[-84.525,33.725],[-84.475,33.725],[-84.475,33.775],[-84.525,33.775],[-84.525,33.725]]]}},{"type":"Feature","properties":{"layer":"TEMPO NO2","transport":"Westward","timePeriod":"12:00-14:00 EDT Westward","NO2":3.19677377,"unit":"10^15 molecules cm^-2"},"geometry":{"type":"Polygon","coordinates":[[[-84.475,33.725],[-84.425,33.725],[-84.425,33.775],[-84.475,33.775],[-84.475,33.725]]]}},{"type":"Feature","properties":{"layer":"TEMPO NO2","transport":"Westward","timePeriod":"12:00-14:00 EDT Westward","NO2":3.46054554,"unit":"10^15 molecules cm^-2"},"geometry":{"type":"Polygon","coordinates":[[[-84.425,33.725],[-84.375,33.725],[-84.375,33.775],[-84.425,33.775],[-84.425,33.725]]]}},{"type":"Feature","properties":{"layer":"TEMPO NO2","transport":"Westward","timePeriod":"12:00-14:00 EDT Westward","NO2":2.92191291,"unit":"10^15 molecules cm^-2"},"geometry":{"type":"Polygon","coordinates":[[[-84.375,33.725],[-84.325,33.725],[-84.325,33.775],[-84.375,33.775],[-84.375,33.725]]]}},{"type":"Feature","properties":{"layer":"TEMPO NO2","transport":"Westward","timePeriod":"12:00-14:00 EDT Westward","NO2":2.75216413,"unit":"10^15 molecules cm^-2"},"geometry":{"type":"Polygon","coordinates":[[[-84.325,33.725],[-84.275,33.725],[-84.275,33.775],[-84.325,33.775],[-84.325,33.725]]]}},{"type":"Feature","properties":{"layer":"TEMPO NO2","transport":"Westward","timePeriod":"12:00-14:00 EDT Westward","NO2":3.39114308,"unit":"10^15 molecules cm^-2"},"geometry":{"type":"Polygon","coordinates":[[[-84.275,33.725],[-84.225,33.725],[-84.225,33.775],[-84.275,33.775],[-84.275,33.725]]]}},{"type":"Feature","properties":{"layer":"TEMPO NO2","transport":"Westward","timePeriod":"12:00-14:00 EDT Westward","NO2":3.0218029,"unit":"10^15 molecules cm^-2"},"geometry":{"type":"Polygon","coordinates":[[[-84.225,33.725],[-84.175,33.725],[-84.175,33.775],[-84.225,33.775],[-84.225,33.725]]]}},{"type":"Feature","properties":{"layer":"TEMPO NO2","transport":"Westward","timePeriod":"12:00-14:00 EDT Westward","NO2":2.89205813,"unit":"10^15 molecules cm^-2"},"geometry":{"type":"Polygon","coordinates":[[[-84.175,33.725],[-84.125,33.725],[-84.125,33.775],[-84.175,33.775],[-84.175,33.725]]]}},{"type":"Feature","properties":{"layer":"TEMPO NO2","transport":"Westward","timePeriod":"12:00-14:00 EDT Westward","NO2":2.28684807,"unit":"10^15 molecules cm^-2"},"geometry":{"type":"Polygon","coordinates":[[[-84.125,33.725],[-84.075,33.725],[-84.075,33.775],[-84.125,33.775],[-84.125,33.725]]]}},{"type":"Feature","properties":{"layer":"TEMPO NO2","transport":"Westward","timePeriod":"12:00-14:00 EDT Westward","NO2":1.52719223,"unit":"10^15 molecules cm^-2"},"geometry":{"type":"Polygon","coordinates":[[[-84.075,33.725],[-84.025,33.725],[-84.025,33.775],[-84.075,33.775],[-84.075,33.725]]]}},{"type":"Feature","properties":{"layer":"TEMPO NO2","transport":"Westward","timePeriod":"12:00-14:00 EDT Westward","NO2":1.6064992,"unit":"10^15 molecules cm^-2"},"geometry":{"type":"Polygon","coordinates":[[[-84.025,33.725],[-83.975,33.725],[-83.975,33.775],[-84.025,33.775],[-84.025,33.725]]]}},{"type":"Feature","properties":{"layer":"TEMPO NO2","transport":"Westward","timePeriod":"12:00-14:00 EDT Westward","NO2":1.5528388,"unit":"10^15 molecules cm^-2"},"geometry":{"type":"Polygon","coordinates":[[[-83.975,33.725],[-83.925,33.725],[-83.925,33.775],[-83.975,33.775],[-83.975,33.725]]]}},{"type":"Feature","properties":{"layer":"TEMPO NO2","transport":"Westward","timePeriod":"12:00-14:00 EDT Westward","NO2":1.68582284,"unit":"10^15 molecules cm^-2"},"geometry":{"type":"Polygon","coordinates":[[[-83.925,33.725],[-83.875,33.725],[-83.875,33.775],[-83.925,33.775],[-83.925,33.725]]]}},{"type":"Feature","properties":{"layer":"TEMPO NO2","transport":"Westward","timePeriod":"12:00-14:00 EDT Westward","NO2":1.58267915,"unit":"10^15 molecules cm^-2"},"geometry":{"type":"Polygon","coordinates":[[[-83.875,33.725],[-83.825,33.725],[-83.825,33.775],[-83.875,33.775],[-83.875,33.725]]]}},{"type":"Feature","properties":{"layer":"TEMPO NO2","transport":"Westward","timePeriod":"12:00-14:00 EDT Westward","NO2":1.66905892,"unit":"10^15 molecules cm^-2"},"geometry":{"type":"Polygon","coordinates":[[[-83.825,33.725],[-83.775,33.725],[-83.775,33.775],[-83.825,33.775],[-83.825,33.725]]]}},{"type":"Feature","properties":{"layer":"TEMPO NO2","transport":"Westward","timePeriod":"12:00-14:00 EDT Westward","NO2":1.75541353,"unit":"10^15 molecules cm^-2"},"geometry":{"type":"Polygon","coordinates":[[[-84.975,33.775],[-84.925,33.775],[-84.925,33.825],[-84.975,33.825],[-84.975,33.775]]]}},{"type":"Feature","properties":{"layer":"TEMPO NO2","transport":"Westward","timePeriod":"12:00-14:00 EDT Westward","NO2":1.84070277,"unit":"10^15 molecules cm^-2"},"geometry":{"type":"Polygon","coordinates":[[[-84.925,33.775],[-84.875,33.775],[-84.875,33.825],[-84.925,33.825],[-84.925,33.775]]]}},{"type":"Feature","properties":{"layer":"TEMPO NO2","transport":"Westward","timePeriod":"12:00-14:00 EDT Westward","NO2":1.91435361,"unit":"10^15 molecules cm^-2"},"geometry":{"type":"Polygon","coordinates":[[[-84.875,33.775],[-84.825,33.775],[-84.825,33.825],[-84.875,33.825],[-84.875,33.775]]]}},{"type":"Feature","properties":{"layer":"TEMPO NO2","transport":"Westward","timePeriod":"12:00-14:00 EDT Westward","NO2":1.8771801,"unit":"10^15 molecules cm^-2"},"geometry":{"type":"Polygon","coordinates":[[[-84.825,33.775],[-84.775,33.775],[-84.775,33.825],[-84.825,33.825],[-84.825,33.775]]]}},{"type":"Feature","properties":{"layer":"TEMPO NO2","transport":"Westward","timePeriod":"12:00-14:00 EDT Westward","NO2":2.21128178,"unit":"10^15 molecules cm^-2"},"geometry":{"type":"Polygon","coordinates":[[[-84.775,33.775],[-84.725,33.775],[-84.725,33.825],[-84.775,33.825],[-84.775,33.775]]]}},{"type":"Feature","properties":{"layer":"TEMPO NO2","transport":"Westward","timePeriod":"12:00-14:00 EDT Westward","NO2":2.62906361,"unit":"10^15 molecules cm^-2"},"geometry":{"type":"Polygon","coordinates":[[[-84.725,33.775],[-84.675,33.775],[-84.675,33.825],[-84.725,33.825],[-84.725,33.775]]]}},{"type":"Feature","properties":{"layer":"TEMPO NO2","transport":"Westward","timePeriod":"12:00-14:00 EDT Westward","NO2":2.96648765,"unit":"10^15 molecules cm^-2"},"geometry":{"type":"Polygon","coordinates":[[[-84.675,33.775],[-84.625,33.775],[-84.625,33.825],[-84.675,33.825],[-84.675,33.775]]]}},{"type":"Feature","properties":{"layer":"TEMPO NO2","transport":"Westward","timePeriod":"12:00-14:00 EDT Westward","NO2":4.03310871,"unit":"10^15 molecules cm^-2"},"geometry":{"type":"Polygon","coordinates":[[[-84.625,33.775],[-84.575,33.775],[-84.575,33.825],[-84.625,33.825],[-84.625,33.775]]]}},{"type":"Feature","properties":{"layer":"TEMPO NO2","transport":"Westward","timePeriod":"12:00-14:00 EDT Westward","NO2":4.51397657,"unit":"10^15 molecules cm^-2"},"geometry":{"type":"Polygon","coordinates":[[[-84.575,33.775],[-84.525,33.775],[-84.525,33.825],[-84.575,33.825],[-84.575,33.775]]]}},{"type":"Feature","properties":{"layer":"TEMPO NO2","transport":"Westward","timePeriod":"12:00-14:00 EDT Westward","NO2":3.78759146,"unit":"10^15 molecules cm^-2"},"geometry":{"type":"Polygon","coordinates":[[[-84.525,33.775],[-84.475,33.775],[-84.475,33.825],[-84.525,33.825],[-84.525,33.775]]]}},{"type":"Feature","properties":{"layer":"TEMPO NO2","transport":"Westward","timePeriod":"12:00-14:00 EDT Westward","NO2":3.24918246,"unit":"10^15 molecules cm^-2"},"geometry":{"type":"Polygon","coordinates":[[[-84.475,33.775],[-84.425,33.775],[-84.425,33.825],[-84.475,33.825],[-84.475,33.775]]]}},{"type":"Feature","properties":{"layer":"TEMPO NO2","transport":"Westward","timePeriod":"12:00-14:00 EDT Westward","NO2":3.63110685,"unit":"10^15 molecules cm^-2"},"geometry":{"type":"Polygon","coordinates":[[[-84.425,33.775],[-84.375,33.775],[-84.375,33.825],[-84.425,33.825],[-84.425,33.775]]]}},{"type":"Feature","properties":{"layer":"TEMPO NO2","transport":"Westward","timePeriod":"12:00-14:00 EDT Westward","NO2":3.41976237,"unit":"10^15 molecules cm^-2"},"geometry":{"type":"Polygon","coordinates":[[[-84.375,33.775],[-84.325,33.775],[-84.325,33.825],[-84.375,33.825],[-84.375,33.775]]]}},{"type":"Feature","properties":{"layer":"TEMPO NO2","transport":"Westward","timePeriod":"12:00-14:00 EDT Westward","NO2":2.99102521,"unit":"10^15 molecules cm^-2"},"geometry":{"type":"Polygon","coordinates":[[[-84.325,33.775],[-84.275,33.775],[-84.275,33.825],[-84.325,33.825],[-84.325,33.775]]]}},{"type":"Feature","properties":{"layer":"TEMPO NO2","transport":"Westward","timePeriod":"12:00-14:00 EDT Westward","NO2":2.64994645,"unit":"10^15 molecules cm^-2"},"geometry":{"type":"Polygon","coordinates":[[[-84.275,33.775],[-84.225,33.775],[-84.225,33.825],[-84.275,33.825],[-84.275,33.775]]]}},{"type":"Feature","properties":{"layer":"TEMPO NO2","transport":"Westward","timePeriod":"12:00-14:00 EDT Westward","NO2":2.55839038,"unit":"10^15 molecules cm^-2"},"geometry":{"type":"Polygon","coordinates":[[[-84.225,33.775],[-84.175,33.775],[-84.175,33.825],[-84.225,33.825],[-84.225,33.775]]]}},{"type":"Feature","properties":{"layer":"TEMPO NO2","transport":"Westward","timePeriod":"12:00-14:00 EDT Westward","NO2":2.44408488,"unit":"10^15 molecules cm^-2"},"geometry":{"type":"Polygon","coordinates":[[[-84.175,33.775],[-84.125,33.775],[-84.125,33.825],[-84.175,33.825],[-84.175,33.775]]]}},{"type":"Feature","properties":{"layer":"TEMPO NO2","transport":"Westward","timePeriod":"12:00-14:00 EDT Westward","NO2":2.31099796,"unit":"10^15 molecules cm^-2"},"geometry":{"type":"Polygon","coordinates":[[[-84.125,33.775],[-84.075,33.775],[-84.075,33.825],[-84.125,33.825],[-84.125,33.775]]]}},{"type":"Feature","properties":{"layer":"TEMPO NO2","transport":"Westward","timePeriod":"12:00-14:00 EDT Westward","NO2":2.01260495,"unit":"10^15 molecules cm^-2"},"geometry":{"type":"Polygon","coordinates":[[[-84.075,33.775],[-84.025,33.775],[-84.025,33.825],[-84.075,33.825],[-84.075,33.775]]]}},{"type":"Feature","properties":{"layer":"TEMPO NO2","transport":"Westward","timePeriod":"12:00-14:00 EDT Westward","NO2":1.54454052,"unit":"10^15 molecules cm^-2"},"geometry":{"type":"Polygon","coordinates":[[[-84.025,33.775],[-83.975,33.775],[-83.975,33.825],[-84.025,33.825],[-84.025,33.775]]]}},{"type":"Feature","properties":{"layer":"TEMPO NO2","transport":"Westward","timePeriod":"12:00-14:00 EDT Westward","NO2":1.63687265,"unit":"10^15 molecules cm^-2"},"geometry":{"type":"Polygon","coordinates":[[[-83.975,33.775],[-83.925,33.775],[-83.925,33.825],[-83.975,33.825],[-83.975,33.775]]]}},{"type":"Feature","properties":{"layer":"TEMPO NO2","transport":"Westward","timePeriod":"12:00-14:00 EDT Westward","NO2":1.60555613,"unit":"10^15 molecules cm^-2"},"geometry":{"type":"Polygon","coordinates":[[[-83.925,33.775],[-83.875,33.775],[-83.875,33.825],[-83.925,33.825],[-83.925,33.775]]]}},{"type":"Feature","properties":{"layer":"TEMPO NO2","transport":"Westward","timePeriod":"12:00-14:00 EDT Westward","NO2":1.62766397,"unit":"10^15 molecules cm^-2"},"geometry":{"type":"Polygon","coordinates":[[[-83.875,33.775],[-83.825,33.775],[-83.825,33.825],[-83.875,33.825],[-83.875,33.775]]]}},{"type":"Feature","properties":{"layer":"TEMPO NO2","transport":"Westward","timePeriod":"12:00-14:00 EDT Westward","NO2":1.51116168,"unit":"10^15 molecules cm^-2"},"geometry":{"type":"Polygon","coordinates":[[[-83.825,33.775],[-83.775,33.775],[-83.775,33.825],[-83.825,33.825],[-83.825,33.775]]]}},{"type":"Feature","properties":{"layer":"TEMPO NO2","transport":"Westward","timePeriod":"12:00-14:00 EDT Westward","NO2":1.77783966,"unit":"10^15 molecules cm^-2"},"geometry":{"type":"Polygon","coordinates":[[[-84.975,33.825],[-84.925,33.825],[-84.925,33.875],[-84.975,33.875],[-84.975,33.825]]]}},{"type":"Feature","properties":{"layer":"TEMPO NO2","transport":"Westward","timePeriod":"12:00-14:00 EDT Westward","NO2":1.7863431,"unit":"10^15 molecules cm^-2"},"geometry":{"type":"Polygon","coordinates":[[[-84.925,33.825],[-84.875,33.825],[-84.875,33.875],[-84.925,33.875],[-84.925,33.825]]]}},{"type":"Feature","properties":{"layer":"TEMPO NO2","transport":"Westward","timePeriod":"12:00-14:00 EDT Westward","NO2":2.08052301,"unit":"10^15 molecules cm^-2"},"geometry":{"type":"Polygon","coordinates":[[[-84.875,33.825],[-84.825,33.825],[-84.825,33.875],[-84.875,33.875],[-84.875,33.825]]]}},{"type":"Feature","properties":{"layer":"TEMPO NO2","transport":"Westward","timePeriod":"12:00-14:00 EDT Westward","NO2":2.15265656,"unit":"10^15 molecules cm^-2"},"geometry":{"type":"Polygon","coordinates":[[[-84.825,33.825],[-84.775,33.825],[-84.775,33.875],[-84.825,33.875],[-84.825,33.825]]]}},{"type":"Feature","properties":{"layer":"TEMPO NO2","transport":"Westward","timePeriod":"12:00-14:00 EDT Westward","NO2":2.33484101,"unit":"10^15 molecules cm^-2"},"geometry":{"type":"Polygon","coordinates":[[[-84.775,33.825],[-84.725,33.825],[-84.725,33.875],[-84.775,33.875],[-84.775,33.825]]]}},{"type":"Feature","properties":{"layer":"TEMPO NO2","transport":"Westward","timePeriod":"12:00-14:00 EDT Westward","NO2":2.50842738,"unit":"10^15 molecules cm^-2"},"geometry":{"type":"Polygon","coordinates":[[[-84.725,33.825],[-84.675,33.825],[-84.675,33.875],[-84.725,33.875],[-84.725,33.825]]]}},{"type":"Feature","properties":{"layer":"TEMPO NO2","transport":"Westward","timePeriod":"12:00-14:00 EDT Westward","NO2":2.47906327,"unit":"10^15 molecules cm^-2"},"geometry":{"type":"Polygon","coordinates":[[[-84.675,33.825],[-84.625,33.825],[-84.625,33.875],[-84.675,33.875],[-84.675,33.825]]]}},{"type":"Feature","properties":{"layer":"TEMPO NO2","transport":"Westward","timePeriod":"12:00-14:00 EDT Westward","NO2":2.71369267,"unit":"10^15 molecules cm^-2"},"geometry":{"type":"Polygon","coordinates":[[[-84.625,33.825],[-84.575,33.825],[-84.575,33.875],[-84.625,33.875],[-84.625,33.825]]]}},{"type":"Feature","properties":{"layer":"TEMPO NO2","transport":"Westward","timePeriod":"12:00-14:00 EDT Westward","NO2":3.01008177,"unit":"10^15 molecules cm^-2"},"geometry":{"type":"Polygon","coordinates":[[[-84.575,33.825],[-84.525,33.825],[-84.525,33.875],[-84.575,33.875],[-84.575,33.825]]]}},{"type":"Feature","properties":{"layer":"TEMPO NO2","transport":"Westward","timePeriod":"12:00-14:00 EDT Westward","NO2":3.4188683,"unit":"10^15 molecules cm^-2"},"geometry":{"type":"Polygon","coordinates":[[[-84.525,33.825],[-84.475,33.825],[-84.475,33.875],[-84.525,33.875],[-84.525,33.825]]]}},{"type":"Feature","properties":{"layer":"TEMPO NO2","transport":"Westward","timePeriod":"12:00-14:00 EDT Westward","NO2":3.59817076,"unit":"10^15 molecules cm^-2"},"geometry":{"type":"Polygon","coordinates":[[[-84.475,33.825],[-84.425,33.825],[-84.425,33.875],[-84.475,33.875],[-84.475,33.825]]]}},{"type":"Feature","properties":{"layer":"TEMPO NO2","transport":"Westward","timePeriod":"12:00-14:00 EDT Westward","NO2":3.3974843,"unit":"10^15 molecules cm^-2"},"geometry":{"type":"Polygon","coordinates":[[[-84.425,33.825],[-84.375,33.825],[-84.375,33.875],[-84.425,33.875],[-84.425,33.825]]]}},{"type":"Feature","properties":{"layer":"TEMPO NO2","transport":"Westward","timePeriod":"12:00-14:00 EDT Westward","NO2":3.1441977,"unit":"10^15 molecules cm^-2"},"geometry":{"type":"Polygon","coordinates":[[[-84.375,33.825],[-84.325,33.825],[-84.325,33.875],[-84.375,33.875],[-84.375,33.825]]]}},{"type":"Feature","properties":{"layer":"TEMPO NO2","transport":"Westward","timePeriod":"12:00-14:00 EDT Westward","NO2":2.80231404,"unit":"10^15 molecules cm^-2"},"geometry":{"type":"Polygon","coordinates":[[[-84.325,33.825],[-84.275,33.825],[-84.275,33.875],[-84.325,33.875],[-84.325,33.825]]]}},{"type":"Feature","properties":{"layer":"TEMPO NO2","transport":"Westward","timePeriod":"12:00-14:00 EDT Westward","NO2":3.02784896,"unit":"10^15 molecules cm^-2"},"geometry":{"type":"Polygon","coordinates":[[[-84.275,33.825],[-84.225,33.825],[-84.225,33.875],[-84.275,33.875],[-84.275,33.825]]]}},{"type":"Feature","properties":{"layer":"TEMPO NO2","transport":"Westward","timePeriod":"12:00-14:00 EDT Westward","NO2":2.94758391,"unit":"10^15 molecules cm^-2"},"geometry":{"type":"Polygon","coordinates":[[[-84.225,33.825],[-84.175,33.825],[-84.175,33.875],[-84.225,33.875],[-84.225,33.825]]]}},{"type":"Feature","properties":{"layer":"TEMPO NO2","transport":"Westward","timePeriod":"12:00-14:00 EDT Westward","NO2":2.12983489,"unit":"10^15 molecules cm^-2"},"geometry":{"type":"Polygon","coordinates":[[[-84.175,33.825],[-84.125,33.825],[-84.125,33.875],[-84.175,33.875],[-84.175,33.825]]]}},{"type":"Feature","properties":{"layer":"TEMPO NO2","transport":"Westward","timePeriod":"12:00-14:00 EDT Westward","NO2":2.32541633,"unit":"10^15 molecules cm^-2"},"geometry":{"type":"Polygon","coordinates":[[[-84.125,33.825],[-84.075,33.825],[-84.075,33.875],[-84.125,33.875],[-84.125,33.825]]]}},{"type":"Feature","properties":{"layer":"TEMPO NO2","transport":"Westward","timePeriod":"12:00-14:00 EDT Westward","NO2":1.60467458,"unit":"10^15 molecules cm^-2"},"geometry":{"type":"Polygon","coordinates":[[[-84.075,33.825],[-84.025,33.825],[-84.025,33.875],[-84.075,33.875],[-84.075,33.825]]]}},{"type":"Feature","properties":{"layer":"TEMPO NO2","transport":"Westward","timePeriod":"12:00-14:00 EDT Westward","NO2":1.84573042,"unit":"10^15 molecules cm^-2"},"geometry":{"type":"Polygon","coordinates":[[[-84.025,33.825],[-83.975,33.825],[-83.975,33.875],[-84.025,33.875],[-84.025,33.825]]]}},{"type":"Feature","properties":{"layer":"TEMPO NO2","transport":"Westward","timePeriod":"12:00-14:00 EDT Westward","NO2":2.0362947,"unit":"10^15 molecules cm^-2"},"geometry":{"type":"Polygon","coordinates":[[[-83.975,33.825],[-83.925,33.825],[-83.925,33.875],[-83.975,33.875],[-83.975,33.825]]]}},{"type":"Feature","properties":{"layer":"TEMPO NO2","transport":"Westward","timePeriod":"12:00-14:00 EDT Westward","NO2":1.87302,"unit":"10^15 molecules cm^-2"},"geometry":{"type":"Polygon","coordinates":[[[-83.925,33.825],[-83.875,33.825],[-83.875,33.875],[-83.925,33.875],[-83.925,33.825]]]}},{"type":"Feature","properties":{"layer":"TEMPO NO2","transport":"Westward","timePeriod":"12:00-14:00 EDT Westward","NO2":1.46684134,"unit":"10^15 molecules cm^-2"},"geometry":{"type":"Polygon","coordinates":[[[-83.875,33.825],[-83.825,33.825],[-83.825,33.875],[-83.875,33.875],[-83.875,33.825]]]}},{"type":"Feature","properties":{"layer":"TEMPO NO2","transport":"Westward","timePeriod":"12:00-14:00 EDT Westward","NO2":1.67384553,"unit":"10^15 molecules cm^-2"},"geometry":{"type":"Polygon","coordinates":[[[-83.825,33.825],[-83.775,33.825],[-83.775,33.875],[-83.825,33.875],[-83.825,33.825]]]}},{"type":"Feature","properties":{"layer":"TEMPO NO2","transport":"Westward","timePeriod":"12:00-14:00 EDT Westward","NO2":1.86712837,"unit":"10^15 molecules cm^-2"},"geometry":{"type":"Polygon","coordinates":[[[-84.975,33.875],[-84.925,33.875],[-84.925,33.925],[-84.975,33.925],[-84.975,33.875]]]}},{"type":"Feature","properties":{"layer":"TEMPO NO2","transport":"Westward","timePeriod":"12:00-14:00 EDT Westward","NO2":1.98549914,"unit":"10^15 molecules cm^-2"},"geometry":{"type":"Polygon","coordinates":[[[-84.925,33.875],[-84.875,33.875],[-84.875,33.925],[-84.925,33.925],[-84.925,33.875]]]}},{"type":"Feature","properties":{"layer":"TEMPO NO2","transport":"Westward","timePeriod":"12:00-14:00 EDT Westward","NO2":2.28681731,"unit":"10^15 molecules cm^-2"},"geometry":{"type":"Polygon","coordinates":[[[-84.875,33.875],[-84.825,33.875],[-84.825,33.925],[-84.875,33.925],[-84.875,33.875]]]}},{"type":"Feature","properties":{"layer":"TEMPO NO2","transport":"Westward","timePeriod":"12:00-14:00 EDT Westward","NO2":2.31133032,"unit":"10^15 molecules cm^-2"},"geometry":{"type":"Polygon","coordinates":[[[-84.825,33.875],[-84.775,33.875],[-84.775,33.925],[-84.825,33.925],[-84.825,33.875]]]}},{"type":"Feature","properties":{"layer":"TEMPO NO2","transport":"Westward","timePeriod":"12:00-14:00 EDT Westward","NO2":2.5100491,"unit":"10^15 molecules cm^-2"},"geometry":{"type":"Polygon","coordinates":[[[-84.775,33.875],[-84.725,33.875],[-84.725,33.925],[-84.775,33.925],[-84.775,33.875]]]}},{"type":"Feature","properties":{"layer":"TEMPO NO2","transport":"Westward","timePeriod":"12:00-14:00 EDT Westward","NO2":2.05530715,"unit":"10^15 molecules cm^-2"},"geometry":{"type":"Polygon","coordinates":[[[-84.725,33.875],[-84.675,33.875],[-84.675,33.925],[-84.725,33.925],[-84.725,33.875]]]}},{"type":"Feature","properties":{"layer":"TEMPO NO2","transport":"Westward","timePeriod":"12:00-14:00 EDT Westward","NO2":2.32253957,"unit":"10^15 molecules cm^-2"},"geometry":{"type":"Polygon","coordinates":[[[-84.675,33.875],[-84.625,33.875],[-84.625,33.925],[-84.675,33.925],[-84.675,33.875]]]}},{"type":"Feature","properties":{"layer":"TEMPO NO2","transport":"Westward","timePeriod":"12:00-14:00 EDT Westward","NO2":2.72372174,"unit":"10^15 molecules cm^-2"},"geometry":{"type":"Polygon","coordinates":[[[-84.625,33.875],[-84.575,33.875],[-84.575,33.925],[-84.625,33.925],[-84.625,33.875]]]}},{"type":"Feature","properties":{"layer":"TEMPO NO2","transport":"Westward","timePeriod":"12:00-14:00 EDT Westward","NO2":2.87215018,"unit":"10^15 molecules cm^-2"},"geometry":{"type":"Polygon","coordinates":[[[-84.575,33.875],[-84.525,33.875],[-84.525,33.925],[-84.575,33.925],[-84.575,33.875]]]}},{"type":"Feature","properties":{"layer":"TEMPO NO2","transport":"Westward","timePeriod":"12:00-14:00 EDT Westward","NO2":2.87020135,"unit":"10^15 molecules cm^-2"},"geometry":{"type":"Polygon","coordinates":[[[-84.525,33.875],[-84.475,33.875],[-84.475,33.925],[-84.525,33.925],[-84.525,33.875]]]}},{"type":"Feature","properties":{"layer":"TEMPO NO2","transport":"Westward","timePeriod":"12:00-14:00 EDT Westward","NO2":2.74289465,"unit":"10^15 molecules cm^-2"},"geometry":{"type":"Polygon","coordinates":[[[-84.475,33.875],[-84.425,33.875],[-84.425,33.925],[-84.475,33.925],[-84.475,33.875]]]}},{"type":"Feature","properties":{"layer":"TEMPO NO2","transport":"Westward","timePeriod":"12:00-14:00 EDT Westward","NO2":2.65110731,"unit":"10^15 molecules cm^-2"},"geometry":{"type":"Polygon","coordinates":[[[-84.425,33.875],[-84.375,33.875],[-84.375,33.925],[-84.425,33.925],[-84.425,33.875]]]}},{"type":"Feature","properties":{"layer":"TEMPO NO2","transport":"Westward","timePeriod":"12:00-14:00 EDT Westward","NO2":3.01001143,"unit":"10^15 molecules cm^-2"},"geometry":{"type":"Polygon","coordinates":[[[-84.375,33.875],[-84.325,33.875],[-84.325,33.925],[-84.375,33.925],[-84.375,33.875]]]}},{"type":"Feature","properties":{"layer":"TEMPO NO2","transport":"Westward","timePeriod":"12:00-14:00 EDT Westward","NO2":3.80893302,"unit":"10^15 molecules cm^-2"},"geometry":{"type":"Polygon","coordinates":[[[-84.325,33.875],[-84.275,33.875],[-84.275,33.925],[-84.325,33.925],[-84.325,33.875]]]}},{"type":"Feature","properties":{"layer":"TEMPO NO2","transport":"Westward","timePeriod":"12:00-14:00 EDT Westward","NO2":2.98854613,"unit":"10^15 molecules cm^-2"},"geometry":{"type":"Polygon","coordinates":[[[-84.275,33.875],[-84.225,33.875],[-84.225,33.925],[-84.275,33.925],[-84.275,33.875]]]}},{"type":"Feature","properties":{"layer":"TEMPO NO2","transport":"Westward","timePeriod":"12:00-14:00 EDT Westward","NO2":2.90602255,"unit":"10^15 molecules cm^-2"},"geometry":{"type":"Polygon","coordinates":[[[-84.225,33.875],[-84.175,33.875],[-84.175,33.925],[-84.225,33.925],[-84.225,33.875]]]}},{"type":"Feature","properties":{"layer":"TEMPO NO2","transport":"Westward","timePeriod":"12:00-14:00 EDT Westward","NO2":2.79663825,"unit":"10^15 molecules cm^-2"},"geometry":{"type":"Polygon","coordinates":[[[-84.175,33.875],[-84.125,33.875],[-84.125,33.925],[-84.175,33.925],[-84.175,33.875]]]}},{"type":"Feature","properties":{"layer":"TEMPO NO2","transport":"Westward","timePeriod":"12:00-14:00 EDT Westward","NO2":2.53819728,"unit":"10^15 molecules cm^-2"},"geometry":{"type":"Polygon","coordinates":[[[-84.125,33.875],[-84.075,33.875],[-84.075,33.925],[-84.125,33.925],[-84.125,33.875]]]}},{"type":"Feature","properties":{"layer":"TEMPO NO2","transport":"Westward","timePeriod":"12:00-14:00 EDT Westward","NO2":2.41312408,"unit":"10^15 molecules cm^-2"},"geometry":{"type":"Polygon","coordinates":[[[-84.075,33.875],[-84.025,33.875],[-84.025,33.925],[-84.075,33.925],[-84.075,33.875]]]}},{"type":"Feature","properties":{"layer":"TEMPO NO2","transport":"Westward","timePeriod":"12:00-14:00 EDT Westward","NO2":2.26625133,"unit":"10^15 molecules cm^-2"},"geometry":{"type":"Polygon","coordinates":[[[-84.025,33.875],[-83.975,33.875],[-83.975,33.925],[-84.025,33.925],[-84.025,33.875]]]}},{"type":"Feature","properties":{"layer":"TEMPO NO2","transport":"Westward","timePeriod":"12:00-14:00 EDT Westward","NO2":1.97010589,"unit":"10^15 molecules cm^-2"},"geometry":{"type":"Polygon","coordinates":[[[-83.975,33.875],[-83.925,33.875],[-83.925,33.925],[-83.975,33.925],[-83.975,33.875]]]}},{"type":"Feature","properties":{"layer":"TEMPO NO2","transport":"Westward","timePeriod":"12:00-14:00 EDT Westward","NO2":1.70809102,"unit":"10^15 molecules cm^-2"},"geometry":{"type":"Polygon","coordinates":[[[-83.925,33.875],[-83.875,33.875],[-83.875,33.925],[-83.925,33.925],[-83.925,33.875]]]}},{"type":"Feature","properties":{"layer":"TEMPO NO2","transport":"Westward","timePeriod":"12:00-14:00 EDT Westward","NO2":1.77282381,"unit":"10^15 molecules cm^-2"},"geometry":{"type":"Polygon","coordinates":[[[-83.875,33.875],[-83.825,33.875],[-83.825,33.925],[-83.875,33.925],[-83.875,33.875]]]}},{"type":"Feature","properties":{"layer":"TEMPO NO2","transport":"Westward","timePeriod":"12:00-14:00 EDT Westward","NO2":1.3881613,"unit":"10^15 molecules cm^-2"},"geometry":{"type":"Polygon","coordinates":[[[-83.825,33.875],[-83.775,33.875],[-83.775,33.925],[-83.825,33.925],[-83.825,33.875]]]}},{"type":"Feature","properties":{"layer":"TEMPO NO2","transport":"Westward","timePeriod":"12:00-14:00 EDT Westward","NO2":2.11635375,"unit":"10^15 molecules cm^-2"},"geometry":{"type":"Polygon","coordinates":[[[-84.975,33.925],[-84.925,33.925],[-84.925,33.975],[-84.975,33.975],[-84.975,33.925]]]}},{"type":"Feature","properties":{"layer":"TEMPO NO2","transport":"Westward","timePeriod":"12:00-14:00 EDT Westward","NO2":2.111027,"unit":"10^15 molecules cm^-2"},"geometry":{"type":"Polygon","coordinates":[[[-84.925,33.925],[-84.875,33.925],[-84.875,33.975],[-84.925,33.975],[-84.925,33.925]]]}},{"type":"Feature","properties":{"layer":"TEMPO NO2","transport":"Westward","timePeriod":"12:00-14:00 EDT Westward","NO2":2.24892616,"unit":"10^15 molecules cm^-2"},"geometry":{"type":"Polygon","coordinates":[[[-84.875,33.925],[-84.825,33.925],[-84.825,33.975],[-84.875,33.975],[-84.875,33.925]]]}},{"type":"Feature","properties":{"layer":"TEMPO NO2","transport":"Westward","timePeriod":"12:00-14:00 EDT Westward","NO2":2.34371424,"unit":"10^15 molecules cm^-2"},"geometry":{"type":"Polygon","coordinates":[[[-84.825,33.925],[-84.775,33.925],[-84.775,33.975],[-84.825,33.975],[-84.825,33.925]]]}},{"type":"Feature","properties":{"layer":"TEMPO NO2","transport":"Westward","timePeriod":"12:00-14:00 EDT Westward","NO2":2.37582946,"unit":"10^15 molecules cm^-2"},"geometry":{"type":"Polygon","coordinates":[[[-84.775,33.925],[-84.725,33.925],[-84.725,33.975],[-84.775,33.975],[-84.775,33.925]]]}},{"type":"Feature","properties":{"layer":"TEMPO NO2","transport":"Westward","timePeriod":"12:00-14:00 EDT Westward","NO2":2.27109146,"unit":"10^15 molecules cm^-2"},"geometry":{"type":"Polygon","coordinates":[[[-84.725,33.925],[-84.675,33.925],[-84.675,33.975],[-84.725,33.975],[-84.725,33.925]]]}},{"type":"Feature","properties":{"layer":"TEMPO NO2","transport":"Westward","timePeriod":"12:00-14:00 EDT Westward","NO2":2.10409665,"unit":"10^15 molecules cm^-2"},"geometry":{"type":"Polygon","coordinates":[[[-84.675,33.925],[-84.625,33.925],[-84.625,33.975],[-84.675,33.975],[-84.675,33.925]]]}},{"type":"Feature","properties":{"layer":"TEMPO NO2","transport":"Westward","timePeriod":"12:00-14:00 EDT Westward","NO2":2.55621982,"unit":"10^15 molecules cm^-2"},"geometry":{"type":"Polygon","coordinates":[[[-84.625,33.925],[-84.575,33.925],[-84.575,33.975],[-84.625,33.975],[-84.625,33.925]]]}},{"type":"Feature","properties":{"layer":"TEMPO NO2","transport":"Westward","timePeriod":"12:00-14:00 EDT Westward","NO2":3.11765051,"unit":"10^15 molecules cm^-2"},"geometry":{"type":"Polygon","coordinates":[[[-84.575,33.925],[-84.525,33.925],[-84.525,33.975],[-84.575,33.975],[-84.575,33.925]]]}},{"type":"Feature","properties":{"layer":"TEMPO NO2","transport":"Westward","timePeriod":"12:00-14:00 EDT Westward","NO2":3.06881142,"unit":"10^15 molecules cm^-2"},"geometry":{"type":"Polygon","coordinates":[[[-84.525,33.925],[-84.475,33.925],[-84.475,33.975],[-84.525,33.975],[-84.525,33.925]]]}},{"type":"Feature","properties":{"layer":"TEMPO NO2","transport":"Westward","timePeriod":"12:00-14:00 EDT Westward","NO2":2.55412841,"unit":"10^15 molecules cm^-2"},"geometry":{"type":"Polygon","coordinates":[[[-84.475,33.925],[-84.425,33.925],[-84.425,33.975],[-84.475,33.975],[-84.475,33.925]]]}},{"type":"Feature","properties":{"layer":"TEMPO NO2","transport":"Westward","timePeriod":"12:00-14:00 EDT Westward","NO2":2.58197069,"unit":"10^15 molecules cm^-2"},"geometry":{"type":"Polygon","coordinates":[[[-84.425,33.925],[-84.375,33.925],[-84.375,33.975],[-84.425,33.975],[-84.425,33.925]]]}},{"type":"Feature","properties":{"layer":"TEMPO NO2","transport":"Westward","timePeriod":"12:00-14:00 EDT Westward","NO2":3.10534692,"unit":"10^15 molecules cm^-2"},"geometry":{"type":"Polygon","coordinates":[[[-84.375,33.925],[-84.325,33.925],[-84.325,33.975],[-84.375,33.975],[-84.375,33.925]]]}},{"type":"Feature","properties":{"layer":"TEMPO NO2","transport":"Westward","timePeriod":"12:00-14:00 EDT Westward","NO2":2.90248275,"unit":"10^15 molecules cm^-2"},"geometry":{"type":"Polygon","coordinates":[[[-84.325,33.925],[-84.275,33.925],[-84.275,33.975],[-84.325,33.975],[-84.325,33.925]]]}},{"type":"Feature","properties":{"layer":"TEMPO NO2","transport":"Westward","timePeriod":"12:00-14:00 EDT Westward","NO2":4.20357466,"unit":"10^15 molecules cm^-2"},"geometry":{"type":"Polygon","coordinates":[[[-84.275,33.925],[-84.225,33.925],[-84.225,33.975],[-84.275,33.975],[-84.275,33.925]]]}},{"type":"Feature","properties":{"layer":"TEMPO NO2","transport":"Westward","timePeriod":"12:00-14:00 EDT Westward","NO2":3.92702866,"unit":"10^15 molecules cm^-2"},"geometry":{"type":"Polygon","coordinates":[[[-84.225,33.925],[-84.175,33.925],[-84.175,33.975],[-84.225,33.975],[-84.225,33.925]]]}},{"type":"Feature","properties":{"layer":"TEMPO NO2","transport":"Westward","timePeriod":"12:00-14:00 EDT Westward","NO2":2.88600731,"unit":"10^15 molecules cm^-2"},"geometry":{"type":"Polygon","coordinates":[[[-84.175,33.925],[-84.125,33.925],[-84.125,33.975],[-84.175,33.975],[-84.175,33.925]]]}},{"type":"Feature","properties":{"layer":"TEMPO NO2","transport":"Westward","timePeriod":"12:00-14:00 EDT Westward","NO2":2.27798295,"unit":"10^15 molecules cm^-2"},"geometry":{"type":"Polygon","coordinates":[[[-84.125,33.925],[-84.075,33.925],[-84.075,33.975],[-84.125,33.975],[-84.125,33.925]]]}},{"type":"Feature","properties":{"layer":"TEMPO NO2","transport":"Westward","timePeriod":"12:00-14:00 EDT Westward","NO2":2.25476551,"unit":"10^15 molecules cm^-2"},"geometry":{"type":"Polygon","coordinates":[[[-84.075,33.925],[-84.025,33.925],[-84.025,33.975],[-84.075,33.975],[-84.075,33.925]]]}},{"type":"Feature","properties":{"layer":"TEMPO NO2","transport":"Westward","timePeriod":"12:00-14:00 EDT Westward","NO2":2.45978498,"unit":"10^15 molecules cm^-2"},"geometry":{"type":"Polygon","coordinates":[[[-84.025,33.925],[-83.975,33.925],[-83.975,33.975],[-84.025,33.975],[-84.025,33.925]]]}},{"type":"Feature","properties":{"layer":"TEMPO NO2","transport":"Westward","timePeriod":"12:00-14:00 EDT Westward","NO2":2.22983074,"unit":"10^15 molecules cm^-2"},"geometry":{"type":"Polygon","coordinates":[[[-83.975,33.925],[-83.925,33.925],[-83.925,33.975],[-83.975,33.975],[-83.975,33.925]]]}},{"type":"Feature","properties":{"layer":"TEMPO NO2","transport":"Westward","timePeriod":"12:00-14:00 EDT Westward","NO2":2.00403595,"unit":"10^15 molecules cm^-2"},"geometry":{"type":"Polygon","coordinates":[[[-83.925,33.925],[-83.875,33.925],[-83.875,33.975],[-83.925,33.975],[-83.925,33.925]]]}},{"type":"Feature","properties":{"layer":"TEMPO NO2","transport":"Westward","timePeriod":"12:00-14:00 EDT Westward","NO2":1.7544688,"unit":"10^15 molecules cm^-2"},"geometry":{"type":"Polygon","coordinates":[[[-83.875,33.925],[-83.825,33.925],[-83.825,33.975],[-83.875,33.975],[-83.875,33.925]]]}},{"type":"Feature","properties":{"layer":"TEMPO NO2","transport":"Westward","timePeriod":"12:00-14:00 EDT Westward","NO2":1.56782985,"unit":"10^15 molecules cm^-2"},"geometry":{"type":"Polygon","coordinates":[[[-83.825,33.925],[-83.775,33.925],[-83.775,33.975],[-83.825,33.975],[-83.825,33.925]]]}},{"type":"Feature","properties":{"layer":"TEMPO NO2","transport":"Westward","timePeriod":"12:00-14:00 EDT Westward","NO2":2.01396275,"unit":"10^15 molecules cm^-2"},"geometry":{"type":"Polygon","coordinates":[[[-84.975,33.975],[-84.925,33.975],[-84.925,34.025],[-84.975,34.025],[-84.975,33.975]]]}},{"type":"Feature","properties":{"layer":"TEMPO NO2","transport":"Westward","timePeriod":"12:00-14:00 EDT Westward","NO2":2.0306375,"unit":"10^15 molecules cm^-2"},"geometry":{"type":"Polygon","coordinates":[[[-84.925,33.975],[-84.875,33.975],[-84.875,34.025],[-84.925,34.025],[-84.925,33.975]]]}},{"type":"Feature","properties":{"layer":"TEMPO NO2","transport":"Westward","timePeriod":"12:00-14:00 EDT Westward","NO2":2.2977736,"unit":"10^15 molecules cm^-2"},"geometry":{"type":"Polygon","coordinates":[[[-84.875,33.975],[-84.825,33.975],[-84.825,34.025],[-84.875,34.025],[-84.875,33.975]]]}},{"type":"Feature","properties":{"layer":"TEMPO NO2","transport":"Westward","timePeriod":"12:00-14:00 EDT Westward","NO2":2.34661746,"unit":"10^15 molecules cm^-2"},"geometry":{"type":"Polygon","coordinates":[[[-84.825,33.975],[-84.775,33.975],[-84.775,34.025],[-84.825,34.025],[-84.825,33.975]]]}},{"type":"Feature","properties":{"layer":"TEMPO NO2","transport":"Westward","timePeriod":"12:00-14:00 EDT Westward","NO2":2.19211555,"unit":"10^15 molecules cm^-2"},"geometry":{"type":"Polygon","coordinates":[[[-84.775,33.975],[-84.725,33.975],[-84.725,34.025],[-84.775,34.025],[-84.775,33.975]]]}},{"type":"Feature","properties":{"layer":"TEMPO NO2","transport":"Westward","timePeriod":"12:00-14:00 EDT Westward","NO2":2.28040266,"unit":"10^15 molecules cm^-2"},"geometry":{"type":"Polygon","coordinates":[[[-84.725,33.975],[-84.675,33.975],[-84.675,34.025],[-84.725,34.025],[-84.725,33.975]]]}},{"type":"Feature","properties":{"layer":"TEMPO NO2","transport":"Westward","timePeriod":"12:00-14:00 EDT Westward","NO2":1.94038904,"unit":"10^15 molecules cm^-2"},"geometry":{"type":"Polygon","coordinates":[[[-84.675,33.975],[-84.625,33.975],[-84.625,34.025],[-84.675,34.025],[-84.675,33.975]]]}},{"type":"Feature","properties":{"layer":"TEMPO NO2","transport":"Westward","timePeriod":"12:00-14:00 EDT Westward","NO2":2.31487489,"unit":"10^15 molecules cm^-2"},"geometry":{"type":"Polygon","coordinates":[[[-84.625,33.975],[-84.575,33.975],[-84.575,34.025],[-84.625,34.025],[-84.625,33.975]]]}},{"type":"Feature","properties":{"layer":"TEMPO NO2","transport":"Westward","timePeriod":"12:00-14:00 EDT Westward","NO2":3.1066792,"unit":"10^15 molecules cm^-2"},"geometry":{"type":"Polygon","coordinates":[[[-84.575,33.975],[-84.525,33.975],[-84.525,34.025],[-84.575,34.025],[-84.575,33.975]]]}},{"type":"Feature","properties":{"layer":"TEMPO NO2","transport":"Westward","timePeriod":"12:00-14:00 EDT Westward","NO2":2.59805751,"unit":"10^15 molecules cm^-2"},"geometry":{"type":"Polygon","coordinates":[[[-84.525,33.975],[-84.475,33.975],[-84.475,34.025],[-84.525,34.025],[-84.525,33.975]]]}},{"type":"Feature","properties":{"layer":"TEMPO NO2","transport":"Westward","timePeriod":"12:00-14:00 EDT Westward","NO2":2.30868649,"unit":"10^15 molecules cm^-2"},"geometry":{"type":"Polygon","coordinates":[[[-84.475,33.975],[-84.425,33.975],[-84.425,34.025],[-84.475,34.025],[-84.475,33.975]]]}},{"type":"Feature","properties":{"layer":"TEMPO NO2","transport":"Westward","timePeriod":"12:00-14:00 EDT Westward","NO2":2.34534097,"unit":"10^15 molecules cm^-2"},"geometry":{"type":"Polygon","coordinates":[[[-84.425,33.975],[-84.375,33.975],[-84.375,34.025],[-84.425,34.025],[-84.425,33.975]]]}},{"type":"Feature","properties":{"layer":"TEMPO NO2","transport":"Westward","timePeriod":"12:00-14:00 EDT Westward","NO2":2.61823487,"unit":"10^15 molecules cm^-2"},"geometry":{"type":"Polygon","coordinates":[[[-84.375,33.975],[-84.325,33.975],[-84.325,34.025],[-84.375,34.025],[-84.375,33.975]]]}},{"type":"Feature","properties":{"layer":"TEMPO NO2","transport":"Westward","timePeriod":"12:00-14:00 EDT Westward","NO2":2.59930205,"unit":"10^15 molecules cm^-2"},"geometry":{"type":"Polygon","coordinates":[[[-84.325,33.975],[-84.275,33.975],[-84.275,34.025],[-84.325,34.025],[-84.325,33.975]]]}},{"type":"Feature","properties":{"layer":"TEMPO NO2","transport":"Westward","timePeriod":"12:00-14:00 EDT Westward","NO2":2.86390281,"unit":"10^15 molecules cm^-2"},"geometry":{"type":"Polygon","coordinates":[[[-84.275,33.975],[-84.225,33.975],[-84.225,34.025],[-84.275,34.025],[-84.275,33.975]]]}},{"type":"Feature","properties":{"layer":"TEMPO NO2","transport":"Westward","timePeriod":"12:00-14:00 EDT Westward","NO2":3.0120337,"unit":"10^15 molecules cm^-2"},"geometry":{"type":"Polygon","coordinates":[[[-84.225,33.975],[-84.175,33.975],[-84.175,34.025],[-84.225,34.025],[-84.225,33.975]]]}},{"type":"Feature","properties":{"layer":"TEMPO NO2","transport":"Westward","timePeriod":"12:00-14:00 EDT Westward","NO2":2.95849347,"unit":"10^15 molecules cm^-2"},"geometry":{"type":"Polygon","coordinates":[[[-84.175,33.975],[-84.125,33.975],[-84.125,34.025],[-84.175,34.025],[-84.175,33.975]]]}},{"type":"Feature","properties":{"layer":"TEMPO NO2","transport":"Westward","timePeriod":"12:00-14:00 EDT Westward","NO2":3.31280136,"unit":"10^15 molecules cm^-2"},"geometry":{"type":"Polygon","coordinates":[[[-84.125,33.975],[-84.075,33.975],[-84.075,34.025],[-84.125,34.025],[-84.125,33.975]]]}},{"type":"Feature","properties":{"layer":"TEMPO NO2","transport":"Westward","timePeriod":"12:00-14:00 EDT Westward","NO2":2.98955178,"unit":"10^15 molecules cm^-2"},"geometry":{"type":"Polygon","coordinates":[[[-84.075,33.975],[-84.025,33.975],[-84.025,34.025],[-84.075,34.025],[-84.075,33.975]]]}},{"type":"Feature","properties":{"layer":"TEMPO NO2","transport":"Westward","timePeriod":"12:00-14:00 EDT Westward","NO2":2.95678163,"unit":"10^15 molecules cm^-2"},"geometry":{"type":"Polygon","coordinates":[[[-84.025,33.975],[-83.975,33.975],[-83.975,34.025],[-84.025,34.025],[-84.025,33.975]]]}},{"type":"Feature","properties":{"layer":"TEMPO NO2","transport":"Westward","timePeriod":"12:00-14:00 EDT Westward","NO2":2.16687894,"unit":"10^15 molecules cm^-2"},"geometry":{"type":"Polygon","coordinates":[[[-83.975,33.975],[-83.925,33.975],[-83.925,34.025],[-83.975,34.025],[-83.975,33.975]]]}},{"type":"Feature","properties":{"layer":"TEMPO NO2","transport":"Westward","timePeriod":"12:00-14:00 EDT Westward","NO2":1.96750605,"unit":"10^15 molecules cm^-2"},"geometry":{"type":"Polygon","coordinates":[[[-83.925,33.975],[-83.875,33.975],[-83.875,34.025],[-83.925,34.025],[-83.925,33.975]]]}},{"type":"Feature","properties":{"layer":"TEMPO NO2","transport":"Westward","timePeriod":"12:00-14:00 EDT Westward","NO2":1.90765572,"unit":"10^15 molecules cm^-2"},"geometry":{"type":"Polygon","coordinates":[[[-83.875,33.975],[-83.825,33.975],[-83.825,34.025],[-83.875,34.025],[-83.875,33.975]]]}},{"type":"Feature","properties":{"layer":"TEMPO NO2","transport":"Westward","timePeriod":"12:00-14:00 EDT Westward","NO2":1.74778032,"unit":"10^15 molecules cm^-2"},"geometry":{"type":"Polygon","coordinates":[[[-83.825,33.975],[-83.775,33.975],[-83.775,34.025],[-83.825,34.025],[-83.825,33.975]]]}},{"type":"Feature","properties":{"layer":"TEMPO NO2","transport":"Westward","timePeriod":"12:00-14:00 EDT Westward","NO2":2.07379317,"unit":"10^15 molecules cm^-2"},"geometry":{"type":"Polygon","coordinates":[[[-84.975,34.025],[-84.925,34.025],[-84.925,34.075],[-84.975,34.075],[-84.975,34.025]]]}},{"type":"Feature","properties":{"layer":"TEMPO NO2","transport":"Westward","timePeriod":"12:00-14:00 EDT Westward","NO2":2.10886717,"unit":"10^15 molecules cm^-2"},"geometry":{"type":"Polygon","coordinates":[[[-84.925,34.025],[-84.875,34.025],[-84.875,34.075],[-84.925,34.075],[-84.925,34.025]]]}},{"type":"Feature","properties":{"layer":"TEMPO NO2","transport":"Westward","timePeriod":"12:00-14:00 EDT Westward","NO2":2.22833776,"unit":"10^15 molecules cm^-2"},"geometry":{"type":"Polygon","coordinates":[[[-84.875,34.025],[-84.825,34.025],[-84.825,34.075],[-84.875,34.075],[-84.875,34.025]]]}},{"type":"Feature","properties":{"layer":"TEMPO NO2","transport":"Westward","timePeriod":"12:00-14:00 EDT Westward","NO2":2.06954,"unit":"10^15 molecules cm^-2"},"geometry":{"type":"Polygon","coordinates":[[[-84.825,34.025],[-84.775,34.025],[-84.775,34.075],[-84.825,34.075],[-84.825,34.025]]]}},{"type":"Feature","properties":{"layer":"TEMPO NO2","transport":"Westward","timePeriod":"12:00-14:00 EDT Westward","NO2":2.23326325,"unit":"10^15 molecules cm^-2"},"geometry":{"type":"Polygon","coordinates":[[[-84.775,34.025],[-84.725,34.025],[-84.725,34.075],[-84.775,34.075],[-84.775,34.025]]]}},{"type":"Feature","properties":{"layer":"TEMPO NO2","transport":"Westward","timePeriod":"12:00-14:00 EDT Westward","NO2":1.98399007,"unit":"10^15 molecules cm^-2"},"geometry":{"type":"Polygon","coordinates":[[[-84.725,34.025],[-84.675,34.025],[-84.675,34.075],[-84.725,34.075],[-84.725,34.025]]]}},{"type":"Feature","properties":{"layer":"TEMPO NO2","transport":"Westward","timePeriod":"12:00-14:00 EDT Westward","NO2":2.33631349,"unit":"10^15 molecules cm^-2"},"geometry":{"type":"Polygon","coordinates":[[[-84.675,34.025],[-84.625,34.025],[-84.625,34.075],[-84.675,34.075],[-84.675,34.025]]]}},{"type":"Feature","properties":{"layer":"TEMPO NO2","transport":"Westward","timePeriod":"12:00-14:00 EDT Westward","NO2":2.72631431,"unit":"10^15 molecules cm^-2"},"geometry":{"type":"Polygon","coordinates":[[[-84.625,34.025],[-84.575,34.025],[-84.575,34.075],[-84.625,34.075],[-84.625,34.025]]]}},{"type":"Feature","properties":{"layer":"TEMPO NO2","transport":"Westward","timePeriod":"12:00-14:00 EDT Westward","NO2":3.0292995,"unit":"10^15 molecules cm^-2"},"geometry":{"type":"Polygon","coordinates":[[[-84.575,34.025],[-84.525,34.025],[-84.525,34.075],[-84.575,34.075],[-84.575,34.025]]]}},{"type":"Feature","properties":{"layer":"TEMPO NO2","transport":"Westward","timePeriod":"12:00-14:00 EDT Westward","NO2":2.03468442,"unit":"10^15 molecules cm^-2"},"geometry":{"type":"Polygon","coordinates":[[[-84.525,34.025],[-84.475,34.025],[-84.475,34.075],[-84.525,34.075],[-84.525,34.025]]]}},{"type":"Feature","properties":{"layer":"TEMPO NO2","transport":"Westward","timePeriod":"12:00-14:00 EDT Westward","NO2":1.8628341,"unit":"10^15 molecules cm^-2"},"geometry":{"type":"Polygon","coordinates":[[[-84.475,34.025],[-84.425,34.025],[-84.425,34.075],[-84.475,34.075],[-84.475,34.025]]]}},{"type":"Feature","properties":{"layer":"TEMPO NO2","transport":"Westward","timePeriod":"12:00-14:00 EDT Westward","NO2":2.10808206,"unit":"10^15 molecules cm^-2"},"geometry":{"type":"Polygon","coordinates":[[[-84.425,34.025],[-84.375,34.025],[-84.375,34.075],[-84.425,34.075],[-84.425,34.025]]]}},{"type":"Feature","properties":{"layer":"TEMPO NO2","transport":"Westward","timePeriod":"12:00-14:00 EDT Westward","NO2":2.29194117,"unit":"10^15 molecules cm^-2"},"geometry":{"type":"Polygon","coordinates":[[[-84.375,34.025],[-84.325,34.025],[-84.325,34.075],[-84.375,34.075],[-84.375,34.025]]]}},{"type":"Feature","properties":{"layer":"TEMPO NO2","transport":"Westward","timePeriod":"12:00-14:00 EDT Westward","NO2":2.14404106,"unit":"10^15 molecules cm^-2"},"geometry":{"type":"Polygon","coordinates":[[[-84.325,34.025],[-84.275,34.025],[-84.275,34.075],[-84.325,34.075],[-84.325,34.025]]]}},{"type":"Feature","properties":{"layer":"TEMPO NO2","transport":"Westward","timePeriod":"12:00-14:00 EDT Westward","NO2":2.37232232,"unit":"10^15 molecules cm^-2"},"geometry":{"type":"Polygon","coordinates":[[[-84.275,34.025],[-84.225,34.025],[-84.225,34.075],[-84.275,34.075],[-84.275,34.025]]]}},{"type":"Feature","properties":{"layer":"TEMPO NO2","transport":"Westward","timePeriod":"12:00-14:00 EDT Westward","NO2":2.50648546,"unit":"10^15 molecules cm^-2"},"geometry":{"type":"Polygon","coordinates":[[[-84.225,34.025],[-84.175,34.025],[-84.175,34.075],[-84.225,34.075],[-84.225,34.025]]]}},{"type":"Feature","properties":{"layer":"TEMPO NO2","transport":"Westward","timePeriod":"12:00-14:00 EDT Westward","NO2":2.61495399,"unit":"10^15 molecules cm^-2"},"geometry":{"type":"Polygon","coordinates":[[[-84.175,34.025],[-84.125,34.025],[-84.125,34.075],[-84.175,34.075],[-84.175,34.025]]]}},{"type":"Feature","properties":{"layer":"TEMPO NO2","transport":"Westward","timePeriod":"12:00-14:00 EDT Westward","NO2":2.60951042,"unit":"10^15 molecules cm^-2"},"geometry":{"type":"Polygon","coordinates":[[[-84.125,34.025],[-84.075,34.025],[-84.075,34.075],[-84.125,34.075],[-84.125,34.025]]]}},{"type":"Feature","properties":{"layer":"TEMPO NO2","transport":"Westward","timePeriod":"12:00-14:00 EDT Westward","NO2":2.76158834,"unit":"10^15 molecules cm^-2"},"geometry":{"type":"Polygon","coordinates":[[[-84.075,34.025],[-84.025,34.025],[-84.025,34.075],[-84.075,34.075],[-84.075,34.025]]]}},{"type":"Feature","properties":{"layer":"TEMPO NO2","transport":"Westward","timePeriod":"12:00-14:00 EDT Westward","NO2":1.97992122,"unit":"10^15 molecules cm^-2"},"geometry":{"type":"Polygon","coordinates":[[[-84.025,34.025],[-83.975,34.025],[-83.975,34.075],[-84.025,34.075],[-84.025,34.025]]]}},{"type":"Feature","properties":{"layer":"TEMPO NO2","transport":"Westward","timePeriod":"12:00-14:00 EDT Westward","NO2":2.02143884,"unit":"10^15 molecules cm^-2"},"geometry":{"type":"Polygon","coordinates":[[[-83.975,34.025],[-83.925,34.025],[-83.925,34.075],[-83.975,34.075],[-83.975,34.025]]]}},{"type":"Feature","properties":{"layer":"TEMPO NO2","transport":"Westward","timePeriod":"12:00-14:00 EDT Westward","NO2":2.03819799,"unit":"10^15 molecules cm^-2"},"geometry":{"type":"Polygon","coordinates":[[[-83.925,34.025],[-83.875,34.025],[-83.875,34.075],[-83.925,34.075],[-83.925,34.025]]]}},{"type":"Feature","properties":{"layer":"TEMPO NO2","transport":"Westward","timePeriod":"12:00-14:00 EDT Westward","NO2":1.76943874,"unit":"10^15 molecules cm^-2"},"geometry":{"type":"Polygon","coordinates":[[[-83.875,34.025],[-83.825,34.025],[-83.825,34.075],[-83.875,34.075],[-83.875,34.025]]]}},{"type":"Feature","properties":{"layer":"TEMPO NO2","transport":"Westward","timePeriod":"12:00-14:00 EDT Westward","NO2":1.70311892,"unit":"10^15 molecules cm^-2"},"geometry":{"type":"Polygon","coordinates":[[[-83.825,34.025],[-83.775,34.025],[-83.775,34.075],[-83.825,34.075],[-83.825,34.025]]]}},{"type":"Feature","properties":{"layer":"TEMPO NO2","transport":"Westward","timePeriod":"12:00-14:00 EDT Westward","NO2":2.52972865,"unit":"10^15 molecules cm^-2"},"geometry":{"type":"Polygon","coordinates":[[[-84.975,34.075],[-84.925,34.075],[-84.925,34.125],[-84.975,34.125],[-84.975,34.075]]]}},{"type":"Feature","properties":{"layer":"TEMPO NO2","transport":"Westward","timePeriod":"12:00-14:00 EDT Westward","NO2":2.09888172,"unit":"10^15 molecules cm^-2"},"geometry":{"type":"Polygon","coordinates":[[[-84.925,34.075],[-84.875,34.075],[-84.875,34.125],[-84.925,34.125],[-84.925,34.075]]]}},{"type":"Feature","properties":{"layer":"TEMPO NO2","transport":"Westward","timePeriod":"12:00-14:00 EDT Westward","NO2":1.90595114,"unit":"10^15 molecules cm^-2"},"geometry":{"type":"Polygon","coordinates":[[[-84.875,34.075],[-84.825,34.075],[-84.825,34.125],[-84.875,34.125],[-84.875,34.075]]]}},{"type":"Feature","properties":{"layer":"TEMPO NO2","transport":"Westward","timePeriod":"12:00-14:00 EDT Westward","NO2":2.20153451,"unit":"10^15 molecules cm^-2"},"geometry":{"type":"Polygon","coordinates":[[[-84.825,34.075],[-84.775,34.075],[-84.775,34.125],[-84.825,34.125],[-84.825,34.075]]]}},{"type":"Feature","properties":{"layer":"TEMPO NO2","transport":"Westward","timePeriod":"12:00-14:00 EDT Westward","NO2":2.11856151,"unit":"10^15 molecules cm^-2"},"geometry":{"type":"Polygon","coordinates":[[[-84.775,34.075],[-84.725,34.075],[-84.725,34.125],[-84.775,34.125],[-84.775,34.075]]]}},{"type":"Feature","properties":{"layer":"TEMPO NO2","transport":"Westward","timePeriod":"12:00-14:00 EDT Westward","NO2":2.11093855,"unit":"10^15 molecules cm^-2"},"geometry":{"type":"Polygon","coordinates":[[[-84.725,34.075],[-84.675,34.075],[-84.675,34.125],[-84.725,34.125],[-84.725,34.075]]]}},{"type":"Feature","properties":{"layer":"TEMPO NO2","transport":"Westward","timePeriod":"12:00-14:00 EDT Westward","NO2":2.55543923,"unit":"10^15 molecules cm^-2"},"geometry":{"type":"Polygon","coordinates":[[[-84.675,34.075],[-84.625,34.075],[-84.625,34.125],[-84.675,34.125],[-84.675,34.075]]]}},{"type":"Feature","properties":{"layer":"TEMPO NO2","transport":"Westward","timePeriod":"12:00-14:00 EDT Westward","NO2":2.56531692,"unit":"10^15 molecules cm^-2"},"geometry":{"type":"Polygon","coordinates":[[[-84.625,34.075],[-84.575,34.075],[-84.575,34.125],[-84.625,34.125],[-84.625,34.075]]]}},{"type":"Feature","properties":{"layer":"TEMPO NO2","transport":"Westward","timePeriod":"12:00-14:00 EDT Westward","NO2":2.34095311,"unit":"10^15 molecules cm^-2"},"geometry":{"type":"Polygon","coordinates":[[[-84.575,34.075],[-84.525,34.075],[-84.525,34.125],[-84.575,34.125],[-84.575,34.075]]]}},{"type":"Feature","properties":{"layer":"TEMPO NO2","transport":"Westward","timePeriod":"12:00-14:00 EDT Westward","NO2":2.25567627,"unit":"10^15 molecules cm^-2"},"geometry":{"type":"Polygon","coordinates":[[[-84.525,34.075],[-84.475,34.075],[-84.475,34.125],[-84.525,34.125],[-84.525,34.075]]]}},{"type":"Feature","properties":{"layer":"TEMPO NO2","transport":"Westward","timePeriod":"12:00-14:00 EDT Westward","NO2":1.90708804,"unit":"10^15 molecules cm^-2"},"geometry":{"type":"Polygon","coordinates":[[[-84.475,34.075],[-84.425,34.075],[-84.425,34.125],[-84.475,34.125],[-84.475,34.075]]]}},{"type":"Feature","properties":{"layer":"TEMPO NO2","transport":"Westward","timePeriod":"12:00-14:00 EDT Westward","NO2":2.06014156,"unit":"10^15 molecules cm^-2"},"geometry":{"type":"Polygon","coordinates":[[[-84.425,34.075],[-84.375,34.075],[-84.375,34.125],[-84.425,34.125],[-84.425,34.075]]]}},{"type":"Feature","properties":{"layer":"TEMPO NO2","transport":"Westward","timePeriod":"12:00-14:00 EDT Westward","NO2":2.33746314,"unit":"10^15 molecules cm^-2"},"geometry":{"type":"Polygon","coordinates":[[[-84.375,34.075],[-84.325,34.075],[-84.325,34.125],[-84.375,34.125],[-84.375,34.075]]]}},{"type":"Feature","properties":{"layer":"TEMPO NO2","transport":"Westward","timePeriod":"12:00-14:00 EDT Westward","NO2":2.60433197,"unit":"10^15 molecules cm^-2"},"geometry":{"type":"Polygon","coordinates":[[[-84.325,34.075],[-84.275,34.075],[-84.275,34.125],[-84.325,34.125],[-84.325,34.075]]]}},{"type":"Feature","properties":{"layer":"TEMPO NO2","transport":"Westward","timePeriod":"12:00-14:00 EDT Westward","NO2":2.1762042,"unit":"10^15 molecules cm^-2"},"geometry":{"type":"Polygon","coordinates":[[[-84.275,34.075],[-84.225,34.075],[-84.225,34.125],[-84.275,34.125],[-84.275,34.075]]]}},{"type":"Feature","properties":{"layer":"TEMPO NO2","transport":"Westward","timePeriod":"12:00-14:00 EDT Westward","NO2":2.16415954,"unit":"10^15 molecules cm^-2"},"geometry":{"type":"Polygon","coordinates":[[[-84.225,34.075],[-84.175,34.075],[-84.175,34.125],[-84.225,34.125],[-84.225,34.075]]]}},{"type":"Feature","properties":{"layer":"TEMPO NO2","transport":"Westward","timePeriod":"12:00-14:00 EDT Westward","NO2":2.25123668,"unit":"10^15 molecules cm^-2"},"geometry":{"type":"Polygon","coordinates":[[[-84.175,34.075],[-84.125,34.075],[-84.125,34.125],[-84.175,34.125],[-84.175,34.075]]]}},{"type":"Feature","properties":{"layer":"TEMPO NO2","transport":"Westward","timePeriod":"12:00-14:00 EDT Westward","NO2":2.24834609,"unit":"10^15 molecules cm^-2"},"geometry":{"type":"Polygon","coordinates":[[[-84.125,34.075],[-84.075,34.075],[-84.075,34.125],[-84.125,34.125],[-84.125,34.075]]]}},{"type":"Feature","properties":{"layer":"TEMPO NO2","transport":"Westward","timePeriod":"12:00-14:00 EDT Westward","NO2":2.16111517,"unit":"10^15 molecules cm^-2"},"geometry":{"type":"Polygon","coordinates":[[[-84.075,34.075],[-84.025,34.075],[-84.025,34.125],[-84.075,34.125],[-84.075,34.075]]]}},{"type":"Feature","properties":{"layer":"TEMPO NO2","transport":"Westward","timePeriod":"12:00-14:00 EDT Westward","NO2":2.15274382,"unit":"10^15 molecules cm^-2"},"geometry":{"type":"Polygon","coordinates":[[[-84.025,34.075],[-83.975,34.075],[-83.975,34.125],[-84.025,34.125],[-84.025,34.075]]]}},{"type":"Feature","properties":{"layer":"TEMPO NO2","transport":"Westward","timePeriod":"12:00-14:00 EDT Westward","NO2":2.03369784,"unit":"10^15 molecules cm^-2"},"geometry":{"type":"Polygon","coordinates":[[[-83.975,34.075],[-83.925,34.075],[-83.925,34.125],[-83.975,34.125],[-83.975,34.075]]]}},{"type":"Feature","properties":{"layer":"TEMPO NO2","transport":"Westward","timePeriod":"12:00-14:00 EDT Westward","NO2":1.82323027,"unit":"10^15 molecules cm^-2"},"geometry":{"type":"Polygon","coordinates":[[[-83.925,34.075],[-83.875,34.075],[-83.875,34.125],[-83.925,34.125],[-83.925,34.075]]]}},{"type":"Feature","properties":{"layer":"TEMPO NO2","transport":"Westward","timePeriod":"12:00-14:00 EDT Westward","NO2":1.58901525,"unit":"10^15 molecules cm^-2"},"geometry":{"type":"Polygon","coordinates":[[[-83.875,34.075],[-83.825,34.075],[-83.825,34.125],[-83.875,34.125],[-83.875,34.075]]]}},{"type":"Feature","properties":{"layer":"TEMPO NO2","transport":"Westward","timePeriod":"12:00-14:00 EDT Westward","NO2":1.51690352,"unit":"10^15 molecules cm^-2"},"geometry":{"type":"Polygon","coordinates":[[[-83.825,34.075],[-83.775,34.075],[-83.775,34.125],[-83.825,34.125],[-83.825,34.075]]]}},{"type":"Feature","properties":{"layer":"TEMPO NO2","transport":"Westward","timePeriod":"12:00-14:00 EDT Westward","NO2":2.99567914,"unit":"10^15 molecules cm^-2"},"geometry":{"type":"Polygon","coordinates":[[[-84.975,34.125],[-84.925,34.125],[-84.925,34.175],[-84.975,34.175],[-84.975,34.125]]]}},{"type":"Feature","properties":{"layer":"TEMPO NO2","transport":"Westward","timePeriod":"12:00-14:00 EDT Westward","NO2":4.05830097,"unit":"10^15 molecules cm^-2"},"geometry":{"type":"Polygon","coordinates":[[[-84.925,34.125],[-84.875,34.125],[-84.875,34.175],[-84.925,34.175],[-84.925,34.125]]]}},{"type":"Feature","properties":{"layer":"TEMPO NO2","transport":"Westward","timePeriod":"12:00-14:00 EDT Westward","NO2":2.7695334,"unit":"10^15 molecules cm^-2"},"geometry":{"type":"Polygon","coordinates":[[[-84.875,34.125],[-84.825,34.125],[-84.825,34.175],[-84.875,34.175],[-84.875,34.125]]]}},{"type":"Feature","properties":{"layer":"TEMPO NO2","transport":"Westward","timePeriod":"12:00-14:00 EDT Westward","NO2":1.96059537,"unit":"10^15 molecules cm^-2"},"geometry":{"type":"Polygon","coordinates":[[[-84.825,34.125],[-84.775,34.125],[-84.775,34.175],[-84.825,34.175],[-84.825,34.125]]]}},{"type":"Feature","properties":{"layer":"TEMPO NO2","transport":"Westward","timePeriod":"12:00-14:00 EDT Westward","NO2":2.00950432,"unit":"10^15 molecules cm^-2"},"geometry":{"type":"Polygon","coordinates":[[[-84.775,34.125],[-84.725,34.125],[-84.725,34.175],[-84.775,34.175],[-84.775,34.125]]]}},{"type":"Feature","properties":{"layer":"TEMPO NO2","transport":"Westward","timePeriod":"12:00-14:00 EDT Westward","NO2":1.91061044,"unit":"10^15 molecules cm^-2"},"geometry":{"type":"Polygon","coordinates":[[[-84.725,34.125],[-84.675,34.125],[-84.675,34.175],[-84.725,34.175],[-84.725,34.125]]]}},{"type":"Feature","properties":{"layer":"TEMPO NO2","transport":"Westward","timePeriod":"12:00-14:00 EDT Westward","NO2":1.9298408,"unit":"10^15 molecules cm^-2"},"geometry":{"type":"Polygon","coordinates":[[[-84.675,34.125],[-84.625,34.125],[-84.625,34.175],[-84.675,34.175],[-84.675,34.125]]]}},{"type":"Feature","properties":{"layer":"TEMPO NO2","transport":"Westward","timePeriod":"12:00-14:00 EDT Westward","NO2":2.10142922,"unit":"10^15 molecules cm^-2"},"geometry":{"type":"Polygon","coordinates":[[[-84.625,34.125],[-84.575,34.125],[-84.575,34.175],[-84.625,34.175],[-84.625,34.125]]]}},{"type":"Feature","properties":{"layer":"TEMPO NO2","transport":"Westward","timePeriod":"12:00-14:00 EDT Westward","NO2":1.79682243,"unit":"10^15 molecules cm^-2"},"geometry":{"type":"Polygon","coordinates":[[[-84.575,34.125],[-84.525,34.125],[-84.525,34.175],[-84.575,34.175],[-84.575,34.125]]]}},{"type":"Feature","properties":{"layer":"TEMPO NO2","transport":"Westward","timePeriod":"12:00-14:00 EDT Westward","NO2":2.02491236,"unit":"10^15 molecules cm^-2"},"geometry":{"type":"Polygon","coordinates":[[[-84.525,34.125],[-84.475,34.125],[-84.475,34.175],[-84.525,34.175],[-84.525,34.125]]]}},{"type":"Feature","properties":{"layer":"TEMPO NO2","transport":"Westward","timePeriod":"12:00-14:00 EDT Westward","NO2":1.81558096,"unit":"10^15 molecules cm^-2"},"geometry":{"type":"Polygon","coordinates":[[[-84.475,34.125],[-84.425,34.125],[-84.425,34.175],[-84.475,34.175],[-84.475,34.125]]]}},{"type":"Feature","properties":{"layer":"TEMPO NO2","transport":"Westward","timePeriod":"12:00-14:00 EDT Westward","NO2":1.85729885,"unit":"10^15 molecules cm^-2"},"geometry":{"type":"Polygon","coordinates":[[[-84.425,34.125],[-84.375,34.125],[-84.375,34.175],[-84.425,34.175],[-84.425,34.125]]]}},{"type":"Feature","properties":{"layer":"TEMPO NO2","transport":"Westward","timePeriod":"12:00-14:00 EDT Westward","NO2":1.92194188,"unit":"10^15 molecules cm^-2"},"geometry":{"type":"Polygon","coordinates":[[[-84.375,34.125],[-84.325,34.125],[-84.325,34.175],[-84.375,34.175],[-84.375,34.125]]]}},{"type":"Feature","properties":{"layer":"TEMPO NO2","transport":"Westward","timePeriod":"12:00-14:00 EDT Westward","NO2":1.89086401,"unit":"10^15 molecules cm^-2"},"geometry":{"type":"Polygon","coordinates":[[[-84.325,34.125],[-84.275,34.125],[-84.275,34.175],[-84.325,34.175],[-84.325,34.125]]]}},{"type":"Feature","properties":{"layer":"TEMPO NO2","transport":"Westward","timePeriod":"12:00-14:00 EDT Westward","NO2":1.93539166,"unit":"10^15 molecules cm^-2"},"geometry":{"type":"Polygon","coordinates":[[[-84.275,34.125],[-84.225,34.125],[-84.225,34.175],[-84.275,34.175],[-84.275,34.125]]]}},{"type":"Feature","properties":{"layer":"TEMPO NO2","transport":"Westward","timePeriod":"12:00-14:00 EDT Westward","NO2":1.81315601,"unit":"10^15 molecules cm^-2"},"geometry":{"type":"Polygon","coordinates":[[[-84.225,34.125],[-84.175,34.125],[-84.175,34.175],[-84.225,34.175],[-84.225,34.125]]]}},{"type":"Feature","properties":{"layer":"TEMPO NO2","transport":"Westward","timePeriod":"12:00-14:00 EDT Westward","NO2":1.76044285,"unit":"10^15 molecules cm^-2"},"geometry":{"type":"Polygon","coordinates":[[[-84.175,34.125],[-84.125,34.125],[-84.125,34.175],[-84.175,34.175],[-84.175,34.125]]]}},{"type":"Feature","properties":{"layer":"TEMPO NO2","transport":"Westward","timePeriod":"12:00-14:00 EDT Westward","NO2":1.83237457,"unit":"10^15 molecules cm^-2"},"geometry":{"type":"Polygon","coordinates":[[[-84.125,34.125],[-84.075,34.125],[-84.075,34.175],[-84.125,34.175],[-84.125,34.125]]]}},{"type":"Feature","properties":{"layer":"TEMPO NO2","transport":"Westward","timePeriod":"12:00-14:00 EDT Westward","NO2":1.84472156,"unit":"10^15 molecules cm^-2"},"geometry":{"type":"Polygon","coordinates":[[[-84.075,34.125],[-84.025,34.125],[-84.025,34.175],[-84.075,34.175],[-84.075,34.125]]]}},{"type":"Feature","properties":{"layer":"TEMPO NO2","transport":"Westward","timePeriod":"12:00-14:00 EDT Westward","NO2":1.93584216,"unit":"10^15 molecules cm^-2"},"geometry":{"type":"Polygon","coordinates":[[[-84.025,34.125],[-83.975,34.125],[-83.975,34.175],[-84.025,34.175],[-84.025,34.125]]]}},{"type":"Feature","properties":{"layer":"TEMPO NO2","transport":"Westward","timePeriod":"12:00-14:00 EDT Westward","NO2":1.88507044,"unit":"10^15 molecules cm^-2"},"geometry":{"type":"Polygon","coordinates":[[[-83.975,34.125],[-83.925,34.125],[-83.925,34.175],[-83.975,34.175],[-83.975,34.125]]]}},{"type":"Feature","properties":{"layer":"TEMPO NO2","transport":"Westward","timePeriod":"12:00-14:00 EDT Westward","NO2":1.59099293,"unit":"10^15 molecules cm^-2"},"geometry":{"type":"Polygon","coordinates":[[[-83.925,34.125],[-83.875,34.125],[-83.875,34.175],[-83.925,34.175],[-83.925,34.125]]]}},{"type":"Feature","properties":{"layer":"TEMPO NO2","transport":"Westward","timePeriod":"12:00-14:00 EDT Westward","NO2":1.67949605,"unit":"10^15 molecules cm^-2"},"geometry":{"type":"Polygon","coordinates":[[[-83.875,34.125],[-83.825,34.125],[-83.825,34.175],[-83.875,34.175],[-83.875,34.125]]]}},{"type":"Feature","properties":{"layer":"TEMPO NO2","transport":"Westward","timePeriod":"12:00-14:00 EDT Westward","NO2":1.91222739,"unit":"10^15 molecules cm^-2"},"geometry":{"type":"Polygon","coordinates":[[[-83.825,34.125],[-83.775,34.125],[-83.775,34.175],[-83.825,34.175],[-83.825,34.125]]]}},{"type":"Feature","properties":{"layer":"TEMPO NO2","transport":"Westward","timePeriod":"12:00-14:00 EDT Westward","NO2":2.26943922,"unit":"10^15 molecules cm^-2"},"geometry":{"type":"Polygon","coordinates":[[[-84.975,34.175],[-84.925,34.175],[-84.925,34.225],[-84.975,34.225],[-84.975,34.175]]]}},{"type":"Feature","properties":{"layer":"TEMPO NO2","transport":"Westward","timePeriod":"12:00-14:00 EDT Westward","NO2":2.39806867,"unit":"10^15 molecules cm^-2"},"geometry":{"type":"Polygon","coordinates":[[[-84.925,34.175],[-84.875,34.175],[-84.875,34.225],[-84.925,34.225],[-84.925,34.175]]]}},{"type":"Feature","properties":{"layer":"TEMPO NO2","transport":"Westward","timePeriod":"12:00-14:00 EDT Westward","NO2":1.99719155,"unit":"10^15 molecules cm^-2"},"geometry":{"type":"Polygon","coordinates":[[[-84.875,34.175],[-84.825,34.175],[-84.825,34.225],[-84.875,34.225],[-84.875,34.175]]]}},{"type":"Feature","properties":{"layer":"TEMPO NO2","transport":"Westward","timePeriod":"12:00-14:00 EDT Westward","NO2":2.42607975,"unit":"10^15 molecules cm^-2"},"geometry":{"type":"Polygon","coordinates":[[[-84.825,34.175],[-84.775,34.175],[-84.775,34.225],[-84.825,34.225],[-84.825,34.175]]]}},{"type":"Feature","properties":{"layer":"TEMPO NO2","transport":"Westward","timePeriod":"12:00-14:00 EDT Westward","NO2":1.87591112,"unit":"10^15 molecules cm^-2"},"geometry":{"type":"Polygon","coordinates":[[[-84.775,34.175],[-84.725,34.175],[-84.725,34.225],[-84.775,34.225],[-84.775,34.175]]]}},{"type":"Feature","properties":{"layer":"TEMPO NO2","transport":"Westward","timePeriod":"12:00-14:00 EDT Westward","NO2":1.65669727,"unit":"10^15 molecules cm^-2"},"geometry":{"type":"Polygon","coordinates":[[[-84.725,34.175],[-84.675,34.175],[-84.675,34.225],[-84.725,34.225],[-84.725,34.175]]]}},{"type":"Feature","properties":{"layer":"TEMPO NO2","transport":"Westward","timePeriod":"12:00-14:00 EDT Westward","NO2":1.80948257,"unit":"10^15 molecules cm^-2"},"geometry":{"type":"Polygon","coordinates":[[[-84.675,34.175],[-84.625,34.175],[-84.625,34.225],[-84.675,34.225],[-84.675,34.175]]]}},{"type":"Feature","properties":{"layer":"TEMPO NO2","transport":"Westward","timePeriod":"12:00-14:00 EDT Westward","NO2":1.68220162,"unit":"10^15 molecules cm^-2"},"geometry":{"type":"Polygon","coordinates":[[[-84.625,34.175],[-84.575,34.175],[-84.575,34.225],[-84.625,34.225],[-84.625,34.175]]]}},{"type":"Feature","properties":{"layer":"TEMPO NO2","transport":"Westward","timePeriod":"12:00-14:00 EDT Westward","NO2":1.66920793,"unit":"10^15 molecules cm^-2"},"geometry":{"type":"Polygon","coordinates":[[[-84.575,34.175],[-84.525,34.175],[-84.525,34.225],[-84.575,34.225],[-84.575,34.175]]]}},{"type":"Feature","properties":{"layer":"TEMPO NO2","transport":"Westward","timePeriod":"12:00-14:00 EDT Westward","NO2":1.67296064,"unit":"10^15 molecules cm^-2"},"geometry":{"type":"Polygon","coordinates":[[[-84.525,34.175],[-84.475,34.175],[-84.475,34.225],[-84.525,34.225],[-84.525,34.175]]]}},{"type":"Feature","properties":{"layer":"TEMPO NO2","transport":"Westward","timePeriod":"12:00-14:00 EDT Westward","NO2":1.69200933,"unit":"10^15 molecules cm^-2"},"geometry":{"type":"Polygon","coordinates":[[[-84.475,34.175],[-84.425,34.175],[-84.425,34.225],[-84.475,34.225],[-84.475,34.175]]]}},{"type":"Feature","properties":{"layer":"TEMPO NO2","transport":"Westward","timePeriod":"12:00-14:00 EDT Westward","NO2":1.48274,"unit":"10^15 molecules cm^-2"},"geometry":{"type":"Polygon","coordinates":[[[-84.425,34.175],[-84.375,34.175],[-84.375,34.225],[-84.425,34.225],[-84.425,34.175]]]}},{"type":"Feature","properties":{"layer":"TEMPO NO2","transport":"Westward","timePeriod":"12:00-14:00 EDT Westward","NO2":1.58321428,"unit":"10^15 molecules cm^-2"},"geometry":{"type":"Polygon","coordinates":[[[-84.375,34.175],[-84.325,34.175],[-84.325,34.225],[-84.375,34.225],[-84.375,34.175]]]}},{"type":"Feature","properties":{"layer":"TEMPO NO2","transport":"Westward","timePeriod":"12:00-14:00 EDT Westward","NO2":1.70547116,"unit":"10^15 molecules cm^-2"},"geometry":{"type":"Polygon","coordinates":[[[-84.325,34.175],[-84.275,34.175],[-84.275,34.225],[-84.325,34.225],[-84.325,34.175]]]}},{"type":"Feature","properties":{"layer":"TEMPO NO2","transport":"Westward","timePeriod":"12:00-14:00 EDT Westward","NO2":1.65138638,"unit":"10^15 molecules cm^-2"},"geometry":{"type":"Polygon","coordinates":[[[-84.275,34.175],[-84.225,34.175],[-84.225,34.225],[-84.275,34.225],[-84.275,34.175]]]}},{"type":"Feature","properties":{"layer":"TEMPO NO2","transport":"Westward","timePeriod":"12:00-14:00 EDT Westward","NO2":1.6766113,"unit":"10^15 molecules cm^-2"},"geometry":{"type":"Polygon","coordinates":[[[-84.225,34.175],[-84.175,34.175],[-84.175,34.225],[-84.225,34.225],[-84.225,34.175]]]}},{"type":"Feature","properties":{"layer":"TEMPO NO2","transport":"Westward","timePeriod":"12:00-14:00 EDT Westward","NO2":1.62858951,"unit":"10^15 molecules cm^-2"},"geometry":{"type":"Polygon","coordinates":[[[-84.175,34.175],[-84.125,34.175],[-84.125,34.225],[-84.175,34.225],[-84.175,34.175]]]}},{"type":"Feature","properties":{"layer":"TEMPO NO2","transport":"Westward","timePeriod":"12:00-14:00 EDT Westward","NO2":1.39689994,"unit":"10^15 molecules cm^-2"},"geometry":{"type":"Polygon","coordinates":[[[-84.125,34.175],[-84.075,34.175],[-84.075,34.225],[-84.125,34.225],[-84.125,34.175]]]}},{"type":"Feature","properties":{"layer":"TEMPO NO2","transport":"Westward","timePeriod":"12:00-14:00 EDT Westward","NO2":1.62247193,"unit":"10^15 molecules cm^-2"},"geometry":{"type":"Polygon","coordinates":[[[-84.075,34.175],[-84.025,34.175],[-84.025,34.225],[-84.075,34.225],[-84.075,34.175]]]}},{"type":"Feature","properties":{"layer":"TEMPO NO2","transport":"Westward","timePeriod":"12:00-14:00 EDT Westward","NO2":1.75049078,"unit":"10^15 molecules cm^-2"},"geometry":{"type":"Polygon","coordinates":[[[-84.025,34.175],[-83.975,34.175],[-83.975,34.225],[-84.025,34.225],[-84.025,34.175]]]}},{"type":"Feature","properties":{"layer":"TEMPO NO2","transport":"Westward","timePeriod":"12:00-14:00 EDT Westward","NO2":1.80287266,"unit":"10^15 molecules cm^-2"},"geometry":{"type":"Polygon","coordinates":[[[-83.975,34.175],[-83.925,34.175],[-83.925,34.225],[-83.975,34.225],[-83.975,34.175]]]}},{"type":"Feature","properties":{"layer":"TEMPO NO2","transport":"Westward","timePeriod":"12:00-14:00 EDT Westward","NO2":1.45828152,"unit":"10^15 molecules cm^-2"},"geometry":{"type":"Polygon","coordinates":[[[-83.925,34.175],[-83.875,34.175],[-83.875,34.225],[-83.925,34.225],[-83.925,34.175]]]}},{"type":"Feature","properties":{"layer":"TEMPO NO2","transport":"Westward","timePeriod":"12:00-14:00 EDT Westward","NO2":1.33191037,"unit":"10^15 molecules cm^-2"},"geometry":{"type":"Polygon","coordinates":[[[-83.875,34.175],[-83.825,34.175],[-83.825,34.225],[-83.875,34.225],[-83.875,34.175]]]}},{"type":"Feature","properties":{"layer":"TEMPO NO2","transport":"Westward","timePeriod":"12:00-14:00 EDT Westward","NO2":1.46333063,"unit":"10^15 molecules cm^-2"},"geometry":{"type":"Polygon","coordinates":[[[-83.825,34.175],[-83.775,34.175],[-83.775,34.225],[-83.825,34.225],[-83.825,34.175]]]}},{"type":"Feature","properties":{"layer":"TEMPO NO2","transport":"Westward","timePeriod":"12:00-14:00 EDT Westward","NO2":2.06855297,"unit":"10^15 molecules cm^-2"},"geometry":{"type":"Polygon","coordinates":[[[-84.975,34.225],[-84.925,34.225],[-84.925,34.275],[-84.975,34.275],[-84.975,34.225]]]}},{"type":"Feature","properties":{"layer":"TEMPO NO2","transport":"Westward","timePeriod":"12:00-14:00 EDT Westward","NO2":2.533777,"unit":"10^15 molecules cm^-2"},"geometry":{"type":"Polygon","coordinates":[[[-84.925,34.225],[-84.875,34.225],[-84.875,34.275],[-84.925,34.275],[-84.925,34.225]]]}},{"type":"Feature","properties":{"layer":"TEMPO NO2","transport":"Westward","timePeriod":"12:00-14:00 EDT Westward","NO2":2.23597836,"unit":"10^15 molecules cm^-2"},"geometry":{"type":"Polygon","coordinates":[[[-84.875,34.225],[-84.825,34.225],[-84.825,34.275],[-84.875,34.275],[-84.875,34.225]]]}},{"type":"Feature","properties":{"layer":"TEMPO NO2","transport":"Westward","timePeriod":"12:00-14:00 EDT Westward","NO2":2.17837596,"unit":"10^15 molecules cm^-2"},"geometry":{"type":"Polygon","coordinates":[[[-84.825,34.225],[-84.775,34.225],[-84.775,34.275],[-84.825,34.275],[-84.825,34.225]]]}},{"type":"Feature","properties":{"layer":"TEMPO NO2","transport":"Westward","timePeriod":"12:00-14:00 EDT Westward","NO2":1.98049414,"unit":"10^15 molecules cm^-2"},"geometry":{"type":"Polygon","coordinates":[[[-84.775,34.225],[-84.725,34.225],[-84.725,34.275],[-84.775,34.275],[-84.775,34.225]]]}},{"type":"Feature","properties":{"layer":"TEMPO NO2","transport":"Westward","timePeriod":"12:00-14:00 EDT Westward","NO2":1.82230687,"unit":"10^15 molecules cm^-2"},"geometry":{"type":"Polygon","coordinates":[[[-84.725,34.225],[-84.675,34.225],[-84.675,34.275],[-84.725,34.275],[-84.725,34.225]]]}},{"type":"Feature","properties":{"layer":"TEMPO NO2","transport":"Westward","timePeriod":"12:00-14:00 EDT Westward","NO2":1.6473304,"unit":"10^15 molecules cm^-2"},"geometry":{"type":"Polygon","coordinates":[[[-84.675,34.225],[-84.625,34.225],[-84.625,34.275],[-84.675,34.275],[-84.675,34.225]]]}},{"type":"Feature","properties":{"layer":"TEMPO NO2","transport":"Westward","timePeriod":"12:00-14:00 EDT Westward","NO2":1.54089391,"unit":"10^15 molecules cm^-2"},"geometry":{"type":"Polygon","coordinates":[[[-84.625,34.225],[-84.575,34.225],[-84.575,34.275],[-84.625,34.275],[-84.625,34.225]]]}},{"type":"Feature","properties":{"layer":"TEMPO NO2","transport":"Westward","timePeriod":"12:00-14:00 EDT Westward","NO2":1.68731642,"unit":"10^15 molecules cm^-2"},"geometry":{"type":"Polygon","coordinates":[[[-84.575,34.225],[-84.525,34.225],[-84.525,34.275],[-84.575,34.275],[-84.575,34.225]]]}},{"type":"Feature","properties":{"layer":"TEMPO NO2","transport":"Westward","timePeriod":"12:00-14:00 EDT Westward","NO2":1.76014757,"unit":"10^15 molecules cm^-2"},"geometry":{"type":"Polygon","coordinates":[[[-84.525,34.225],[-84.475,34.225],[-84.475,34.275],[-84.525,34.275],[-84.525,34.225]]]}},{"type":"Feature","properties":{"layer":"TEMPO NO2","transport":"Westward","timePeriod":"12:00-14:00 EDT Westward","NO2":1.54674482,"unit":"10^15 molecules cm^-2"},"geometry":{"type":"Polygon","coordinates":[[[-84.475,34.225],[-84.425,34.225],[-84.425,34.275],[-84.475,34.275],[-84.475,34.225]]]}},{"type":"Feature","properties":{"layer":"TEMPO NO2","transport":"Westward","timePeriod":"12:00-14:00 EDT Westward","NO2":1.69597459,"unit":"10^15 molecules cm^-2"},"geometry":{"type":"Polygon","coordinates":[[[-84.425,34.225],[-84.375,34.225],[-84.375,34.275],[-84.425,34.275],[-84.425,34.225]]]}},{"type":"Feature","properties":{"layer":"TEMPO NO2","transport":"Westward","timePeriod":"12:00-14:00 EDT Westward","NO2":1.49926186,"unit":"10^15 molecules cm^-2"},"geometry":{"type":"Polygon","coordinates":[[[-84.375,34.225],[-84.325,34.225],[-84.325,34.275],[-84.375,34.275],[-84.375,34.225]]]}},{"type":"Feature","properties":{"layer":"TEMPO NO2","transport":"Westward","timePeriod":"12:00-14:00 EDT Westward","NO2":1.63902843,"unit":"10^15 molecules cm^-2"},"geometry":{"type":"Polygon","coordinates":[[[-84.325,34.225],[-84.275,34.225],[-84.275,34.275],[-84.325,34.275],[-84.325,34.225]]]}},{"type":"Feature","properties":{"layer":"TEMPO NO2","transport":"Westward","timePeriod":"12:00-14:00 EDT Westward","NO2":1.5910058,"unit":"10^15 molecules cm^-2"},"geometry":{"type":"Polygon","coordinates":[[[-84.275,34.225],[-84.225,34.225],[-84.225,34.275],[-84.275,34.275],[-84.275,34.225]]]}},{"type":"Feature","properties":{"layer":"TEMPO NO2","transport":"Westward","timePeriod":"12:00-14:00 EDT Westward","NO2":1.52819848,"unit":"10^15 molecules cm^-2"},"geometry":{"type":"Polygon","coordinates":[[[-84.225,34.225],[-84.175,34.225],[-84.175,34.275],[-84.225,34.275],[-84.225,34.225]]]}},{"type":"Feature","properties":{"layer":"TEMPO NO2","transport":"Westward","timePeriod":"12:00-14:00 EDT Westward","NO2":1.55368817,"unit":"10^15 molecules cm^-2"},"geometry":{"type":"Polygon","coordinates":[[[-84.175,34.225],[-84.125,34.225],[-84.125,34.275],[-84.175,34.275],[-84.175,34.225]]]}},{"type":"Feature","properties":{"layer":"TEMPO NO2","transport":"Westward","timePeriod":"12:00-14:00 EDT Westward","NO2":1.57575357,"unit":"10^15 molecules cm^-2"},"geometry":{"type":"Polygon","coordinates":[[[-84.125,34.225],[-84.075,34.225],[-84.075,34.275],[-84.125,34.275],[-84.125,34.225]]]}},{"type":"Feature","properties":{"layer":"TEMPO NO2","transport":"Westward","timePeriod":"12:00-14:00 EDT Westward","NO2":1.37273049,"unit":"10^15 molecules cm^-2"},"geometry":{"type":"Polygon","coordinates":[[[-84.075,34.225],[-84.025,34.225],[-84.025,34.275],[-84.075,34.275],[-84.075,34.225]]]}},{"type":"Feature","properties":{"layer":"TEMPO NO2","transport":"Westward","timePeriod":"12:00-14:00 EDT Westward","NO2":1.40420508,"unit":"10^15 molecules cm^-2"},"geometry":{"type":"Polygon","coordinates":[[[-84.025,34.225],[-83.975,34.225],[-83.975,34.275],[-84.025,34.275],[-84.025,34.225]]]}},{"type":"Feature","properties":{"layer":"TEMPO NO2","transport":"Westward","timePeriod":"12:00-14:00 EDT Westward","NO2":1.41238451,"unit":"10^15 molecules cm^-2"},"geometry":{"type":"Polygon","coordinates":[[[-83.975,34.225],[-83.925,34.225],[-83.925,34.275],[-83.975,34.275],[-83.975,34.225]]]}},{"type":"Feature","properties":{"layer":"TEMPO NO2","transport":"Westward","timePeriod":"12:00-14:00 EDT Westward","NO2":2.13609242,"unit":"10^15 molecules cm^-2"},"geometry":{"type":"Polygon","coordinates":[[[-83.925,34.225],[-83.875,34.225],[-83.875,34.275],[-83.925,34.275],[-83.925,34.225]]]}},{"type":"Feature","properties":{"layer":"TEMPO NO2","transport":"Westward","timePeriod":"12:00-14:00 EDT Westward","NO2":1.63485098,"unit":"10^15 molecules cm^-2"},"geometry":{"type":"Polygon","coordinates":[[[-83.875,34.225],[-83.825,34.225],[-83.825,34.275],[-83.875,34.275],[-83.875,34.225]]]}},{"type":"Feature","properties":{"layer":"TEMPO NO2","transport":"Westward","timePeriod":"12:00-14:00 EDT Westward","NO2":1.37343705,"unit":"10^15 molecules cm^-2"},"geometry":{"type":"Polygon","coordinates":[[[-83.825,34.225],[-83.775,34.225],[-83.775,34.275],[-83.825,34.275],[-83.825,34.225]]]}},{"type":"Feature","properties":{"layer":"TEMPO NO2","transport":"Westward","timePeriod":"12:00-14:00 EDT Westward","NO2":1.73642707,"unit":"10^15 molecules cm^-2"},"geometry":{"type":"Polygon","coordinates":[[[-84.975,34.275],[-84.925,34.275],[-84.925,34.325],[-84.975,34.325],[-84.975,34.275]]]}},{"type":"Feature","properties":{"layer":"TEMPO NO2","transport":"Westward","timePeriod":"12:00-14:00 EDT Westward","NO2":1.56425059,"unit":"10^15 molecules cm^-2"},"geometry":{"type":"Polygon","coordinates":[[[-84.925,34.275],[-84.875,34.275],[-84.875,34.325],[-84.925,34.325],[-84.925,34.275]]]}},{"type":"Feature","properties":{"layer":"TEMPO NO2","transport":"Westward","timePeriod":"12:00-14:00 EDT Westward","NO2":1.79067135,"unit":"10^15 molecules cm^-2"},"geometry":{"type":"Polygon","coordinates":[[[-84.875,34.275],[-84.825,34.275],[-84.825,34.325],[-84.875,34.325],[-84.875,34.275]]]}},{"type":"Feature","properties":{"layer":"TEMPO NO2","transport":"Westward","timePeriod":"12:00-14:00 EDT Westward","NO2":2.45565486,"unit":"10^15 molecules cm^-2"},"geometry":{"type":"Polygon","coordinates":[[[-84.825,34.275],[-84.775,34.275],[-84.775,34.325],[-84.825,34.325],[-84.825,34.275]]]}},{"type":"Feature","properties":{"layer":"TEMPO NO2","transport":"Westward","timePeriod":"12:00-14:00 EDT Westward","NO2":1.77122152,"unit":"10^15 molecules cm^-2"},"geometry":{"type":"Polygon","coordinates":[[[-84.775,34.275],[-84.725,34.275],[-84.725,34.325],[-84.775,34.325],[-84.775,34.275]]]}},{"type":"Feature","properties":{"layer":"TEMPO NO2","transport":"Westward","timePeriod":"12:00-14:00 EDT Westward","NO2":1.49258339,"unit":"10^15 molecules cm^-2"},"geometry":{"type":"Polygon","coordinates":[[[-84.725,34.275],[-84.675,34.275],[-84.675,34.325],[-84.725,34.325],[-84.725,34.275]]]}},{"type":"Feature","properties":{"layer":"TEMPO NO2","transport":"Westward","timePeriod":"12:00-14:00 EDT Westward","NO2":1.71376443,"unit":"10^15 molecules cm^-2"},"geometry":{"type":"Polygon","coordinates":[[[-84.675,34.275],[-84.625,34.275],[-84.625,34.325],[-84.675,34.325],[-84.675,34.275]]]}},{"type":"Feature","properties":{"layer":"TEMPO NO2","transport":"Westward","timePeriod":"12:00-14:00 EDT Westward","NO2":1.66730332,"unit":"10^15 molecules cm^-2"},"geometry":{"type":"Polygon","coordinates":[[[-84.625,34.275],[-84.575,34.275],[-84.575,34.325],[-84.625,34.325],[-84.625,34.275]]]}},{"type":"Feature","properties":{"layer":"TEMPO NO2","transport":"Westward","timePeriod":"12:00-14:00 EDT Westward","NO2":1.63446748,"unit":"10^15 molecules cm^-2"},"geometry":{"type":"Polygon","coordinates":[[[-84.575,34.275],[-84.525,34.275],[-84.525,34.325],[-84.575,34.325],[-84.575,34.275]]]}},{"type":"Feature","properties":{"layer":"TEMPO NO2","transport":"Westward","timePeriod":"12:00-14:00 EDT Westward","NO2":1.72315395,"unit":"10^15 molecules cm^-2"},"geometry":{"type":"Polygon","coordinates":[[[-84.525,34.275],[-84.475,34.275],[-84.475,34.325],[-84.525,34.325],[-84.525,34.275]]]}},{"type":"Feature","properties":{"layer":"TEMPO NO2","transport":"Westward","timePeriod":"12:00-14:00 EDT Westward","NO2":1.70204449,"unit":"10^15 molecules cm^-2"},"geometry":{"type":"Polygon","coordinates":[[[-84.475,34.275],[-84.425,34.275],[-84.425,34.325],[-84.475,34.325],[-84.475,34.275]]]}},{"type":"Feature","properties":{"layer":"TEMPO NO2","transport":"Westward","timePeriod":"12:00-14:00 EDT Westward","NO2":1.43035305,"unit":"10^15 molecules cm^-2"},"geometry":{"type":"Polygon","coordinates":[[[-84.425,34.275],[-84.375,34.275],[-84.375,34.325],[-84.425,34.325],[-84.425,34.275]]]}},{"type":"Feature","properties":{"layer":"TEMPO NO2","transport":"Westward","timePeriod":"12:00-14:00 EDT Westward","NO2":1.57466948,"unit":"10^15 molecules cm^-2"},"geometry":{"type":"Polygon","coordinates":[[[-84.375,34.275],[-84.325,34.275],[-84.325,34.325],[-84.375,34.325],[-84.375,34.275]]]}},{"type":"Feature","properties":{"layer":"TEMPO NO2","transport":"Westward","timePeriod":"12:00-14:00 EDT Westward","NO2":1.65532148,"unit":"10^15 molecules cm^-2"},"geometry":{"type":"Polygon","coordinates":[[[-84.325,34.275],[-84.275,34.275],[-84.275,34.325],[-84.325,34.325],[-84.325,34.275]]]}},{"type":"Feature","properties":{"layer":"TEMPO NO2","transport":"Westward","timePeriod":"12:00-14:00 EDT Westward","NO2":1.71260822,"unit":"10^15 molecules cm^-2"},"geometry":{"type":"Polygon","coordinates":[[[-84.275,34.275],[-84.225,34.275],[-84.225,34.325],[-84.275,34.325],[-84.275,34.275]]]}},{"type":"Feature","properties":{"layer":"TEMPO NO2","transport":"Westward","timePeriod":"12:00-14:00 EDT Westward","NO2":1.48239625,"unit":"10^15 molecules cm^-2"},"geometry":{"type":"Polygon","coordinates":[[[-84.225,34.275],[-84.175,34.275],[-84.175,34.325],[-84.225,34.325],[-84.225,34.275]]]}},{"type":"Feature","properties":{"layer":"TEMPO NO2","transport":"Westward","timePeriod":"12:00-14:00 EDT Westward","NO2":1.32526171,"unit":"10^15 molecules cm^-2"},"geometry":{"type":"Polygon","coordinates":[[[-84.175,34.275],[-84.125,34.275],[-84.125,34.325],[-84.175,34.325],[-84.175,34.275]]]}},{"type":"Feature","properties":{"layer":"TEMPO NO2","transport":"Westward","timePeriod":"12:00-14:00 EDT Westward","NO2":1.42221856,"unit":"10^15 molecules cm^-2"},"geometry":{"type":"Polygon","coordinates":[[[-84.125,34.275],[-84.075,34.275],[-84.075,34.325],[-84.125,34.325],[-84.125,34.275]]]}},{"type":"Feature","properties":{"layer":"TEMPO NO2","transport":"Westward","timePeriod":"12:00-14:00 EDT Westward","NO2":1.36715853,"unit":"10^15 molecules cm^-2"},"geometry":{"type":"Polygon","coordinates":[[[-84.075,34.275],[-84.025,34.275],[-84.025,34.325],[-84.075,34.325],[-84.075,34.275]]]}},{"type":"Feature","properties":{"layer":"TEMPO NO2","transport":"Westward","timePeriod":"12:00-14:00 EDT Westward","NO2":1.37249041,"unit":"10^15 molecules cm^-2"},"geometry":{"type":"Polygon","coordinates":[[[-84.025,34.275],[-83.975,34.275],[-83.975,34.325],[-84.025,34.325],[-84.025,34.275]]]}},{"type":"Feature","properties":{"layer":"TEMPO NO2","transport":"Westward","timePeriod":"12:00-14:00 EDT Westward","NO2":1.52273071,"unit":"10^15 molecules cm^-2"},"geometry":{"type":"Polygon","coordinates":[[[-83.975,34.275],[-83.925,34.275],[-83.925,34.325],[-83.975,34.325],[-83.975,34.275]]]}},{"type":"Feature","properties":{"layer":"TEMPO NO2","transport":"Westward","timePeriod":"12:00-14:00 EDT Westward","NO2":1.69368494,"unit":"10^15 molecules cm^-2"},"geometry":{"type":"Polygon","coordinates":[[[-83.925,34.275],[-83.875,34.275],[-83.875,34.325],[-83.925,34.325],[-83.925,34.275]]]}},{"type":"Feature","properties":{"layer":"TEMPO NO2","transport":"Westward","timePeriod":"12:00-14:00 EDT Westward","NO2":1.94128752,"unit":"10^15 molecules cm^-2"},"geometry":{"type":"Polygon","coordinates":[[[-83.875,34.275],[-83.825,34.275],[-83.825,34.325],[-83.875,34.325],[-83.875,34.275]]]}},{"type":"Feature","properties":{"layer":"TEMPO NO2","transport":"Westward","timePeriod":"12:00-14:00 EDT Westward","NO2":1.55071247,"unit":"10^15 molecules cm^-2"},"geometry":{"type":"Polygon","coordinates":[[[-83.825,34.275],[-83.775,34.275],[-83.775,34.325],[-83.825,34.325],[-83.825,34.275]]]}},{"type":"Feature","properties":{"layer":"TEMPO NO2","transport":"Westward","timePeriod":"12:00-14:00 EDT Westward","NO2":1.50039792,"unit":"10^15 molecules cm^-2"},"geometry":{"type":"Polygon","coordinates":[[[-84.975,34.325],[-84.925,34.325],[-84.925,34.375],[-84.975,34.375],[-84.975,34.325]]]}},{"type":"Feature","properties":{"layer":"TEMPO NO2","transport":"Westward","timePeriod":"12:00-14:00 EDT Westward","NO2":1.67674279,"unit":"10^15 molecules cm^-2"},"geometry":{"type":"Polygon","coordinates":[[[-84.925,34.325],[-84.875,34.325],[-84.875,34.375],[-84.925,34.375],[-84.925,34.325]]]}},{"type":"Feature","properties":{"layer":"TEMPO NO2","transport":"Westward","timePeriod":"12:00-14:00 EDT Westward","NO2":1.79694009,"unit":"10^15 molecules cm^-2"},"geometry":{"type":"Polygon","coordinates":[[[-84.875,34.325],[-84.825,34.325],[-84.825,34.375],[-84.875,34.375],[-84.875,34.325]]]}},{"type":"Feature","properties":{"layer":"TEMPO NO2","transport":"Westward","timePeriod":"12:00-14:00 EDT Westward","NO2":1.65946043,"unit":"10^15 molecules cm^-2"},"geometry":{"type":"Polygon","coordinates":[[[-84.825,34.325],[-84.775,34.325],[-84.775,34.375],[-84.825,34.375],[-84.825,34.325]]]}},{"type":"Feature","properties":{"layer":"TEMPO NO2","transport":"Westward","timePeriod":"12:00-14:00 EDT Westward","NO2":1.65123224,"unit":"10^15 molecules cm^-2"},"geometry":{"type":"Polygon","coordinates":[[[-84.775,34.325],[-84.725,34.325],[-84.725,34.375],[-84.775,34.375],[-84.775,34.325]]]}},{"type":"Feature","properties":{"layer":"TEMPO NO2","transport":"Westward","timePeriod":"12:00-14:00 EDT Westward","NO2":1.45925462,"unit":"10^15 molecules cm^-2"},"geometry":{"type":"Polygon","coordinates":[[[-84.725,34.325],[-84.675,34.325],[-84.675,34.375],[-84.725,34.375],[-84.725,34.325]]]}},{"type":"Feature","properties":{"layer":"TEMPO NO2","transport":"Westward","timePeriod":"12:00-14:00 EDT Westward","NO2":1.59947765,"unit":"10^15 molecules cm^-2"},"geometry":{"type":"Polygon","coordinates":[[[-84.675,34.325],[-84.625,34.325],[-84.625,34.375],[-84.675,34.375],[-84.675,34.325]]]}},{"type":"Feature","properties":{"layer":"TEMPO NO2","transport":"Westward","timePeriod":"12:00-14:00 EDT Westward","NO2":1.60728252,"unit":"10^15 molecules cm^-2"},"geometry":{"type":"Polygon","coordinates":[[[-84.625,34.325],[-84.575,34.325],[-84.575,34.375],[-84.625,34.375],[-84.625,34.325]]]}},{"type":"Feature","properties":{"layer":"TEMPO NO2","transport":"Westward","timePeriod":"12:00-14:00 EDT Westward","NO2":1.47862959,"unit":"10^15 molecules cm^-2"},"geometry":{"type":"Polygon","coordinates":[[[-84.575,34.325],[-84.525,34.325],[-84.525,34.375],[-84.575,34.375],[-84.575,34.325]]]}},{"type":"Feature","properties":{"layer":"TEMPO NO2","transport":"Westward","timePeriod":"12:00-14:00 EDT Westward","NO2":1.42541754,"unit":"10^15 molecules cm^-2"},"geometry":{"type":"Polygon","coordinates":[[[-84.525,34.325],[-84.475,34.325],[-84.475,34.375],[-84.525,34.375],[-84.525,34.325]]]}},{"type":"Feature","properties":{"layer":"TEMPO NO2","transport":"Westward","timePeriod":"12:00-14:00 EDT Westward","NO2":1.60772026,"unit":"10^15 molecules cm^-2"},"geometry":{"type":"Polygon","coordinates":[[[-84.475,34.325],[-84.425,34.325],[-84.425,34.375],[-84.475,34.375],[-84.475,34.325]]]}},{"type":"Feature","properties":{"layer":"TEMPO NO2","transport":"Westward","timePeriod":"12:00-14:00 EDT Westward","NO2":1.60758638,"unit":"10^15 molecules cm^-2"},"geometry":{"type":"Polygon","coordinates":[[[-84.425,34.325],[-84.375,34.325],[-84.375,34.375],[-84.425,34.375],[-84.425,34.325]]]}},{"type":"Feature","properties":{"layer":"TEMPO NO2","transport":"Westward","timePeriod":"12:00-14:00 EDT Westward","NO2":1.39659107,"unit":"10^15 molecules cm^-2"},"geometry":{"type":"Polygon","coordinates":[[[-84.375,34.325],[-84.325,34.325],[-84.325,34.375],[-84.375,34.375],[-84.375,34.325]]]}},{"type":"Feature","properties":{"layer":"TEMPO NO2","transport":"Westward","timePeriod":"12:00-14:00 EDT Westward","NO2":1.43309951,"unit":"10^15 molecules cm^-2"},"geometry":{"type":"Polygon","coordinates":[[[-84.325,34.325],[-84.275,34.325],[-84.275,34.375],[-84.325,34.375],[-84.325,34.325]]]}},{"type":"Feature","properties":{"layer":"TEMPO NO2","transport":"Westward","timePeriod":"12:00-14:00 EDT Westward","NO2":1.45995724,"unit":"10^15 molecules cm^-2"},"geometry":{"type":"Polygon","coordinates":[[[-84.275,34.325],[-84.225,34.325],[-84.225,34.375],[-84.275,34.375],[-84.275,34.325]]]}},{"type":"Feature","properties":{"layer":"TEMPO NO2","transport":"Westward","timePeriod":"12:00-14:00 EDT Westward","NO2":1.24742532,"unit":"10^15 molecules cm^-2"},"geometry":{"type":"Polygon","coordinates":[[[-84.225,34.325],[-84.175,34.325],[-84.175,34.375],[-84.225,34.375],[-84.225,34.325]]]}},{"type":"Feature","properties":{"layer":"TEMPO NO2","transport":"Westward","timePeriod":"12:00-14:00 EDT Westward","NO2":1.36307561,"unit":"10^15 molecules cm^-2"},"geometry":{"type":"Polygon","coordinates":[[[-84.175,34.325],[-84.125,34.325],[-84.125,34.375],[-84.175,34.375],[-84.175,34.325]]]}},{"type":"Feature","properties":{"layer":"TEMPO NO2","transport":"Westward","timePeriod":"12:00-14:00 EDT Westward","NO2":1.60515773,"unit":"10^15 molecules cm^-2"},"geometry":{"type":"Polygon","coordinates":[[[-84.125,34.325],[-84.075,34.325],[-84.075,34.375],[-84.125,34.375],[-84.125,34.325]]]}},{"type":"Feature","properties":{"layer":"TEMPO NO2","transport":"Westward","timePeriod":"12:00-14:00 EDT Westward","NO2":1.59561181,"unit":"10^15 molecules cm^-2"},"geometry":{"type":"Polygon","coordinates":[[[-84.075,34.325],[-84.025,34.325],[-84.025,34.375],[-84.075,34.375],[-84.075,34.325]]]}},{"type":"Feature","properties":{"layer":"TEMPO NO2","transport":"Westward","timePeriod":"12:00-14:00 EDT Westward","NO2":1.47575736,"unit":"10^15 molecules cm^-2"},"geometry":{"type":"Polygon","coordinates":[[[-84.025,34.325],[-83.975,34.325],[-83.975,34.375],[-84.025,34.375],[-84.025,34.325]]]}},{"type":"Feature","properties":{"layer":"TEMPO NO2","transport":"Westward","timePeriod":"12:00-14:00 EDT Westward","NO2":1.4069345,"unit":"10^15 molecules cm^-2"},"geometry":{"type":"Polygon","coordinates":[[[-83.975,34.325],[-83.925,34.325],[-83.925,34.375],[-83.975,34.375],[-83.975,34.325]]]}},{"type":"Feature","properties":{"layer":"TEMPO NO2","transport":"Westward","timePeriod":"12:00-14:00 EDT Westward","NO2":1.42348623,"unit":"10^15 molecules cm^-2"},"geometry":{"type":"Polygon","coordinates":[[[-83.925,34.325],[-83.875,34.325],[-83.875,34.375],[-83.925,34.375],[-83.925,34.325]]]}},{"type":"Feature","properties":{"layer":"TEMPO NO2","transport":"Westward","timePeriod":"12:00-14:00 EDT Westward","NO2":1.57186389,"unit":"10^15 molecules cm^-2"},"geometry":{"type":"Polygon","coordinates":[[[-83.875,34.325],[-83.825,34.325],[-83.825,34.375],[-83.875,34.375],[-83.875,34.325]]]}},{"type":"Feature","properties":{"layer":"TEMPO NO2","transport":"Westward","timePeriod":"12:00-14:00 EDT Westward","NO2":1.65495598,"unit":"10^15 molecules cm^-2"},"geometry":{"type":"Polygon","coordinates":[[[-83.825,34.325],[-83.775,34.325],[-83.775,34.375],[-83.825,34.375],[-83.825,34.325]]]}},{"type":"Feature","properties":{"layer":"TEMPO NO2","transport":"Westward","timePeriod":"12:00-14:00 EDT Westward","NO2":1.80513048,"unit":"10^15 molecules cm^-2"},"geometry":{"type":"Polygon","coordinates":[[[-84.975,34.375],[-84.925,34.375],[-84.925,34.425],[-84.975,34.425],[-84.975,34.375]]]}},{"type":"Feature","properties":{"layer":"TEMPO NO2","transport":"Westward","timePeriod":"12:00-14:00 EDT Westward","NO2":1.92817891,"unit":"10^15 molecules cm^-2"},"geometry":{"type":"Polygon","coordinates":[[[-84.925,34.375],[-84.875,34.375],[-84.875,34.425],[-84.925,34.425],[-84.925,34.375]]]}},{"type":"Feature","properties":{"layer":"TEMPO NO2","transport":"Westward","timePeriod":"12:00-14:00 EDT Westward","NO2":1.16577661,"unit":"10^15 molecules cm^-2"},"geometry":{"type":"Polygon","coordinates":[[[-84.875,34.375],[-84.825,34.375],[-84.825,34.425],[-84.875,34.425],[-84.875,34.375]]]}},{"type":"Feature","properties":{"layer":"TEMPO NO2","transport":"Westward","timePeriod":"12:00-14:00 EDT Westward","NO2":1.41110349,"unit":"10^15 molecules cm^-2"},"geometry":{"type":"Polygon","coordinates":[[[-84.825,34.375],[-84.775,34.375],[-84.775,34.425],[-84.825,34.425],[-84.825,34.375]]]}},{"type":"Feature","properties":{"layer":"TEMPO NO2","transport":"Westward","timePeriod":"12:00-14:00 EDT Westward","NO2":1.60841,"unit":"10^15 molecules cm^-2"},"geometry":{"type":"Polygon","coordinates":[[[-84.775,34.375],[-84.725,34.375],[-84.725,34.425],[-84.775,34.425],[-84.775,34.375]]]}},{"type":"Feature","properties":{"layer":"TEMPO NO2","transport":"Westward","timePeriod":"12:00-14:00 EDT Westward","NO2":1.73087668,"unit":"10^15 molecules cm^-2"},"geometry":{"type":"Polygon","coordinates":[[[-84.725,34.375],[-84.675,34.375],[-84.675,34.425],[-84.725,34.425],[-84.725,34.375]]]}},{"type":"Feature","properties":{"layer":"TEMPO NO2","transport":"Westward","timePeriod":"12:00-14:00 EDT Westward","NO2":1.44635081,"unit":"10^15 molecules cm^-2"},"geometry":{"type":"Polygon","coordinates":[[[-84.675,34.375],[-84.625,34.375],[-84.625,34.425],[-84.675,34.425],[-84.675,34.375]]]}},{"type":"Feature","properties":{"layer":"TEMPO NO2","transport":"Westward","timePeriod":"12:00-14:00 EDT Westward","NO2":1.33694839,"unit":"10^15 molecules cm^-2"},"geometry":{"type":"Polygon","coordinates":[[[-84.625,34.375],[-84.575,34.375],[-84.575,34.425],[-84.625,34.425],[-84.625,34.375]]]}},{"type":"Feature","properties":{"layer":"TEMPO NO2","transport":"Westward","timePeriod":"12:00-14:00 EDT Westward","NO2":1.49574828,"unit":"10^15 molecules cm^-2"},"geometry":{"type":"Polygon","coordinates":[[[-84.575,34.375],[-84.525,34.375],[-84.525,34.425],[-84.575,34.425],[-84.575,34.375]]]}},{"type":"Feature","properties":{"layer":"TEMPO NO2","transport":"Westward","timePeriod":"12:00-14:00 EDT Westward","NO2":1.33225119,"unit":"10^15 molecules cm^-2"},"geometry":{"type":"Polygon","coordinates":[[[-84.525,34.375],[-84.475,34.375],[-84.475,34.425],[-84.525,34.425],[-84.525,34.375]]]}},{"type":"Feature","properties":{"layer":"TEMPO NO2","transport":"Westward","timePeriod":"12:00-14:00 EDT Westward","NO2":1.41184926,"unit":"10^15 molecules cm^-2"},"geometry":{"type":"Polygon","coordinates":[[[-84.475,34.375],[-84.425,34.375],[-84.425,34.425],[-84.475,34.425],[-84.475,34.375]]]}},{"type":"Feature","properties":{"layer":"TEMPO NO2","transport":"Westward","timePeriod":"12:00-14:00 EDT Westward","NO2":1.38145661,"unit":"10^15 molecules cm^-2"},"geometry":{"type":"Polygon","coordinates":[[[-84.425,34.375],[-84.375,34.375],[-84.375,34.425],[-84.425,34.425],[-84.425,34.375]]]}},{"type":"Feature","properties":{"layer":"TEMPO NO2","transport":"Westward","timePeriod":"12:00-14:00 EDT Westward","NO2":1.36960673,"unit":"10^15 molecules cm^-2"},"geometry":{"type":"Polygon","coordinates":[[[-84.375,34.375],[-84.325,34.375],[-84.325,34.425],[-84.375,34.425],[-84.375,34.375]]]}},{"type":"Feature","properties":{"layer":"TEMPO NO2","transport":"Westward","timePeriod":"12:00-14:00 EDT Westward","NO2":1.26601529,"unit":"10^15 molecules cm^-2"},"geometry":{"type":"Polygon","coordinates":[[[-84.325,34.375],[-84.275,34.375],[-84.275,34.425],[-84.325,34.425],[-84.325,34.375]]]}},{"type":"Feature","properties":{"layer":"TEMPO NO2","transport":"Westward","timePeriod":"12:00-14:00 EDT Westward","NO2":1.12342262,"unit":"10^15 molecules cm^-2"},"geometry":{"type":"Polygon","coordinates":[[[-84.275,34.375],[-84.225,34.375],[-84.225,34.425],[-84.275,34.425],[-84.275,34.375]]]}},{"type":"Feature","properties":{"layer":"TEMPO NO2","transport":"Westward","timePeriod":"12:00-14:00 EDT Westward","NO2":1.16889369,"unit":"10^15 molecules cm^-2"},"geometry":{"type":"Polygon","coordinates":[[[-84.225,34.375],[-84.175,34.375],[-84.175,34.425],[-84.225,34.425],[-84.225,34.375]]]}},{"type":"Feature","properties":{"layer":"TEMPO NO2","transport":"Westward","timePeriod":"12:00-14:00 EDT Westward","NO2":1.34379089,"unit":"10^15 molecules cm^-2"},"geometry":{"type":"Polygon","coordinates":[[[-84.175,34.375],[-84.125,34.375],[-84.125,34.425],[-84.175,34.425],[-84.175,34.375]]]}},{"type":"Feature","properties":{"layer":"TEMPO NO2","transport":"Westward","timePeriod":"12:00-14:00 EDT Westward","NO2":1.39177299,"unit":"10^15 molecules cm^-2"},"geometry":{"type":"Polygon","coordinates":[[[-84.125,34.375],[-84.075,34.375],[-84.075,34.425],[-84.125,34.425],[-84.125,34.375]]]}},{"type":"Feature","properties":{"layer":"TEMPO NO2","transport":"Westward","timePeriod":"12:00-14:00 EDT Westward","NO2":1.63198447,"unit":"10^15 molecules cm^-2"},"geometry":{"type":"Polygon","coordinates":[[[-84.075,34.375],[-84.025,34.375],[-84.025,34.425],[-84.075,34.425],[-84.075,34.375]]]}},{"type":"Feature","properties":{"layer":"TEMPO NO2","transport":"Westward","timePeriod":"12:00-14:00 EDT Westward","NO2":1.4226079,"unit":"10^15 molecules cm^-2"},"geometry":{"type":"Polygon","coordinates":[[[-84.025,34.375],[-83.975,34.375],[-83.975,34.425],[-84.025,34.425],[-84.025,34.375]]]}},{"type":"Feature","properties":{"layer":"TEMPO NO2","transport":"Westward","timePeriod":"12:00-14:00 EDT Westward","NO2":1.43083453,"unit":"10^15 molecules cm^-2"},"geometry":{"type":"Polygon","coordinates":[[[-83.975,34.375],[-83.925,34.375],[-83.925,34.425],[-83.975,34.425],[-83.975,34.375]]]}},{"type":"Feature","properties":{"layer":"TEMPO NO2","transport":"Westward","timePeriod":"12:00-14:00 EDT Westward","NO2":1.38826466,"unit":"10^15 molecules cm^-2"},"geometry":{"type":"Polygon","coordinates":[[[-83.925,34.375],[-83.875,34.375],[-83.875,34.425],[-83.925,34.425],[-83.925,34.375]]]}},{"type":"Feature","properties":{"layer":"TEMPO NO2","transport":"Westward","timePeriod":"12:00-14:00 EDT Westward","NO2":1.30369353,"unit":"10^15 molecules cm^-2"},"geometry":{"type":"Polygon","coordinates":[[[-83.875,34.375],[-83.825,34.375],[-83.825,34.425],[-83.875,34.425],[-83.875,34.375]]]}},{"type":"Feature","properties":{"layer":"TEMPO NO2","transport":"Westward","timePeriod":"12:00-14:00 EDT Westward","NO2":1.3378619,"unit":"10^15 molecules cm^-2"},"geometry":{"type":"Polygon","coordinates":[[[-83.825,34.375],[-83.775,34.375],[-83.775,34.425],[-83.825,34.425],[-83.825,34.375]]]}},{"type":"Feature","properties":{"layer":"TEMPO NO2","transport":"Westward","timePeriod":"12:00-14:00 EDT Westward","NO2":1.78311753,"unit":"10^15 molecules cm^-2"},"geometry":{"type":"Polygon","coordinates":[[[-84.975,34.425],[-84.925,34.425],[-84.925,34.475],[-84.975,34.475],[-84.975,34.425]]]}},{"type":"Feature","properties":{"layer":"TEMPO NO2","transport":"Westward","timePeriod":"12:00-14:00 EDT Westward","NO2":1.51431894,"unit":"10^15 molecules cm^-2"},"geometry":{"type":"Polygon","coordinates":[[[-84.925,34.425],[-84.875,34.425],[-84.875,34.475],[-84.925,34.475],[-84.925,34.425]]]}},{"type":"Feature","properties":{"layer":"TEMPO NO2","transport":"Westward","timePeriod":"12:00-14:00 EDT Westward","NO2":1.3893348,"unit":"10^15 molecules cm^-2"},"geometry":{"type":"Polygon","coordinates":[[[-84.875,34.425],[-84.825,34.425],[-84.825,34.475],[-84.875,34.475],[-84.875,34.425]]]}},{"type":"Feature","properties":{"layer":"TEMPO NO2","transport":"Westward","timePeriod":"12:00-14:00 EDT Westward","NO2":1.37450767,"unit":"10^15 molecules cm^-2"},"geometry":{"type":"Polygon","coordinates":[[[-84.825,34.425],[-84.775,34.425],[-84.775,34.475],[-84.825,34.475],[-84.825,34.425]]]}},{"type":"Feature","properties":{"layer":"TEMPO NO2","transport":"Westward","timePeriod":"12:00-14:00 EDT Westward","NO2":1.30268133,"unit":"10^15 molecules cm^-2"},"geometry":{"type":"Polygon","coordinates":[[[-84.775,34.425],[-84.725,34.425],[-84.725,34.475],[-84.775,34.475],[-84.775,34.425]]]}},{"type":"Feature","properties":{"layer":"TEMPO NO2","transport":"Westward","timePeriod":"12:00-14:00 EDT Westward","NO2":1.37616813,"unit":"10^15 molecules cm^-2"},"geometry":{"type":"Polygon","coordinates":[[[-84.725,34.425],[-84.675,34.425],[-84.675,34.475],[-84.725,34.475],[-84.725,34.425]]]}},{"type":"Feature","properties":{"layer":"TEMPO NO2","transport":"Westward","timePeriod":"12:00-14:00 EDT Westward","NO2":1.40976918,"unit":"10^15 molecules cm^-2"},"geometry":{"type":"Polygon","coordinates":[[[-84.675,34.425],[-84.625,34.425],[-84.625,34.475],[-84.675,34.475],[-84.675,34.425]]]}},{"type":"Feature","properties":{"layer":"TEMPO NO2","transport":"Westward","timePeriod":"12:00-14:00 EDT Westward","NO2":1.40634954,"unit":"10^15 molecules cm^-2"},"geometry":{"type":"Polygon","coordinates":[[[-84.625,34.425],[-84.575,34.425],[-84.575,34.475],[-84.625,34.475],[-84.625,34.425]]]}},{"type":"Feature","properties":{"layer":"TEMPO NO2","transport":"Westward","timePeriod":"12:00-14:00 EDT Westward","NO2":1.30645096,"unit":"10^15 molecules cm^-2"},"geometry":{"type":"Polygon","coordinates":[[[-84.575,34.425],[-84.525,34.425],[-84.525,34.475],[-84.575,34.475],[-84.575,34.425]]]}},{"type":"Feature","properties":{"layer":"TEMPO NO2","transport":"Westward","timePeriod":"12:00-14:00 EDT Westward","NO2":1.20352876,"unit":"10^15 molecules cm^-2"},"geometry":{"type":"Polygon","coordinates":[[[-84.525,34.425],[-84.475,34.425],[-84.475,34.475],[-84.525,34.475],[-84.525,34.425]]]}},{"type":"Feature","properties":{"layer":"TEMPO NO2","transport":"Westward","timePeriod":"12:00-14:00 EDT Westward","NO2":1.31644666,"unit":"10^15 molecules cm^-2"},"geometry":{"type":"Polygon","coordinates":[[[-84.475,34.425],[-84.425,34.425],[-84.425,34.475],[-84.475,34.475],[-84.475,34.425]]]}},{"type":"Feature","properties":{"layer":"TEMPO NO2","transport":"Westward","timePeriod":"12:00-14:00 EDT Westward","NO2":1.28880346,"unit":"10^15 molecules cm^-2"},"geometry":{"type":"Polygon","coordinates":[[[-84.425,34.425],[-84.375,34.425],[-84.375,34.475],[-84.425,34.475],[-84.425,34.425]]]}},{"type":"Feature","properties":{"layer":"TEMPO NO2","transport":"Westward","timePeriod":"12:00-14:00 EDT Westward","NO2":1.45496953,"unit":"10^15 molecules cm^-2"},"geometry":{"type":"Polygon","coordinates":[[[-84.375,34.425],[-84.325,34.425],[-84.325,34.475],[-84.375,34.475],[-84.375,34.425]]]}},{"type":"Feature","properties":{"layer":"TEMPO NO2","transport":"Westward","timePeriod":"12:00-14:00 EDT Westward","NO2":1.32606971,"unit":"10^15 molecules cm^-2"},"geometry":{"type":"Polygon","coordinates":[[[-84.325,34.425],[-84.275,34.425],[-84.275,34.475],[-84.325,34.475],[-84.325,34.425]]]}},{"type":"Feature","properties":{"layer":"TEMPO NO2","transport":"Westward","timePeriod":"12:00-14:00 EDT Westward","NO2":1.37622964,"unit":"10^15 molecules cm^-2"},"geometry":{"type":"Polygon","coordinates":[[[-84.275,34.425],[-84.225,34.425],[-84.225,34.475],[-84.275,34.475],[-84.275,34.425]]]}},{"type":"Feature","properties":{"layer":"TEMPO NO2","transport":"Westward","timePeriod":"12:00-14:00 EDT Westward","NO2":1.2331996,"unit":"10^15 molecules cm^-2"},"geometry":{"type":"Polygon","coordinates":[[[-84.225,34.425],[-84.175,34.425],[-84.175,34.475],[-84.225,34.475],[-84.225,34.425]]]}},{"type":"Feature","properties":{"layer":"TEMPO NO2","transport":"Westward","timePeriod":"12:00-14:00 EDT Westward","NO2":1.24291492,"unit":"10^15 molecules cm^-2"},"geometry":{"type":"Polygon","coordinates":[[[-84.175,34.425],[-84.125,34.425],[-84.125,34.475],[-84.175,34.475],[-84.175,34.425]]]}},{"type":"Feature","properties":{"layer":"TEMPO NO2","transport":"Westward","timePeriod":"12:00-14:00 EDT Westward","NO2":1.25996888,"unit":"10^15 molecules cm^-2"},"geometry":{"type":"Polygon","coordinates":[[[-84.125,34.425],[-84.075,34.425],[-84.075,34.475],[-84.125,34.475],[-84.125,34.425]]]}},{"type":"Feature","properties":{"layer":"TEMPO NO2","transport":"Westward","timePeriod":"12:00-14:00 EDT Westward","NO2":1.16097236,"unit":"10^15 molecules cm^-2"},"geometry":{"type":"Polygon","coordinates":[[[-84.075,34.425],[-84.025,34.425],[-84.025,34.475],[-84.075,34.475],[-84.075,34.425]]]}},{"type":"Feature","properties":{"layer":"TEMPO NO2","transport":"Westward","timePeriod":"12:00-14:00 EDT Westward","NO2":1.40039551,"unit":"10^15 molecules cm^-2"},"geometry":{"type":"Polygon","coordinates":[[[-84.025,34.425],[-83.975,34.425],[-83.975,34.475],[-84.025,34.475],[-84.025,34.425]]]}},{"type":"Feature","properties":{"layer":"TEMPO NO2","transport":"Westward","timePeriod":"12:00-14:00 EDT Westward","NO2":1.24285722,"unit":"10^15 molecules cm^-2"},"geometry":{"type":"Polygon","coordinates":[[[-83.975,34.425],[-83.925,34.425],[-83.925,34.475],[-83.975,34.475],[-83.975,34.425]]]}},{"type":"Feature","properties":{"layer":"TEMPO NO2","transport":"Westward","timePeriod":"12:00-14:00 EDT Westward","NO2":1.28335392,"unit":"10^15 molecules cm^-2"},"geometry":{"type":"Polygon","coordinates":[[[-83.925,34.425],[-83.875,34.425],[-83.875,34.475],[-83.925,34.475],[-83.925,34.425]]]}},{"type":"Feature","properties":{"layer":"TEMPO NO2","transport":"Westward","timePeriod":"12:00-14:00 EDT Westward","NO2":1.26407826,"unit":"10^15 molecules cm^-2"},"geometry":{"type":"Polygon","coordinates":[[[-83.875,34.425],[-83.825,34.425],[-83.825,34.475],[-83.875,34.475],[-83.875,34.425]]]}},{"type":"Feature","properties":{"layer":"TEMPO NO2","transport":"Westward","timePeriod":"12:00-14:00 EDT Westward","NO2":1.23078477,"unit":"10^15 molecules cm^-2"},"geometry":{"type":"Polygon","coordinates":[[[-83.825,34.425],[-83.775,34.425],[-83.775,34.475],[-83.825,34.475],[-83.825,34.425]]]}}]}